Rk,Gls/90,Ast/90,Sh/90,SoT/90,G/Sh,G/SoT,Fls/90,Fld/90,Off/90,Int/90,TklW/90
1,0.1653474632513962,1.0881480820498162,0.6541129565134569,0.6596190527241557,0.1452669128515235,0.017640044958149356,-0.5276133857237161,1.4929033307158734,0.2121425948902854,-0.22486562132975307,0.13840198546861493
25,-0.14256980904667987,0.18528806103162634,-0.7626889339018934,-0.2535442300670184,1.617278646610576,0.43810705407778944,1.5617624093712794,-0.5013463386486158,-0.4912349644079165,1.7347142629782555,0.56540217666233
34,0.8474712024934828,-0.02181088121575732,0.5669813745042779,1.0020552837708459,0.9481824039928246,0.43810705407778944,2.650882133182229,1.5352902267805226,1.424768344339337,-0.5067022282338485,0.9187035400053511
40,-0.8290738915473084,-0.9284440283876372,-0.4003891065799092,-0.3962259930031393,-1.0591063238604284,-1.103605312694224,-0.36618620255887413,-0.9117539237320581,-0.32627850923486196,0.9156023794605247,1.5174026029302845
55,-0.8290738915473084,-0.9284440283876372,-0.5604377999950574,-0.9384166921603989,-1.0591063238604284,-1.103605312694224,-0.5212191921048492,-0.18561775344422132,-0.7595641314894185,1.6352559842372765,0.5179149007186118
57,-0.8290738915473084,1.1030858013863898,-0.2770282517954609,-0.5959804611137086,-1.0591063238604284,-1.103605312694224,1.0770923906260461,-0.06473660540800054,-0.7595641314894185,1.0381799133145266,1.9396827295162857
60,-0.8290738915473084,-0.38265989501551056,-0.774417114050028,-0.6815895188753812,-1.0591063238604284,-1.103605312694224,0.2548323170108887,-1.1761214888454932,-0.7595641314894185,0.03980839816883911,0.4253653581190892
77,-0.6116441419450194,-0.5757025145361984,-0.45607998764658636,-0.28208058265424263,-0.5238293297662274,-0.5897011904368861,0.15720269484614208,-1.0566616529592399,0.09028869672691413,0.937461169715883,-0.6448467754741845
84,-0.8290738915473084,-0.9284440283876372,-1.3520299863456544,-1.1096348076837441,-1.0591063238604284,-1.103605312694224,-1.8607535691527495,-1.1425182347560017,-0.7595641314894185,-1.5889547987455752,-1.7401869450188703
111,-0.6342016952178793,-0.6122981759155983,-0.48211503804105976,-0.6245168137009328,-0.5238293297662274,-0.30938985102379274,0.8223538319079985,0.11832194335133871,-0.7595641314894185,1.555919385498395,0.7686085185588235
113,-0.8290738915473084,-0.5845486967017517,-0.7697092975360197,-0.7386622240498295,-1.0591063238604284,-1.103605312694224,-0.13514219118635512,-0.915549336019588,-0.7595641314894185,0.7372662436187107,-0.19770686648554908
114,-0.09803981450609851,0.2575301425074705,0.028620890027999675,-0.33915328782869086,-0.12237158419557678,0.2979513843712427,1.012937954709501,1.9641997912833475,-0.4738298292458731,0.8295384455376121,1.3287391155973218
117,-0.6088111810381491,-0.9284440283876372,-0.7847652273973438,-1.0240257499220715,-0.12237158419557678,3.568250344190665,0.9945795994270473,0.7143927373929776,-0.7595641314894185,0.18836009039556115,0.8489070279439757
131,0.9622016614675768,-0.20193667204460758,0.7623773988292295,1.0591279889452945,0.9481824039928246,0.531544167215487,-0.2239103616540806,0.9698321908028491,0.8157590911446975,-0.43264079404871925,-0.4242070614102714
143,-0.8290738915473084,-0.3799309743486498,-1.3520299863456544,-1.1096348076837441,-1.0591063238604284,-1.103605312694224,-1.8386788453362297,-1.502324292796473,-0.7595641314894185,-1.4798276645523092,-1.7401869450188703
148,-0.2881086745368131,-0.9284440283876372,0.1340524114965332,-0.4247623455903635,-0.2561908327191271,0.43810705407778944,2.0450008981168044,-0.4027064803289268,0.5090961704719228,-0.3667308957809985,2.347622567721898
150,0.23581826792217048,0.7991561418138976,0.29348447976897274,0.2315737639157928,-0.2561908327191271,-0.30938985102379274,-0.1266420630413717,-1.1966954143753017,1.3215715344576635,-1.417101044110511,-1.1441225657915783
153,0.45486254123076575,-0.23412370681929892,2.028102049885587,1.7725368036258993,-0.12237158419557678,-0.21595273788609504,0.2451937114021473,0.18148495905492745,1.2478097640190327,-0.8982767342312349,-1.261071906019718
181,0.11887917564398016,0.6094430390113927,0.8723193971068023,0.2315737639157928,-0.12237158419557678,0.2979513843712427,0.21124465075920965,0.5630061361162781,-0.7595641314894185,1.0627325741749016,0.47068268587675094
208,-0.8290738915473084,-0.9284440283876372,-0.09007142839542698,-0.795734929224278,-1.0591063238604284,-1.103605312694224,1.2888936188709685,0.5563372185395888,-0.7595641314894185,1.7323058071364266,0.4197365595995913
210,-0.2632106938375852,-0.9284440283876372,-0.08901539612935983,-0.02525340936922483,0.011447664327973348,-0.07579706817954837,0.38705059520443896,0.40705391713671446,-0.09603886895733624,0.2374407526061533,-0.39405410532041496
230,1.3422314519581198,-0.42522104303076813,1.736874080270131,1.6298550406897783,0.5467246584221741,0.43810705407778944,-0.44243568724119275,0.14717771125418683,-0.03212129779598879,-1.2886048881219079,-1.3061263018889044
233,1.7106689113188662,-0.9284440283876372,0.7192409613510565,0.7737644630730526,1.751097895134126,1.5593524117301623,2.1973337653176266,-0.9679644350806555,2.466684680227607,-1.0766208353969096,-1.384787056934992
238,-0.5892843450001031,-0.9284440283876372,-0.8579866359991825,-0.9954893973348473,0.011447664327973348,3.568250344190665,-0.03476163927089469,0.7435871808524428,-0.5721143232800004,0.1137380751919049,0.4073357829773304
268,-0.34259437984722274,-0.13921661250420225,0.4020016208196973,0.3171828216774654,-0.3900100812426772,-0.44954552073033943,0.8183873717442827,3.256625125382895,-0.7595641314894185,-0.17579766530760127,0.30208399459981855
288,-0.505530101469261,-0.40355115370918043,-0.629875711078443,-0.7101258714626053,0.011447664327973348,0.43810705407778944,-0.1951153175426259,-0.9561669061142062,-0.5066414237618784,2.170448867242528,1.519629253338999
294,-0.8290738915473084,-0.5888074624192239,-0.8488093601413531,-0.8528076343987263,-1.0591063238604284,-1.103605312694224,0.13872889666348884,-0.8730203508616937,-0.5959082617833631,0.16789070529461692,0.662063227300409
296,-0.19710518008644937,2.1473301064104224,-0.04997181066616747,0.2315737639157928,0.011447664327973348,-0.1692341813172461,2.3568252833929013,-0.5106895937306776,0.7225156605214944,-0.9770269434562343,0.7359870415842257
308,2.6685460460205492,-0.29796925363018045,1.5171125741434832,1.6869277458642267,1.751097895134126,1.3724781854547672,1.584087431026744,-0.45250903694094113,1.9746175537720931,-1.4635213111671086,-1.1963638404077634
315,-0.5070707861839183,0.1163427412104338,-0.5227429339783621,-0.28208058265424263,-0.12237158419557678,-0.30938985102379274,-0.20339732070611108,-0.8028516970903936,-0.7595641314894185,0.6975184891133267,-0.5686365996566572
335,-0.8290738915473084,-0.9284440283876372,-1.3520299863456544,-1.1096348076837441,-1.0591063238604284,-1.103605312694224,0.8454440542798521,1.221120002273997,-0.7595641314894185,-0.8427863598172622,1.333110805142359
336,-0.6109427556559797,-0.22068524898249228,-0.6778998663567587,-0.7386622240498295,-0.2561908327191271,0.06435860152699828,0.4725210019912154,-0.04904990896237844,0.94562444641561,0.5231832824144075,0.8848998089813243
356,-0.49760010661440685,-0.39068613227098287,-0.49835213832050057,-0.5389077559392602,-0.12237158419557678,0.06435860152699828,-0.7151763985438181,-0.05579749530112014,-0.500442337788164,1.0857298628540761,-0.4414094128299917
364,0.780941635269642,2.2639599898286913,1.074402500210497,1.0020552837708459,0.2790861613750738,0.25123282780239375,-0.972703392336498,0.5431228818598531,1.6177754996109788,-0.02999573884177847,-0.3383318309102393
370,-0.8290738915473084,0.1366298629502022,-0.6757182154830084,-1.1096348076837441,-1.0591063238604284,-1.103605312694224,1.4090202466469495,1.6024508232635384,-0.24635203522673996,0.953813376631491,1.0158874298063503
383,1.3828165985656982,-0.41581500592129383,0.6010572771735759,1.2874188096430879,1.4834593980870256,0.7184183934908828,1.0158373879968439,1.2532391053036067,1.2165422578584653,-1.5889547987455752,-1.5633173745472206
386,-0.3244421592613987,1.527584571786933,2.8067826941828558,1.6583913932770025,-0.7914678268133278,-0.7298568601434329,-0.3638456805001943,0.007843631877713492,0.029403717989027533,-0.9374495199798094,0.09582479025026949
390,-0.8290738915473084,0.03385957518953347,0.37928859666676257,-0.11086246713089747,-1.0591063238604284,-1.103605312694224,-1.7665164440880747,-1.5843853235776335,1.0952023918458758,-0.44024812302698824,-1.2421594702697516
393,1.2515615584930582,0.19671095425643928,1.5653593363413323,0.8023008156602768,0.5467246584221741,1.045448289472825,2.088169246913554,2.203046866322067,-0.48848287038656774,-0.13392634283536503,0.8802037682764936
394,-0.5719611458198868,-0.09420364201655385,-0.6457170596145766,-0.45329869817758767,-0.2561908327191271,-0.30938985102379274,-0.6977037984902347,-0.08669350703934862,-0.15658870280056802,1.149596857815467,0.7783550375527196
396,-0.1147712282411966,-0.542167229768632,-0.9432265098265666,-0.3962259930031393,2.9554711318460773,0.9052926197662783,0.019225257287004006,-0.9487012823151248,-0.38730465321437696,0.4859977528165205,0.2589374254529452
410,-0.5519400713575054,-0.02924230045487103,-0.8762095464627818,-0.7671985766370538,0.2790861613750738,0.43810705407778944,0.8883336208936121,-0.7099645037783855,-0.10963569810758372,0.2000146142587817,0.27641610847346365
426,-0.17678464274044114,-0.5757025145361984,-0.34408623780920283,-0.45329869817758767,0.41290540989862395,0.9052926197662783,1.3875195635053328,1.3180948648235304,-0.7595641314894185,2.55156026067737,1.1198679421255873
429,-0.4712926633657639,0.23243016005466405,0.6136874711175568,0.08889200097967187,-0.6576485782897777,-0.49626407729918837,0.6975005789663161,-0.7160146274807001,0.3591839302048861,-0.0877349632826597,0.1623307098428432
435,2.3056583262287407,-0.5651903502161223,1.45436527034101,2.0864366820853655,0.8143631554692747,0.25123282780239375,0.9163733851595204,0.42638165582827847,3.7913696227869167,-1.2276066722778078,-1.4895241100458039
458,-0.8290738915473084,-0.9284440283876372,-0.8029074786970419,-0.9098803395731747,-1.0591063238604284,-1.103605312694224,-0.38313917314607004,-0.8081323297017938,-0.7595641314894185,0.18067440438846413,1.072995277212639
489,1.2988487278121574,-0.1612929038575851,0.758882510589271,0.6881554053113799,1.2158209010399252,1.2323225157482203,1.1427467319434168,0.4814867800040216,0.16457653136120887,0.700425638875385,1.2375297746349523
490,-0.2235158128042167,0.05396741168219076,-0.3123268162135268,-0.2535442300670184,0.2790861613750738,0.2979513843712427,0.46423102386079407,-0.11463551854192856,-0.1283898519066616,-0.025342129707737412,0.06757845586151341
493,-0.8290738915473084,-0.9284440283876372,-0.5591506582286335,-0.28208058265424263,-1.0591063238604284,-1.103605312694224,-0.25450334022712845,-0.70373035909689,-0.5017063465379263,1.392079110924124,0.47542796703574625
496,1.805496970516792,-0.9284440283876372,2.4174566153238555,2.971063612289315,0.5467246584221741,0.15779571466469614,2.041025536598331,0.1207789523945261,2.3297060843255357,-0.7386134933435042,-0.6341778777188791
518,-0.17256270585495975,-0.9284440283876372,-0.75086396780108,-0.653053166288157,1.4834593980870256,1.6995080814367092,-0.6960558972369145,-0.6283344795252817,-0.4174227339809661,1.0244458259475209,-0.392772806215429
532,0.5369998887822252,5.720199050872814,1.872975217304926,0.7737644630730526,-0.12237158419557678,0.3446699409400916,-0.19511531754262612,1.233872299209686,-0.49259016222145946,-0.8173487993992515,-0.21089045690036387
541,0.40039251074927185,-0.9284440283876372,1.2866106348230026,0.9735189311836218,0.011447664327973348,0.06435860152699828,0.8484170810564875,1.6980559076687738,-0.2790109868070922,0.5935878851197401,1.7007301532477692
544,0.8614424116104894,2.728309665205611,1.0667239163922813,0.5454736423752589,0.5467246584221741,0.9052926197662783,-1.1371931773890478,0.05683529204557028,0.5619570163869787,-0.4976834568129175,-1.1093521436699865
559,-0.6247818911657015,-0.265588373959858,-0.6505182804156188,-0.5959804611137086,-0.3900100812426772,-0.30938985102379274,-0.7783585010496835,-0.74146234878626,-0.44016324982744937,0.7848076368783329,-0.9969072697135387
613,-0.6044205622240131,0.5293979757026943,-0.5806001701900337,-0.5389077559392602,-0.3900100812426772,-0.30938985102379274,0.9258441803988359,-0.003142869987171414,0.11852300995669264,0.44131746531518323,0.7747690736477766
614,-0.8290738915473084,-0.9284440283876372,-1.2403951908346726,-1.1096348076837441,-1.0591063238604284,-1.103605312694224,-0.094775663831173,-1.4265756489984793,-0.2512867669215734,1.558943302983245,0.07952882810291005
616,-0.024066128138833322,0.3775394336099515,-0.5918501883423032,-0.08232611454367325,1.3496401495634753,0.43810705407778944,-0.11229528590777588,0.1740653360186562,-0.7595641314894185,1.5289633210620182,0.4001454167005572
619,1.6121048855758655,-0.13636741605696961,2.42017826629979,2.485945618306504,0.41290540989862395,0.25123282780239375,-0.0004732937365340198,1.615106129261825,-0.3778973739799897,0.06568044895015127,-0.1687933965324807
628,-0.5958992290427846,0.2064105661757848,-0.3912008498097572,-0.5103714033520361,-0.5238293297662274,-0.30938985102379274,-0.2850750070770325,-0.7920719229319488,-0.030449015419682108,0.36780760747850066,0.2175762315811144
631,0.3572533387388654,0.996163178766704,0.12468292269434827,0.260110116503017,0.8143631554692747,0.578262723784336,-0.42396014179681757,0.07123196411244052,0.1678191301782286,0.7084585526915987,1.0819687452261366
634,-0.8290738915473084,-0.9284440283876372,-0.5826913955952749,-0.7671985766370538,-1.0591063238604284,-1.103605312694224,0.4859048221053897,-0.29909207037873903,-0.7595641314894185,1.698007074545562,-0.2581051828136612
639,-0.8290738915473084,-0.9284440283876372,-1.3520299863456544,-1.1096348076837441,-1.0591063238604284,-1.103605312694224,-1.9343359818744819,-1.0621787640611595,-0.7595641314894185,-1.5889547987455752,-1.7401869450188703
651,0.032335689679594916,1.1677842036084927,-0.3906908555759271,-0.02525340936922483,0.9481824039928246,0.43810705407778944,0.25907606613639356,0.610877920249582,-0.42287084540625997,-0.0597847654641439,-0.5347701271547608
662,-0.2793124921463986,-0.9284440283876372,2.046024277013006,1.4301005725792086,-0.6576485782897777,-0.6831383035745839,1.9541655034203171,0.9508335135639007,1.3892507431063494,-1.4115123041223787,-1.2786005050074918
672,-0.8290738915473084,-0.21376903941175793,-0.48222402262491143,-0.45329869817758767,-1.0591063238604284,-1.103605312694224,-0.9995756899697386,-0.9963258196084073,-0.7595641314894185,0.25945268596120663,-1.185381093669689
682,1.0235467146530177,0.5743314621301361,0.19862320061510425,0.3457191742646896,1.751097895134126,1.3724781854547672,0.16225879156665926,1.1135115788166743,-0.3975035430301316,-0.542530224289602,-0.055080283881440664
691,-0.8290738915473084,-0.9284440283876372,-1.270269291041837,-1.1096348076837441,-1.0591063238604284,-1.103605312694224,-0.8565090913026275,-1.1220696572049,-0.015045174939335519,-0.051952908699578325,0.2589374254529452
692,-0.30891502903721674,0.33735532708694893,1.0146276784871562,1.4015642199919847,-0.5238293297662274,-0.6831383035745839,-0.1683580765529051,0.8143217300255103,1.6801672184362382,-0.3297955580540472,-0.0660484337468323
698,0.037857545969511075,0.4779996999174586,0.582973135844694,0.3457191742646896,-0.5238293297662274,-0.49626407729918837,0.3957737543137098,1.2561888188471424,0.2569905976462717,-1.0293284695493403,-0.8909862508953728
700,-0.2608331173766201,-0.9284440283876372,-0.8642140731884236,-0.6245168137009328,1.617278646610576,1.2323225157482203,-0.728573756602397,-0.9637556790142371,-0.7595641314894185,0.5202251058301497,-1.263084994418874
716,-0.8290738915473084,2.2667776456258806,-0.5629995870059007,-0.4247623455903635,-1.0591063238604284,-1.103605312694224,-0.6341418930050364,-0.6283344795252818,0.010254012904599253,-0.21162203708299765,0.648410846496321
730,-0.8290738915473084,0.8938584767252774,-0.6577431518055958,-0.7386622240498295,-1.0591063238604284,-1.103605312694224,-0.154668325348862,-0.22124527737895924,-0.4083292749109741,0.7313563601810056,-0.5455828361522133
733,-0.8290738915473084,-0.9284440283876372,-0.9344034132110468,-0.48183505076481187,-1.0591063238604284,-1.103605312694224,-1.2461551434697908,-1.112091621240021,-0.3792702759854193,0.2952547125050567,-0.37867298527307774
745,0.8785183338646086,1.8418239213042178,0.9347918853338483,1.0591279889452945,0.6805439069457244,0.43810705407778944,0.2880015336606671,3.4719004114231455,0.041357776314458625,-0.2662016570090204,-0.21089045690036387
750,-0.31288570737698845,-0.09101951840445044,0.24323976324638863,-0.02525340936922483,-0.2561908327191271,-0.1692341813172461,0.40232689539579775,-0.20626114251998134,-0.7595641314894185,-0.5893169282729117,2.5937926062330043
753,-0.8290738915473084,-0.9284440283876372,-1.3520299863456544,-1.1096348076837441,-1.0591063238604284,-1.103605312694224,-1.9343359818744819,-1.3913005452690212,-0.7595641314894185,-1.5247623668671835,-1.7401869450188703
755,0.8509423103486394,1.797086674911678,0.4507679535832414,0.830837168247501,1.082001652516375,0.578262723784336,0.7987250620755769,3.206755604018054,1.538733516991272,0.580031719381446,1.7862187768071884
773,-0.8290738915473084,-0.9284440283876372,-1.3520299863456544,-1.1096348076837441,-1.0591063238604284,-1.103605312694224,-1.9343359818744819,-1.2092491828637584,-0.7595641314894185,-1.5889547987455752,-1.6861153906175375
775,-0.6144051546383817,-0.9284440283876372,-0.5043143328146447,-0.824271281811502,-0.5238293297662274,0.43810705407778944,-1.0840503237566859,-0.9591584223878415,-0.5917519222352727,0.4896572811261536,-0.41843783743073265
800,-0.2608331173766201,1.837168008783727,0.8919232141776068,0.3457191742646896,-0.5238293297662274,-0.30938985102379274,-0.8089579049538692,0.898133254675952,-0.3153553422872682,-1.0387339540736469,-0.7859830438188778
806,-0.8290738915473084,-0.9284440283876372,-0.9446609079897915,-0.9384166921603989,-1.0591063238604284,-1.103605312694224,-1.3749375225864582,-0.9125406271236904,-0.14130862371098707,-0.05734589778745923,0.14125018181113425
808,2.890061975399847,1.265608187768312,2.421226101925525,1.601318688102554,1.2158209010399252,1.6060709682990113,1.4136637969643406,-0.5996529542037112,1.883478164263376,-1.1524462619725122,-1.0778104036025422
812,-0.8290738915473084,-0.1821677643890149,-0.009374758703371884,-0.33915328782869086,-1.0591063238604284,-1.103605312694224,-0.8931698698935069,1.2068061995910806,-0.04036894897165123,-1.1435379244873476,-0.3240271868887227
842,-0.8290738915473084,-0.9284440283876372,-0.9958944423842405,-1.0240257499220715,-1.0591063238604284,-1.103605312694224,-1.1714263039620423,-0.980255035618172,-0.7595641314894185,0.8881641982794757,-0.1727753220354471
848,0.5011684453637456,-0.5687633372145307,1.3886957473796915,1.0305916363580703,0.011447664327973348,0.11107715809584721,-0.30346021138624996,0.40660361996526945,4.093234837761614,-1.1596021396245295,-1.429940321404665
850,1.5258741924536037,0.16312423835661605,1.9403633857394156,1.4301005725792086,0.5467246584221741,0.7184183934908828,-0.6017987564659955,1.518419820386632,-0.4965748483299364,-0.39452845434167133,-0.5161791215061106
873,0.9608845470903599,5.847305462682206,1.5504746969398682,0.9164462260091734,-0.2561908327191271,-0.1225156247483973,-0.5838822895697466,0.10510648662272315,-0.13767182660640803,-0.24091372929935093,0.20797935326444747
874,-0.2235158128042167,0.38143789170546677,-0.38164036088900205,-0.4247623455903635,0.41290540989862395,0.6716998369220338,0.8639921914833399,0.816206024647351,-0.7595641314894185,0.7564642048111816,2.044821863074433
878,1.1252802161495674,0.3397942468470155,1.0639276691058785,1.4586369251664328,0.41290540989862395,0.11107715809584721,0.0562171484012836,0.5501501591693075,-0.606787120174228,-0.32736943234943927,-0.42746712718304253
893,2.9659627073783597,-0.9284440283876372,1.7281790653042877,1.9437549191492445,1.2158209010399252,0.9052926197662783,3.0437394910345543,0.5927440644939632,0.049530448843069466,-0.9208294873582339,-0.774623473566497
897,1.211204405367275,1.4358363769528255,1.400345144356134,1.2303461044686395,0.6805439069457244,0.6249812803531849,-0.45000110455677733,0.6086249817809578,-0.07601871017404058,-0.6482036419070771,-0.43501149395221383
902,-0.8290738915473084,-0.3540848094986453,-0.8657464791983417,-0.9669530447476231,-1.0591063238604284,-1.103605312694224,0.770106621824791,-0.12361304789205954,-0.4828057759132096,2.7532767188922245,-0.6502629426883381
913,0.5055442425246373,0.5150113769781187,0.1756040574888313,0.0032829432179993876,0.9481824039928246,1.2323225157482203,0.834686391601236,-0.18070979705778817,3.0658918228896264,-1.0146014608862817,-0.24610452077151365
928,-0.8290738915473084,0.01726813374854788,-0.3511663024540948,-0.6245168137009328,-1.0591063238604284,-1.103605312694224,-0.6149272020365222,1.3867899288436836,1.0632236586849226,-0.4600534105393775,-0.2718645625688819
940,0.727980598203295,0.875875228319558,1.9705740589943517,0.8593735208347248,0.011447664327973348,0.43810705407778944,0.7088217382614306,0.7910655674559509,4.456966715391097,-0.7274247919566349,-0.8063854298642723
944,-0.3167962239237333,-0.09736364348008064,-0.38452842525048014,-0.2535442300670184,0.1452669128515235,0.06435860152699828,1.689040402150218,1.275317264250676,-0.3591031775874799,1.3872397701616732,0.2670146956366693
947,-0.24863910934720618,0.4840359390947334,0.09299380447460585,-0.2535442300670184,-0.12237158419557678,0.25123282780239375,-0.21004425028367202,0.599212920384569,-0.7595641314894185,1.1275146361082509,-0.03449628042746745
967,-0.34949479845289766,2.1836867746704467,1.3652084405599412,0.3171828216774654,-0.6576485782897777,-0.44954552073033943,-0.7131810473436043,1.0927830565169543,-0.009764898651746259,-0.9697937536774005,0.004675271478042642
968,-0.4722366771604382,1.0977255643685162,0.026468280122403934,-0.05378976195644904,-0.5238293297662274,-0.44954552073033943,0.03433331891276404,0.23438158555625999,-0.7595641314894185,1.6934972587827357,1.8550720811383576
978,-0.8290738915473084,-0.9284440283876372,-0.6727203796192555,-0.653053166288157,-1.0591063238604284,-1.103605312694224,-0.407892313710885,-0.9732925411647385,-0.47838941917529143,0.7328991202600794,0.4744458682272116
990,2.1195010558209435,0.347167725191403,1.4492245335694431,1.5442459829281057,1.2158209010399252,0.9520111763351272,-0.4883560109474157,0.3717206427174642,0.008762117275928768,-0.8276026997227908,-0.859952338485544
1014,-0.6137214962405826,-0.5790726563882822,-0.6495129292446998,-0.48183505076481187,-0.3900100812426772,-0.44954552073033943,2.2697037768130297,0.9767551275541178,-0.5912174884478393,0.9133234375331303,2.3582302357191014
1015,1.0668322428352688,-0.9284440283876372,0.8180669731201571,0.48840093720081074,0.9481824039928246,1.2323225157482203,-0.8615456655576361,-0.3573044894668268,0.7225156605214944,0.6547806706486745,1.4434653234708246
1016,-0.8290738915473084,-0.9284440283876372,-0.984624330233563,-0.7386622240498295,-1.0591063238604284,-1.103605312694224,-0.6024011693165418,-0.4417633759918588,-0.7595641314894185,0.20680816899170948,-0.4226205877712015
1017,0.6035670433321811,-0.4636024571681564,0.7141597881965819,0.5740099949624831,0.5467246584221741,0.578262723784336,2.037867145561409,-0.8194096129058012,-0.5355774962561308,0.16817702301039897,2.189165419315279
1027,-0.4404494540397686,-0.9284440283876372,-0.4178905480468655,-0.795734929224278,-0.12237158419557678,1.2323225157482203,1.3641859677204173,0.113429106377405,-0.7595641314894185,1.4214489031376185,1.522751682647771
1032,1.2097397404017947,0.17409477370077955,1.448376542251433,1.744000451038675,-0.2561908327191271,-0.4028269641614906,-0.6845442482088768,1.7145505872227762,0.5685978261753024,-1.2599282634894975,-0.503877535340153
1049,0.18930942360799136,0.06284462349005054,-0.02317242050409006,0.0032829432179993876,0.6805439069457244,0.6716998369220338,0.2554056979168302,0.4918576238975037,-0.7595641314894185,1.3035716497506256,0.2549231194881421
1050,-0.004431792445943564,0.4093926887806246,-0.5733092176592945,-0.2535442300670184,1.3496401495634753,0.7651369500597317,-0.5344754471683538,-1.3842364680138282,-0.7595641314894185,0.6734370077001786,-0.8170140649961133
1051,-0.08188436528971826,2.708106606124985,0.3157075112327673,0.1459647061541203,0.011447664327973348,0.06435860152699828,-0.56025556751285,3.674774660187328,-0.7595641314894185,-0.2625476428053283,-0.1718131295105956
1059,-0.45753184689724297,0.8798407651474857,-0.2037863753755575,0.3171828216774654,-0.2561908327191271,-0.5897011904368861,-0.14733453006098166,-0.5022618407491475,0.4022127018085131,-0.2698355942115932,0.027536948870859362
1063,-0.8290738915473084,1.3103847636082293,-0.7991719514341261,-0.9098803395731747,-1.0591063238604284,-1.103605312694224,0.14799624208746814,-0.5795563752368964,-0.7595641314894185,0.48965728112615386,-0.06654359450142301
1068,-0.8290738915473084,-0.9284440283876372,-0.6363439000560734,-0.824271281811502,-1.0591063238604284,-1.103605312694224,0.09674020489662377,1.5631610625490588,-0.21647324880048807,0.5038943501663712,1.3059674039603295
1070,-0.15286737028418926,0.16858207969033748,-0.48127858135999757,-0.5389077559392602,0.6805439069457244,1.2323225157482203,-0.595136070338953,-0.10728676951675005,-0.7595641314894185,1.030096421892803,0.057692238825448765
1071,-0.37826954403856233,-0.19709328966898745,-0.03622786325621751,-0.16793517230534574,-0.2561908327191271,-0.1692341813172461,-0.5313646459801182,0.603908830586638,-0.7595641314894185,2.0486163410299505,-0.22618342178154882
1086,1.4001783763530842,1.0807612977624992,0.4341267418300516,1.2874188096430879,1.2158209010399252,0.2979513843712427,1.2191959919140478,2.924462521541058,-0.37230518705677457,-0.3098089034398958,1.102035786333244
1099,-0.2902639144452215,0.3827425549724917,-0.7969693297810923,-0.4247623455903635,1.2158209010399252,0.43810705407778944,-0.40991946333660034,-0.27663981312089747,-0.54896315174816,1.0196619548783072,-0.006019562824727348
1103,0.06067153116732195,0.5150113769781187,-0.05354104908634161,0.0032829432179993876,0.5467246584221741,0.43810705407778944,0.0794984715624037,-0.8285600400669474,-0.7595641314894185,0.7084585526915987,-0.12159765208423397
1104,3.0036756216849456,-0.4843039036597122,1.2331968570665517,1.4301005725792086,1.617278646610576,1.2323225157482203,0.7765950131367105,0.4754462182976426,0.09648195620379428,-1.5005927467672222,-1.3570888875195481
1105,4.737260277386904,1.7472294059488864,3.107916234312588,4.026908658016611,1.4834593980870256,0.8118555066285804,-0.5344754471683538,-0.33345497630385007,0.046241446483994565,-1.3227910568107806,-1.3362988100089142
1111,-0.5496497092071765,-0.4751274548016972,-0.15264788581444658,-0.3962259930031393,-0.5238293297662274,-0.30938985102379274,-0.5903927412544115,1.1283760245598935,-0.7595641314894185,1.0264889133244308,0.6840955560326256
1125,-0.8290738915473084,1.7735907205728916,-0.8373000917728524,-0.6815895188753812,-1.0591063238604284,-1.103605312694224,-0.7091706863106623,-1.341840405012628,-0.4991658757502269,1.851506574835217,1.1498444109144401
1129,-0.8290738915473084,-0.9284440283876372,-0.989216900934964,-1.1096348076837441,-1.0591063238604284,-1.103605312694224,0.30762815574080105,-1.3279446023865078,-0.7595641314894185,1.3097347032630466,1.0689992797378784
1132,-0.8290738915473084,0.1366298629502022,-1.0138741009143313,-1.1096348076837441,-1.0591063238604284,-1.103605312694224,-0.6341418930050364,-0.150309057499106,-0.7595641314894185,-1.3770574507974864,0.648410846496321
1133,-0.2608331173766201,-0.006573349330515746,-0.604045586171234,-0.31061693524146666,0.6805439069457244,0.2979513843712427,-0.48742131154798,0.39243502577244377,-0.16728574588655143,1.162149424614066,-0.09683578184110565
1134,0.010934209400665537,0.4343213232620205,0.018096448000306336,-0.05378976195644904,-0.3900100812426772,-0.30938985102379274,1.3928687672821118,0.2505197125228426,2.195389987985755,0.03778508984969083,-1.2699995154420625
1140,-0.8290738915473084,-0.9284440283876372,-1.3520299863456544,-1.1096348076837441,-1.0591063238604284,-1.103605312694224,-1.8309228612925879,-1.362598753898822,-0.7595641314894185,-1.5299671586411072,-1.7401869450188703
1141,-0.5116060411890365,0.6166631660883835,-1.024987205130384,-0.9669530447476231,1.2158209010399252,3.568250344190665,-0.7666901837549732,-1.0450170461427777,-0.5113911459727242,0.05051388397015457,-0.4962873367252965
1145,-0.8290738915473084,-0.18721017157819497,-0.9597996237395027,-1.1096348076837441,-1.0591063238604284,-1.103605312694224,0.0046600290360327935,0.30080051869226276,-0.04522837588055524,-0.5566710969173855,-0.3335958339031157
1147,-0.8290738915473084,-0.3189850794554291,-1.3520299863456544,-1.1096348076837441,-1.0591063238604284,-1.103605312694224,-1.9343359818744819,-1.4020274773972776,-0.7595641314894185,-1.5889547987455752,-1.7401869450188703
1162,-0.8290738915473084,0.4779996999174586,-0.7566444102870855,-0.8528076343987263,-1.0591063238604284,-1.103605312694224,-0.5444459637973149,-0.6725960926758535,-0.3077620296513339,1.8620742312978724,-0.12266181335506526
1164,-0.4892716195557913,0.17409477370077955,-1.1770045783083365,-0.824271281811502,3.3569288774167285,1.2323225157482203,-0.2038551198759519,-0.42975775479749,-0.4939317399564743,1.2626085068070982,0.7324318743385644
1166,0.5723904012259954,0.7767779012672456,0.8737249003188913,1.1162006941197429,0.41290540989862395,0.15779571466469614,1.2377141416737731,-0.5639372724129472,-0.21178334480490155,-0.9104441198237155,-0.46544304592008945
1184,0.16049662737432926,1.2120947190815816,0.34699714533367587,0.2886464690902412,0.2790861613750738,0.2979513843712427,-0.8144475541095797,-0.6236708168713679,-0.24384856158643417,-0.7372308245542326,-1.0939659290029402
1185,-0.8290738915473084,-0.9284440283876372,-0.22419959512613705,-1.1096348076837441,-1.0591063238604284,-1.103605312694224,0.6894026203175749,0.7602155558840862,-0.7595641314894185,0.2817960731389807,-0.00989720417621734
1187,-0.42776438337928524,-0.6029169933496625,-0.18069278478235745,-0.5103714033520361,-0.2561908327191271,0.25123282780239375,-0.23124156279581026,0.2662491984900738,-0.28899280286874296,0.03014214774204741,0.8430534878044522
1188,-0.8290738915473084,-0.9284440283876372,-0.7549433086412041,-0.6245168137009328,-1.0591063238604284,-1.103605312694224,-0.40382179726244866,-0.6465449717929457,-0.15544017817449407,-0.21707082603023414,0.09824590462644851
1190,-0.4693895717265004,1.9891785994793163,0.19185548348707035,0.5740099949624831,-0.5238293297662274,-0.6831383035745839,0.4062109759763665,0.5107899304094349,1.4898335670235978,-0.3119351432924651,-0.6328705383958294
1220,-0.8290738915473084,0.4012845874644533,-0.5076649875716841,-0.9384166921603989,-1.0591063238604284,-1.103605312694224,1.4281573025004395,0.40497299838988626,-0.7595641314894185,1.321102113074845,3.3064914657722007
1227,2.3160727189788273,-0.9284440283876372,2.5179762580350418,2.6286273812426253,0.8143631554692747,0.531544167215487,0.14194295073874122,-0.6938004933944997,3.3381758619257664,-1.250576088068782,-0.5665408029744351
1231,0.1764376642342814,0.29500516277739036,0.33120693035524346,0.48840093720081074,0.2790861613750738,0.15779571466469614,-1.3653716009778152,-0.9742661356136172,-0.5630554106156047,-0.37192356238945135,-0.4738271207497352
1240,-0.20870093626004324,1.0844479130398388,-0.18037671969828753,-0.19647152489256997,0.1452669128515235,0.25123282780239375,0.34739388050584263,0.07189236191367297,-0.5170831869249419,1.6147775812402085,1.1246132996389053
1241,-0.40644481575785896,1.814121241807299,-0.48127858135999757,-0.5674441085264844,0.011447664327973348,0.43810705407778944,0.4570924315818199,-0.25089357338378043,-0.7595641314894185,2.0940859802771445,0.2705989842806972
1252,-0.017626066031565506,-0.4896335851564473,-0.005267813301171998,-0.19647152489256997,0.2790861613750738,0.6716998369220338,-0.40382179726244866,-0.5996529542037112,-0.33667736416897137,0.24438105570128965,0.0009171067040493696
1256,0.7620002761306189,0.7923812391856563,1.8350339796149193,1.2303461044686395,-0.12237158419557678,0.017640044958149356,1.2167226335032333,0.9900783872038625,1.52070765308162,-1.4177749804031976,-0.5527332013033242
1258,-0.5659585136239158,-0.9284440283876372,-0.4033514128204252,-0.653053166288157,-0.3900100812426772,0.06435860152699828,0.671111316832773,-0.307170836711327,-0.7595641314894185,0.7039888769105928,1.5735367196542553
1261,1.675394705723503,0.4259091914617141,2.135753419083862,1.0020552837708459,-0.12237158419557678,0.20451427123354507,1.6872510804790946,0.7119727394342563,3.5911227750995436,-0.9602387992782004,-0.18257015156483591
1263,2.5976483445833622,0.9246406136359685,1.511251660679253,1.601318688102554,1.751097895134126,1.419196742023616,0.5217256319455037,1.4651800095060221,2.0977788909460346,-1.1465474979620653,-0.653275631883969
1264,-0.20584207471494054,-0.4229020430982479,0.36004650886423917,0.3457191742646896,-0.2561908327191271,-0.26267129445494397,2.121173954309477,0.45768641014709,-0.5159657632172715,1.227229309467735,0.26569329890154414
1271,-0.8290738915473084,-0.04374555413120607,0.23966613029479333,-0.4247623455903635,-1.0591063238604284,-1.103605312694224,0.8428066918167073,-0.12846380971833984,1.798218735368124,-1.2369317852189115,-0.6718376846699541
1273,-0.8290738915473084,-0.9284440283876372,-1.3520299863456544,-1.1096348076837441,-1.0591063238604284,-1.103605312694224,-1.9343359818744819,-1.5843853235776335,-0.7595641314894185,-1.5889547987455752,-1.5824782446816492
1274,-0.5145592304946949,0.09204537447559498,-0.16402806946599857,-0.16793517230534574,-0.3900100812426772,-0.44954552073033943,-0.421618473827705,0.6293541114490133,-0.7595641314894185,0.23829023890910753,0.2843526500077802
1284,3.8971007194314806,-0.9284440283876372,1.8937817024897683,2.2576547976087102,1.751097895134126,1.2323225157482203,0.8428066918167069,-0.5255333134981471,0.94562444641561,-0.5328857581655839,-1.1297016533909183
1290,-0.18811984295667422,-0.4085264416208246,-0.031459135182573046,-0.31061693524146666,0.011447664327973348,0.43810705407778944,-0.7556224510713759,0.8268866709398693,-0.258513459308794,1.100434290377562,1.6681148253021139
1300,-0.6347616727935385,-0.9284440283876372,-0.4178905480468655,-0.05378976195644904,-0.5238293297662274,-0.7298568601434329,-0.7248779336896856,0.113429106377405,0.3037287461122804,-0.021036204014745045,0.3807231629644465
1308,-0.8290738915473084,-0.9284440283876372,-0.306578062508215,-0.5674441085264844,-1.0591063238604284,-1.103605312694224,0.7857721661326856,0.5935377682446273,-0.5090387953991062,-0.1408222122946551,1.399038369750457
1312,-0.39836910093385675,1.1677842036084927,-0.8343858390081089,-0.36768964041591506,0.8143631554692747,0.06435860152699828,0.015363616357407442,1.5517050247469597,-0.7595641314894185,0.4962770648200127,0.18847996356370472
1336,-0.6422765099829109,-0.625398142178252,-1.0633831117647736,-0.8813439869859505,0.41290540989862395,0.43810705407778944,-0.56025556751285,0.6824939797693327,-0.6135396952599823,0.7624033413303171,0.7169320326107602
1338,-0.12469209856489273,-0.547532185305007,-0.2635907301135834,-0.4247623455903635,0.41290540989862395,0.9052926197662783,-0.8714789092272366,-1.242464361989466,-0.7595641314894185,1.2150062881647254,-0.16309994164666067
1344,-0.8290738915473084,-0.9284440283876372,-1.3520299863456544,-1.1096348076837441,-1.0591063238604284,-1.103605312694224,-1.7792163010016406,-1.3182414399630598,-0.7595641314894185,-1.5299671586411072,-1.7401869450188703
1350,-0.2902639144452215,-0.4913818339342608,-0.9357344939222328,-0.8813439869859505,1.8849171436576764,3.568250344190665,-0.2574778114828121,0.3772329421074703,0.08283978747561557,-0.28464642193363393,0.22017618267885652
1351,-0.2461372352859988,0.01726813374854788,1.1501292233832445,1.3444915148175363,-0.5238293297662274,-0.636419747005735,0.37462938284194736,0.8208517855253378,0.6075267111413373,0.1043972835637212,-0.10871763118554974
1355,-0.8290738915473084,-0.9284440283876372,-0.8408970861444303,-0.9384166921603989,-1.0591063238604284,-1.103605312694224,-0.24980779126375355,-0.965056789380198,-0.7595641314894185,2.3917834296880187,0.6403217393165406
1360,-0.8290738915473084,-0.9284440283876372,-0.8822604422300785,-0.9384166921603989,-1.0591063238604284,-1.103605312694224,-0.16495542162935692,-1.3946488362223497,-0.7595641314894185,-0.8320035789078936,-0.8650403997949851
1362,-0.36272456653826074,0.5846954310302588,0.7297664761487894,1.0591279889452945,-0.5238293297662274,-0.6831383035745839,-0.2191045680851344,1.8112435363324433,0.3341085426151861,-1.1373942434630961,-0.17397640373888268
1367,0.4467874693265013,-0.9284440283876372,0.509954150101662,-0.02525340936922483,0.5467246584221741,1.2323225157482203,1.3143969571604943,-0.036063988084045005,-0.26087690587568363,-0.7653537859662108,-0.4904198857427794
1384,-0.46355685302670346,-0.33545694294008327,-0.09689282600596887,-0.48183505076481187,-0.3900100812426772,0.06435860152699828,2.3056019619831774,-0.07623664976171643,0.09763877524121758,-1.3530042383277032,-0.10342637935690115
1387,-0.6319291331615594,-0.9284440283876372,-0.9458485729412662,-0.7671985766370538,0.011447664327973348,0.06435860152699828,-0.09370303390811541,0.3774235755638056,-0.7595641314894185,0.19271269828733534,-0.02976022416038024
1393,-0.8290738915473084,-0.9284440283876372,-0.9730679505457642,-0.9384166921603989,-1.0591063238604284,-1.103605312694224,-1.3098680282123023,0.4610528323919379,-0.7595641314894185,-0.16414948583646746,-1.2909277393104663
1418,-0.31288570737698845,-0.5097317733960438,-0.421455965750296,-0.02525340936922483,0.2790861613750738,-0.1692341813172461,0.47534761031049394,-1.1458912659683804,-0.7595641314894185,1.0767461891815275,-0.22329410208071432
1425,-0.03818907135652587,2.2792346502029313,0.4132360198630844,0.4027918794391381,0.011447664327973348,-0.07579706817954837,0.6388969308504273,-0.1447181168906127,2.3317134074027384,-1.206052573506046,0.14125018181113425
1439,-0.6319291331615594,-0.28877865924596097,-0.505818708419846,-0.5389077559392602,-0.5238293297662274,-0.44954552073033943,-0.037926277909134644,-0.6752543703169666,-0.7595641314894185,1.2744393929144597,0.35646516442056914
1447,-0.8290738915473084,-0.9284440283876372,-1.3520299863456544,-1.1096348076837441,-1.0591063238604284,-1.103605312694224,-1.9343359818744819,-1.379232746624733,-0.7595641314894185,-1.5889547987455752,-1.6810461823924125
1454,-0.4840705643722476,-0.9284440283876372,-0.46350814452355565,-0.5389077559392602,-0.12237158419557678,0.06435860152699828,1.0915530310702262,-0.663292120931958,-0.22016774460109315,1.5289633210620177,0.673721733612063
1463,0.20805267480716877,1.090622428197592,-0.06994202808456483,-0.05378976195644904,-0.2561908327191271,-0.30938985102379274,-0.11508982685251008,0.2783497309640393,-0.11096479510836464,0.28562173954365255,1.5107408656134147
1484,-0.8290738915473084,-0.9284440283876372,-1.3520299863456544,-1.1096348076837441,-1.0591063238604284,-1.103605312694224,-1.9343359818744819,-1.3252452263739698,-0.7595641314894185,-1.531519464959646,-1.6903841975439584
1490,-0.8290738915473084,0.2083705913822846,-0.20907477427467144,-0.08232611454367325,-1.0591063238604284,-1.103605312694224,0.5438281771475924,0.456510778751739,-0.7595641314894185,1.2381730300955067,0.024843069117903304
1495,0.0972364115528549,0.5743314621301364,0.2913973229119018,0.060355648392447656,0.2790861613750738,0.43810705407778944,-0.6239642484737684,1.1135115788166743,-0.03544295457084457,-0.5923599659303627,-0.5303667780484079
1499,-0.30891502903721674,-0.9284440283876372,-0.36964378584901597,-0.45329869817758767,0.1452669128515235,0.43810705407778944,-1.0513470292136935,-0.9531466252610165,-0.7595641314894185,0.2578120876019993,0.15231745902778143
1501,-0.8290738915473084,0.1163427412104338,-1.0203151653987375,-1.1096348076837441,-1.0591063238604284,-1.103605312694224,-1.5699278426811407,-1.5843853235776335,-0.7595641314894185,0.07393486515180785,-1.1994714010055414
1508,-0.8290738915473084,-0.18721017157819497,-1.1166917687819633,-1.1096348076837441,-1.0591063238604284,-1.103605312694224,-1.0294711767829081,0.1899072338528568,-0.04522837588055524,-1.2940165982232354,0.05001992367390836
1520,0.3784377535654043,1.030531164608746,0.30654411838893,-0.08232611454367325,0.6805439069457244,1.2323225157482203,0.2862761163349414,0.9067531108504439,-0.28759229296213373,0.7494837911101198,2.3151796350810976
1547,-0.8290738915473084,-0.9284440283876372,-0.16884336385983625,-0.36768964041591506,-1.0591063238604284,-1.103605312694224,-0.10649260853208561,-1.166239943801021,0.9239022989263743,1.0523388951041694,0.9117300542821706
1553,-0.8290738915473084,0.009185123815759932,-0.7070289456155382,-0.8528076343987263,-1.0591063238604284,-1.103605312694224,1.3359934724247344,-1.0232842584073074,-0.5336630805703761,2.14188739589599,2.222749627557452
1561,-0.4787078183539825,0.2083705913822846,-0.26923031175209156,-0.22500787747979417,-0.2561908327191271,-0.30938985102379274,3.3193720352523157,0.5415481163487962,-0.21178334480490155,0.2204070117127172,1.0054152991938887
1573,-0.8290738915473084,-0.3121372260966402,-0.04753349947575675,-0.31061693524146666,-1.0591063238604284,-1.103605312694224,-0.10717719406517268,0.1674793784920783,-0.4625930870228124,0.6181108366238449,1.5557476912421524
1574,-0.3706287923858717,0.5590489995147012,0.6944817903437988,0.060355648392447656,-0.5238293297662274,-0.30938985102379274,0.3354943766603129,0.19592178489499432,-0.7595641314894185,-0.257233839098942,-0.00806427012871447
1584,0.6736072668151785,-0.1158320964780264,0.7979734827547327,0.8023008156602768,0.5467246584221741,0.43810705407778944,0.19137816342000866,0.23919313822592633,0.8066831548826077,-0.7806056565732362,-0.3383318309102395
1586,-0.16612632168150537,0.5055770279234407,-0.32761656871546996,-0.45329869817758767,0.41290540989862395,0.9052926197662783,-0.6213948921337672,0.23919313822592633,-0.7595641314894185,-0.019806463940446502,-0.503255961981843
1587,-0.20870093626004324,-0.9284440283876372,-0.6064324530246028,-0.5959804611137086,0.8143631554692747,1.2323225157482203,1.0494646073920963,0.9753165539998402,-0.7595641314894185,1.8150108549893202,2.2531709717768167
1590,-0.46157034738256975,0.2639756543058136,-0.46865899578049525,-0.48183505076481187,-0.12237158419557678,0.06435860152699828,-0.27073360729618484,-0.1572369621661518,-0.7595641314894185,-0.16555739622471732,0.008322558719884219
1595,-0.46355685302670346,0.2575301425074705,-0.5361908321248587,-0.653053166288157,0.011447664327973348,0.43810705407778944,-0.6933785348917523,0.3673364895959062,-0.4738298292458731,0.652575525224208,0.3057637620585911
1619,-0.8290738915473084,-0.42522104303076813,-1.1390021196824966,-1.1096348076837441,-1.0591063238604284,-1.103605312694224,0.8739469256705328,1.050601903340354,-0.5170831869249419,1.3144276706165416,0.2564920133789731
1623,0.19033292442724312,-0.37717462734342877,1.039983923497691,1.315955162230312,-0.12237158419557678,-0.26267129445494397,0.5652474854567282,2.291864371612848,-0.2282993484235301,-1.0405772399854456,-0.503877535340153
1658,-0.26556845716137584,2.728309665205611,1.4537245408303505,1.9722912717364687,-0.6576485782897777,-0.7298568601434329,-0.34005037290361395,0.33037206131610436,1.4429711149712434,-1.4070762417567988,-0.47851734232110255
1661,-0.8290738915473084,-0.5801817718549468,-1.3520299863456544,-1.1096348076837441,-1.0591063238604284,-1.103605312694224,-1.9343359818744819,-0.6986472135587616,-0.7595641314894185,-1.5889547987455752,-1.7401869450188703
1665,-0.8290738915473084,-0.9284440283876372,-0.9283066749171109,-1.1096348076837441,-1.0591063238604284,-1.103605312694224,-0.6775268886711698,-1.3447910731216912,-0.7595641314894185,0.3227614206984967,-0.22065786147776303
1679,0.04345065201800655,1.902591089232942,-0.07867309303329618,0.0032829432179993876,0.5467246584221741,0.43810705407778944,1.6450923531052728,-0.20787771047430123,0.26354901525359864,0.3823740770037418,0.8238512798185287
1680,2.4694945048581505,-0.9284440283876372,1.6212674940931735,2.6000910286554006,0.6805439069457244,0.06435860152699828,-0.3011653580506661,-0.31677590500686637,3.1083026427829634,-1.0566273148759862,-1.4324626516779513
1689,-0.10970525190569233,-0.9284440283876372,-0.40511356484824973,-0.31061693524146666,0.6805439069457244,0.6716998369220338,-0.8488649289581462,-1.0605915100808663,-0.38466451507058236,2.0486163410299505,-0.12954489902171987
1696,-0.8290738915473084,-0.9284440283876372,-0.8194603196877603,-1.1096348076837441,-1.0591063238604284,-1.103605312694224,0.17187619878427943,0.5236044579567564,-0.7595641314894185,0.6136112124946512,0.8641769137609256
1706,1.7358473960024534,0.2064105661757848,1.5704919706176992,2.029363976910917,0.9481824039928246,0.48482561064663837,-0.4170158850608283,0.00024147771373573645,0.5163873216326202,-1.0621341509160163,-1.0223404469322093
1711,0.5975221448727741,0.9230768291279317,0.01961779647282043,0.3457191742646896,1.3496401495634753,0.8585740631974293,0.5680869992949816,1.7396057966718932,-0.7595641314894185,-0.4838698955226306,-0.382694334521272
1714,-0.8290738915473084,-0.08457779140457974,0.7913580874651931,0.0032829432179993876,-1.0591063238604284,-1.103605312694224,-0.31552290199636995,-0.70065114593437,0.05367965181913368,0.08992418884312903,0.5890492445770089
1721,-0.3354924891654696,2.2745519076064493,0.25811859708281076,-0.05378976195644904,-0.3900100812426772,-0.1692341813172461,1.2775094785339822,3.926282436909036,0.39797264037311925,-0.4737870040698665,0.6081761840901136
1736,1.5229487911070188,1.933363210076644,0.8690170756467456,0.8593735208347248,1.3496401495634753,1.2323225157482203,1.7255892421977714,1.2699113992453295,0.6194144575989959,0.1191220842794543,0.3991658595556054
1754,-0.8290738915473084,-0.9284440283876372,-0.856669187064925,-1.0240257499220715,-1.0591063238604284,-1.103605312694224,-0.8629760526460586,-0.7090676619119248,-0.6186018757159361,0.09887821011026865,-0.7813180469685667
1755,-0.4217205654851885,1.7149923766195303,-0.5127515237088769,-0.4247623455903635,0.011447664327973348,0.06435860152699828,-1.358088171403084,-1.188910476439512,-0.12268646986223918,1.0406146998873347,0.3119262641883423
1768,-0.8290738915473084,-0.9284440283876372,-0.6412125128879753,-0.9098803395731747,-1.0591063238604284,-1.103605312694224,-0.6328783418982633,-0.6912040361636449,-0.7595641314894185,0.04424040686792621,-1.4827033526315707
1770,-0.06643495779191096,0.7212192920303696,0.43748417928902866,0.060355648392447656,-0.12237158419557678,0.15779571466469614,0.36718910776767305,-0.22698481441558532,1.227685714941254,-0.35819764618994615,0.8922439929407581
1775,-0.6417590657126494,-0.32067333139152937,-0.7409763688118601,-0.5674441085264844,-0.3900100812426772,-0.44954552073033943,-0.6624405375985541,-0.31141642503332045,-0.027419451225486613,0.406167322239339,1.6673694611593113
1776,0.23303059211204097,-0.3540848094986453,0.593104042243596,0.830837168247501,0.1452669128515235,-0.029078511610699444,1.1707647853357943,0.22009807579866372,0.3474692908154167,-0.6748007950323542,-0.5511789424764714
1797,-0.3752440115049466,-0.9284440283876372,-0.9624320422804835,-0.7386622240498295,1.617278646610576,1.2323225157482203,0.12004547398059615,-0.8133420813385445,-0.40479335353602325,0.022318323571100432,0.546059986044199
1819,-0.8290738915473084,-0.9284440283876372,-1.246484361498908,-1.1096348076837441,-1.0591063238604284,-1.103605312694224,1.022339147489673,-0.5399722045446856,-0.2790109868070922,-0.0016510286617094302,1.8727760081611013
1821,-0.8290738915473084,-0.9284440283876372,0.11759263810271157,-0.3962259930031393,-1.0591063238604284,-1.103605312694224,0.8102569652146071,1.4626065366510992,-0.5365225875440349,0.7133054163022258,1.134503288976044
1824,0.9661646604786713,-0.9284440283876372,0.6000970572800067,0.1459647061541203,1.082001652516375,1.6995080814367092,0.9438433475950493,0.158503825756742,-0.7595641314894185,0.1493535335365342,0.4370305109640034
1834,-0.17256270585495975,0.1366298629502022,-0.3751352062107212,-0.7386622240498295,0.5467246584221741,2.4002864299694426,0.23265416624126098,-0.20342299327979213,-0.24635203522673996,1.0244458259475209,1.0158874298063507
1839,-0.21987882734630013,0.05986778069161932,1.9950024412268403,0.17450105874134453,-0.6576485782897777,-0.1692341813172461,1.6851232384918127,1.0770535125681024,1.621555053873459,-1.1957038647157885,-1.228699268249505
1842,0.18396958600043561,0.3041695761943567,-0.2214663643917429,0.17450105874134453,0.9481824039928246,0.43810705407778944,0.501875735204597,-0.4779444591125523,0.8242814389991474,0.3728813215827981,1.6620681633796046
1847,-0.5437546842632919,-0.9284440283876372,-0.8131683573812535,-0.6245168137009328,0.1452669128515235,0.06435860152699828,-0.07769957649068637,-1.099636618541244,-0.7595641314894185,1.0816670507098738,0.09642070447788038
1850,0.2979369772245567,0.29047386947677895,1.3569743847208335,0.9449825785963976,-0.12237158419557678,-0.029078511610699444,-0.9777646164919612,-0.39905932340531963,0.7087926994843562,-0.8614405707904701,-0.47851734232110255
1862,-0.8290738915473084,-0.5950014423456995,-1.034430689694351,-0.9384166921603989,-1.0591063238604284,-1.103605312694224,-0.2479791675223176,-0.18760182091958771,-0.7595641314894185,0.20218965305878708,-0.30211368966427166
1864,-0.8290738915473084,0.946814276019157,-1.05433719831637,-1.1096348076837441,-1.0591063238604284,-1.103605312694224,-0.2991712547248737,-1.0232842584073074,-0.7595641314894185,-0.28316003062102757,-0.9314243791869679
1883,0.48394847983738887,0.1366298629502022,0.26360368849288907,0.9164462260091734,0.1452669128515235,-0.26267129445494397,-0.07691585491813098,0.3808303003077561,1.2932842535612956,-0.38820316037307157,0.7096569437146598
1888,-0.30891502903721674,-0.08457779140457974,-0.012412440213874849,-0.22500787747979417,-0.12237158419557678,0.06435860152699828,0.4203012252209538,1.1930649490154805,2.900032893399066,0.08992418884312903,-0.13883706467170348
1899,0.32881398732789546,1.3257192073890232,0.4769455675054969,0.1459647061541203,0.41290540989862395,0.6716998369220338,-0.8205200084838756,-0.17923068691393165,0.3266176338884423,-1.1404871239787295,-1.0272572037684193
1934,2.5519587147682867,-0.014255604989325064,1.5504746969398682,2.6857000864170737,0.6805439069457244,0.06435860152699828,0.9353781142730803,0.8774455998571721,0.5619570163869787,-1.0433191277792464,-0.6362260426583234
1946,-0.6164303314016735,0.7964397893450271,-1.0964635362450423,-0.9384166921603989,0.8143631554692747,1.2323225157482203,-0.9115867232893968,-0.036063988084045005,-0.09464783067110542,0.40141431547122186,0.6998344564249258
1962,-0.6342016952178793,-0.6122981759155983,-0.9170725121933571,-0.6245168137009328,0.011447664327973348,-0.30938985102379274,-0.666258667534541,-0.7803291141945078,-0.15021720451471085,-0.771287510842143,0.005062073122134118
1973,-0.8290738915473084,1.0844479130398388,0.8847626136175005,0.9735189311836218,-1.0591063238604284,-1.103605312694224,-1.583300618431355,-0.07867833676735489,0.21035964676848762,-1.5889547987455752,-0.35119288700297924
1980,2.297892680767693,-0.2943248907703108,0.9968177342322249,1.3444915148175363,2.0187363921812267,1.3724781854547672,0.0562171484012836,-0.2562299120906479,-0.7595641314894185,-0.07505235907021196,-0.09928717272408555
1994,-0.13552874153385294,-0.9284440283876372,-0.2207973918343738,-0.08232611454367325,0.41290540989862395,0.25123282780239375,0.02786169070504759,0.5197436708110894,-0.7595641314894185,0.5376252522001166,1.1713582919759786
2021,1.0418532423822702,0.37237744364158165,1.217776531662081,1.144737046706967,0.6805439069457244,0.531544167215487,0.10735784147160984,0.9455594989245383,0.9119250674056294,0.48144142310294524,-0.69295130641598
2033,0.32093719903622747,0.1909703676102961,0.2670542587523922,0.3457191742646896,0.5467246584221741,0.43810705407778944,0.9939437080720104,-0.5795563752368964,-0.5797653358599766,-0.10423188455148315,0.5771653864668258
2047,0.5565952094017061,-0.02924230045487103,0.2181774652678251,-0.05378976195644904,0.9481824039928246,1.5126338551613139,0.2610737091673692,0.8370877158664377,-0.7595641314894185,0.9156023794605247,2.991074065097759
2049,2.287085192614531,-0.4229020430982479,2.0721230040741325,2.1720457398470376,0.011447664327973348,-0.1692341813172461,-0.7882136086051021,1.2140092744895805,-0.2723673949451246,-0.28144074850368106,-0.6936407307995236
2055,0.7809416352696418,-0.2754522973888428,0.23743686402498895,0.7737644630730526,0.1452669128515235,-0.26267129445494397,1.1403576925693344,1.3463657757495158,0.8136753302681972,-0.6795620138016939,0.738092631708888
2103,-0.8290738915473084,-0.9284440283876372,-1.3520299863456544,-1.1096348076837441,-1.0591063238604284,-1.103605312694224,-1.8147645612016667,-1.2766564581482827,-0.7595641314894185,-1.5889547987455752,-1.7401869450188703
2109,-0.8290738915473084,-0.9284440283876372,-1.3520299863456544,-1.1096348076837441,-1.0591063238604284,-1.103605312694224,-1.9343359818744819,-1.4980052911764121,-0.7595641314894185,-1.5889547987455752,-1.7401869450188703
2117,-0.8290738915473084,-0.9284440283876372,-1.3520299863456544,-1.1096348076837441,-1.0591063238604284,-1.103605312694224,-1.8839901205385599,-1.3252452263739698,-0.7595641314894185,-1.5889547987455752,-1.6903841975439584
2128,-0.24361369997750834,0.02136212579242737,0.9096619746560515,0.260110116503017,-0.5238293297662274,-0.26267129445494397,0.5502649671710265,0.1207789523945261,1.528784176521659,-0.8330958606104011,-0.1016549934633277
2139,-0.8290738915473084,-0.9284440283876372,-1.3087090209234824,-0.9954893973348473,-1.0591063238604284,-1.103605312694224,-1.8629500590847416,-1.4619061731579914,-0.7595641314894185,-1.5889547987455752,-1.6695711090469803
2140,-0.6116441419450194,-0.22296100068475966,-0.15742998808023037,-0.36768964041591506,-0.6576485782897777,-0.49626407729918837,0.034171007980222975,-0.21230377996981042,-0.589593565846152,0.5865700629851248,1.3024246370497015
2144,-0.8290738915473084,-0.08457779140457974,-1.0841064771192983,-0.8813439869859505,-1.0591063238604284,-1.103605312694224,0.27313639977748877,0.18308303170889356,-0.7595641314894185,1.0972515813963515,0.8802037682764936
2179,-0.8290738915473084,-0.9284440283876372,-1.3520299863456544,-1.1096348076837441,-1.0591063238604284,-1.103605312694224,-1.9343359818744819,-1.4378477686112758,-0.7595641314894185,-1.5889547987455752,-1.7401869450188703
2180,0.010934209400665537,1.1157039990868496,-0.19823930479116106,-0.3962259930031393,0.6805439069457244,1.2323225157482203,-0.0330761252135714,-0.157236962166152,-0.10290766049493548,-0.36889988229912574,0.7282970602593707
2195,-0.8290738915473084,-0.9284440283876372,-1.3520299863456544,-1.1096348076837441,-1.0591063238604284,-1.103605312694224,-1.9343359818744819,-0.9633829284769617,-0.7595641314894185,-1.5299671586411072,-1.6890381773419338
2196,1.9197331054572406,0.855338261170045,1.290901107377748,0.7452281104858284,1.3496401495634753,1.8396637511432559,-0.534475447168354,-0.7837899013224121,-0.32980115657026493,-0.16941484176000426,-0.8170140649961134
2202,1.0388999240966668,0.28373951644990375,1.791013759090602,1.4015642199919847,0.2790861613750738,0.3446699409400916,0.0739353929617494,-0.22425774156945374,0.40863135834607067,-0.2625476428053283,-1.321953927549997
2217,-0.04278723891577457,0.6660706635861632,-0.0020278080733182207,-0.02525340936922483,0.2790861613750738,0.3446699409400916,-0.4883560109474157,-1.0595764057911439,-0.605898881736349,0.5047634735670821,0.07529693095611545
2218,-0.6137214962405826,-0.9284440283876372,-0.797411257055427,-0.9384166921603989,-0.12237158419557678,1.2323225157482203,-0.8985580703137906,-1.3230444612172505,-0.7595641314894185,1.3998775390317677,0.36929248624332106
2220,2.58297736253265,1.0844479130398388,1.8966449802674992,2.2861911501959344,1.3496401495634753,0.8585740631974293,0.08411735792349738,0.9000312046593264,1.6652453141553467,-0.888138340623685,-0.35119288700297924
2236,-0.31288570737698845,-0.9284440283876372,-0.4657690143500749,-0.45329869817758767,0.2790861613750738,0.43810705407778944,-1.3501702625569119,-1.459101307117847,1.2580254072531727,-0.4227106165274677,-0.29552709460157883
2237,-0.4217205654851885,-0.9284440283876372,-0.9323907550272655,-0.9384166921603989,-1.0591063238604284,-1.103605312694224,-0.20559255046028801,-0.6945669175168604,-0.12268646986223918,2.0924424993404984,1.7940080263935514
2242,-0.416752841996626,-0.9284440283876372,-0.7148948119659054,-0.5103714033520361,0.41290540989862395,0.25123282780239375,-0.9427681031243079,-0.633678259649558,-0.5984030158947359,0.40727326576538403,-0.6439191499918463
2243,-0.42657000984307086,-0.9284440283876372,-0.2463139165225982,-0.5959804611137086,-0.2561908327191271,0.43810705407778944,-0.3400503729036142,1.4440574790604208,-0.7595641314894185,-0.02999573884177847,1.0760398467172188
2254,-0.8290738915473084,-0.9284440283876372,-1.3520299863456544,-1.1096348076837441,-1.0591063238604284,-1.103605312694224,-1.9343359818744819,-0.9278970773283519,-0.7595641314894185,-1.5889547987455752,-1.7401869450188703
2255,1.028636331703019,0.8798407651474857,1.327205105917905,1.4015642199919847,0.5467246584221741,0.3446699409400916,0.4833718646967242,0.6249501205305256,-0.3238978190026941,-0.8094752687936768,-0.5443737226817003
2264,0.4713232647279205,-0.40102763027322635,-0.40313422450231046,-0.28208058265424263,2.1525556407047763,2.0265379774186516,1.0089605269948123,-0.3219079269443999,-0.5054254492054959,1.663873239707539,0.9893867146638005
2295,0.19548144369984177,0.7337167414274759,1.1107012600784252,0.9164462260091734,-0.12237158419557678,-0.1225156247483973,0.9643651253452779,1.233872299209686,2.177149530458131,-0.3764310854870666,0.07585263462185604
2300,-0.8290738915473084,-0.9284440283876372,-1.3520299863456544,-1.1096348076837441,-1.0591063238604284,-1.103605312694224,-1.9343359818744819,-1.156240815154189,-0.7595641314894185,-1.5889547987455752,-1.7401869450188703
2306,-0.8290738915473084,-0.5866913467434083,-0.6648326158481475,-0.653053166288157,-1.0591063238604284,-1.103605312694224,-0.08675265932880327,0.4607493999403773,-0.4302130665981045,0.654780670648674,-0.207317334264573
2315,1.0873008650688187,1.2922565952519873,1.9852628478773757,2.000827624323693,0.011447664327973348,-0.07579706817954837,0.6216846705646422,2.003708330011557,2.236597175436826,-0.1751619670919296,-0.2844143265214458
2319,1.159768818050101,2.298103348312288,1.9651182231235143,1.1732733992941913,0.1452669128515235,0.39138849750894056,-1.1304944983597585,-0.48104373324270666,2.3498973929256337,-1.313844376409611,-0.7859830438188778
2323,-0.5958992290427846,-0.9284440283876372,-1.1518572495673425,-1.0240257499220715,1.617278646610576,3.568250344190665,-0.4829863240527264,-0.6788842942682797,-0.5772853524719843,-0.4600534105393775,-0.2392351762922154
2339,-0.8290738915473084,-0.6038800910864612,-1.3520299863456544,-1.1096348076837441,-1.0591063238604284,-1.103605312694224,-1.8211322699948937,-0.9531466252610165,-0.7595641314894185,-1.5243825299921634,-1.7401869450188703
2349,-0.24361369997750834,0.02136212579242737,-0.5478728446561589,-0.48183505076481187,0.6805439069457244,0.7651369500597317,1.5441053467892296,-0.3055121165985138,-0.7595641314894185,0.4896572811261536,0.8814641774699978
2359,-0.34606923350222335,-0.9284440283876372,-0.439814228741633,-0.7101258714626053,0.1452669128515235,1.2323225157482203,-0.15784630330694338,0.9946756438302581,-0.38198666066759074,1.217171509081259,1.0985696610511073
2368,1.6857437495138785,-0.4751274548016972,0.9507836466742644,1.3730278674047605,0.6805439069457244,0.25123282780239375,-0.9856701649661969,1.2640140919667697,2.29850133467084,-0.9576407992804012,-1.036362993100694
2377,0.3572533387388654,-0.9284440283876372,-0.8428186384008258,-0.36768964041591506,4.29366361708158,2.0265379774186516,0.0794984715624037,-0.8645517202341232,-0.2958725006555949,-0.6316992356467527,0.2519229539776051
2383,0.9445825576674304,0.15059804513168207,0.8177112195202445,1.144737046706967,0.8143631554692747,0.43810705407778944,1.2019635767567336,0.7294666918911455,0.9735783575288072,-0.22933804486226392,-0.06485517750216224
2385,-0.8290738915473084,-0.9284440283876372,0.27912967037678804,-0.16793517230534574,-1.0591063238604284,-1.103605312694224,0.4373285603962308,-0.6349188517294989,-0.3226976363236673,1.2970520559523626,-0.33253904118251765
2401,-0.18913081148757419,-0.5823790100665095,0.2594552636803771,0.060355648392447656,-0.12237158419557678,-0.029078511610699444,0.7814817747320438,1.5220259362770108,-0.5928106743441317,0.8207926440079276,0.5284303216616588
2410,-0.8290738915473084,-0.9284440283876372,-1.3520299863456544,-1.1096348076837441,-1.0591063238604284,-1.103605312694224,-1.9343359818744819,-1.3625987538988222,-0.7595641314894185,-1.5889547987455752,-1.6762509854226997
2411,2.5519587147682867,0.7170951337293247,1.492424603274158,2.742772791591522,1.3496401495634753,0.43810705407778944,1.604978070040845,-0.4355308926413909,2.4120866234139346,-0.9341919935859806,0.15231745902778143
2412,2.224762010931294,-0.22068524898249228,1.1946838002790618,1.4586369251664328,1.751097895134126,1.2323225157482203,0.16394959380330532,-0.8431889165219931,1.6276998775776212,-0.7440995662815821,-0.39711930343737545
2415,-0.8290738915473084,0.5743314621301361,-0.8112893878157488,-0.7101258714626053,-1.0591063238604284,-1.103605312694224,-0.09981555511348338,0.0793177662321896,-0.6147398961057037,1.400829699700062,0.02269386970951752
2419,3.2355554712364674,-0.3289762097657931,2.5179762580350418,4.198126773539956,1.3496401495634753,0.39138849750894056,-0.15709956531679328,-1.0462802037011731,1.2624354390318449,-1.231160916144704,-1.429940321404665
2420,0.17024609061493648,-0.3880370785955315,-0.4369546182162286,-0.5389077559392602,1.4834593980870256,2.4002864299694426,1.1756989991721372,-1.341840405012628,0.28202889146734766,0.8838768135156194,0.9633907750477751
2422,-0.6401893884011858,-0.6220121546228398,-1.0277277870958752,-0.8813439869859505,0.2790861613750738,0.43810705407778944,0.6307715901009929,-0.66750229808981,-0.7595641314894185,1.0325350170703065,0.6386593729168653
2432,-0.40511995972090137,0.44713729835590477,-0.26017869482758943,-0.48183505076481187,-0.12237158419557678,0.25123282780239375,0.2246965669512704,-0.45250903694094113,0.06897577313528201,-0.15217121375586917,-0.07905455275221669
2442,-0.13552874153385294,1.8844434282225535,1.1485894331003341,0.3457191742646896,-0.3900100812426772,-0.1692341813172461,0.12597157433402414,2.118881706546518,-0.7595641314894185,0.08992418884312903,0.20084321297769542
2459,-0.8290738915473084,0.899932818408987,-1.3520299863456544,-1.1096348076837441,-1.0591063238604284,-1.103605312694224,1.0948066751701668,-0.07993309258969676,-0.7595641314894185,0.2298307711421877,0.15231745902778143
2461,0.11887917564398016,-0.9284440283876372,0.6010572771735759,0.3457191742646896,0.011447664327973348,0.15779571466469614,-1.0403440516104439,-0.28061193733490136,-0.018524235483962027,0.6547806706486745,0.20537833016927656
2467,0.9985113010557163,-0.9284440283876372,0.7398652808871546,1.7154640984514509,0.9481824039928246,0.15779571466469614,0.13392642976340083,-0.2536659055047655,0.6691073797283082,-0.9990783977008953,0.9877473310844118
2483,0.5565952094017061,-0.9284440283876372,-0.11489684265018565,0.5169372897880347,1.4834593980870256,0.578262723784336,0.9667411098593924,-0.10459624391736778,0.3236499241469727,-0.15777926834208958,0.0437311407628097
2491,-0.8290738915473084,-0.9284440283876372,-0.6900552340173772,-0.11086246713089747,-1.0591063238604284,-1.103605312694224,0.41513754713521817,-0.07273475655626163,0.1678191301782286,-0.15307145409734155,0.3349275331024581
2494,0.45648983708980007,0.3229165511689879,1.075920699292425,0.4027918794391381,0.1452669128515235,0.578262723784336,0.6844145241156887,-0.08669350703934862,-0.7595641314894185,-0.012212935877096504,0.7783550375527196
2512,1.1995456722420488,-0.9284440283876372,1.3182743222770261,0.887909873421949,0.6805439069457244,0.9052926197662783,2.083263752732105,0.05683529204557028,-0.23095567233885955,-1.3707005303590436,-1.7401869450188703
2513,-0.39560817278889865,-0.22522216423508926,0.21085715080808864,0.17450105874134453,-1.0591063238604284,-1.103605312694224,1.7447846542121364,-0.42711437666383584,2.2901000559176525,-1.1692350518483992,-1.4975581752692997
2515,-0.8290738915473084,-0.5919329522900989,-0.2480098000652716,-0.6815895188753812,-1.0591063238604284,-1.103605312694224,-0.3498312662101838,-0.4768131289852874,0.05118503898689883,0.5534183878706853,-0.463036733699044
2528,0.4048796144072885,-0.12769504438911547,0.9360758953684802,0.4598645846135865,0.1452669128515235,0.43810705407778944,1.486977660734534,2.4288183715593976,0.39797264037311925,-0.3941321615930303,0.05562015371152927
2541,0.30107628326570407,1.2106040932128703,0.9441018522423357,0.7166917578986042,0.011447664327973348,0.11107715809584721,0.3038811404690208,-0.21289177291757455,-0.4650747392049845,0.17410196537960995,-0.05327494141182681
2550,0.7344093946101924,-0.2943248907703108,0.32571838549568793,0.5454736423752589,1.082001652516375,0.7651369500597317,-1.3814045567978803,-1.4895170798999917,-0.14845608622865678,-1.2104791888267343,-1.0838270361009563
2553,0.0972364115528547,-0.9284440283876372,-0.00017849002089045186,-0.13939881971812154,0.5467246584221741,0.7651369500597317,-0.2308527284535546,-0.46026161424667206,-0.7595641314894185,1.550318924622344,0.20416689475508717
2557,-0.46355685302670346,-0.03896340021630637,-0.7244614061758116,-0.33915328782869086,0.2790861613750738,-0.1692341813172461,-0.2797260525641757,-0.03187933582595425,-0.4738298292458731,0.12168676428399627,-0.20572391471077422
2562,0.727980598203295,0.5150113769781187,1.3213295903646955,1.144737046706967,-0.12237158419557678,-0.1225156247483973,0.016566144892501355,0.3051778851990815,-0.06402668523868316,-0.44024812302698824,-0.4328648238024333
2564,0.13008429464151308,-0.15041132762311613,0.5418028566491548,0.7166917578986042,0.1452669128515235,-0.07579706817954837,-0.30612940249997855,0.2779926799664276,-0.38466451507058236,-1.279374276211488,-0.5322054105210074
2565,-0.8290738915473084,-0.3933093415203325,-1.1821272731777215,-0.9669530447476231,-1.0591063238604284,-1.103605312694224,-1.1877436966978803,-0.8638494435479341,-0.24384856158643417,-0.09843784391072556,-0.3554276249847349
2567,0.9741434984876759,-0.19709328966898745,1.3569743847208335,0.4027918794391381,0.41290540989862395,1.2323225157482203,0.4889781437612371,0.932152953711279,0.2976527868116993,-0.8614405707904701,-0.22618342178154882
2577,-0.4892716195557913,-0.9284440283876372,-0.4185611434799586,-0.6815895188753812,-0.2561908327191271,0.43810705407778944,0.6613853111233132,0.972290007292684,-0.4939317399564743,1.2626085068070982,1.8736405601958417
2581,3.246691442093409,-0.6278889302840824,1.319864735802114,2.2576547976087102,1.2158209010399252,0.43810705407778944,1.9443643489916298,-0.4152966658734336,2.7162175177197354,-0.8714065191186222,-0.6513487947454543
2582,-0.006938303385461446,-0.9284440283876372,-0.3639432856527105,0.08889200097967187,0.8143631554692747,0.25123282780239375,-0.5387303424106219,-1.0356489475334012,-0.4382216031304161,0.4012057032592717,0.21559268226338382
2591,-0.8290738915473084,1.1914131852896084,-0.005940857865411978,-0.13939881971812154,-1.0591063238604284,-1.103605312694224,0.37622287170648605,1.5870554795589924,-0.5041977261026751,0.09803471535321927,1.8254010626052564
2595,-0.08598980224717753,1.0807612977624992,-0.2888414576696388,-0.36768964041591506,0.5467246584221741,0.9052926197662783,0.7286465737691654,0.15903584320159395,-0.7595641314894185,0.32976404421294375,0.6861007524768369
2597,-0.8290738915473084,-0.3853617966658675,-1.2370793058194949,-1.1096348076837441,-1.0591063238604284,-1.103605312694224,-1.0819456562860972,-1.3406396875939892,-0.49787677547429027,0.13979188154378358,0.5083331389969534
2603,-0.8290738915473084,-0.15041132762311613,0.17127034388930074,-0.31061693524146666,-1.0591063238604284,-1.103605312694224,-0.30612940249997855,0.8599858060739465,-0.5721143232800004,0.5781088589930358,-0.062434813771838515
2609,-0.8290738915473084,-0.9284440283876372,-0.790254886354908,-0.9669530447476231,-1.0591063238604284,-1.103605312694224,-1.2143360294360255,-1.1431969860445141,-0.7595641314894185,-0.29820374914780823,-0.3157212645536486
2635,-0.8290738915473084,-0.3051337397069698,-1.2200979552872215,-1.1096348076837441,-1.0591063238604284,-1.103605312694224,0.4570924315818199,0.18738693192468844,-0.45921841606296454,-0.7208980494809611,-0.3423143738480482
2637,0.9985113010557163,2.036491398850132,1.4197312427378177,0.830837168247501,0.41290540989862395,0.7651369500597317,-0.8140271755706288,1.2988400822469137,0.4309954611920204,-0.7041401971785554,-0.461467753095457
2638,-0.6487521525438099,0.5342574490496622,-0.856669187064925,-0.653053166288157,-0.2561908327191271,-0.30938985102379274,0.05533245812116125,-0.1838770649124995,-0.7595641314894185,0.9136941454199865,0.8336190444845762
2642,-0.32064793571037675,-0.9284440283876372,-1.177443238478856,-0.9098803395731747,5.631856102317082,3.568250344190665,-0.06434684654023098,-1.3375852310027156,-0.362114162203284,0.380256645343431,-0.6018384313065986
2649,-0.8290738915473084,-0.19218489544939918,-1.0403516310935177,-0.9098803395731747,-1.0591063238604284,-1.103605312694224,0.24844431497153835,0.8388934377452174,0.3047482023707671,-0.5635991754531452,0.8000874228289845
2652,-0.04883559778217093,-0.5065109098961085,-0.32498986764462334,-0.22500787747979417,0.6805439069457244,0.6716998369220338,0.12597157433402414,0.3093307713722168,-0.5562531856622804,-0.16190765929517667,0.15231745902778143
2675,0.238620615710248,-0.9284440283876372,-0.435449560044963,-0.05378976195644904,1.617278646610576,0.9052926197662783,-0.9777646164919612,-0.8069650319666423,-0.6204566422392714,-0.09563612031141201,-0.993145732895192
2699,-0.25111959986942883,-0.9284440283876372,-0.9551062689732751,-0.8528076343987263,2.2863748892283264,3.568250344190665,-0.2991712547248737,1.5016705348591601,0.14404007218675055,1.9553452861639113,1.0096057788095985
2700,-0.028829487685628936,-0.6038800910864612,-0.8024433007531294,-0.5959804611137086,2.2863748892283264,2.0265379774186516,-0.34948401556024616,-0.5161352187341279,-0.4467780609861292,-0.2329371549239294,-0.6203618538670054
2705,-0.8290738915473084,-0.9284440283876372,-1.3520299863456544,-1.1096348076837441,-1.0591063238604284,-1.103605312694224,-1.8336442592026376,-1.4980052911764121,-0.7595641314894185,-1.5889547987455752,-1.6903841975439584
2712,-0.8290738915473084,-0.9284440283876372,-1.3520299863456544,-1.1096348076837441,-1.0591063238604284,-1.103605312694224,-1.9343359818744819,-1.4255575220657104,-0.7595641314894185,-1.5889547987455752,-1.6791384158560752
2740,-0.8290738915473084,-0.29063815159811707,-1.2170297685184208,-1.1096348076837441,-1.0591063238604284,-1.103605312694224,-0.154668325348862,-0.5347674880046542,-0.605898881736349,1.139223556086069,0.02028226804778245
2741,-0.3899787478699584,-0.9284440283876372,-0.9750813261787034,-0.5389077559392602,1.617278646610576,0.43810705407778944,-0.4435754124471768,1.079933857628866,-0.41631188528775687,-0.31344284064246886,1.9465099459811006
2743,-0.8290738915473084,0.02136212579242737,-1.3520299863456544,-1.1096348076837441,-1.0591063238604284,-1.103605312694224,-0.029475254272925647,-0.7318031855915537,-0.5307293006883107,2.284822259197192,0.22605139684778067
2746,2.6056258989955183,0.1163427412104338,1.7071178068314676,2.3147275027831586,1.4834593980870256,0.8585740631974293,0.19137816342000866,0.08288641292847818,3.4357410998642233,-1.242519452100287,-0.8990738765536919
2752,2.673190959616256,-0.4913818339342608,1.2382530776223017,2.0864366820853655,1.751097895134126,0.9052926197662783,0.42850962185923464,-0.9305125683492654,0.293440767216874,-0.8933236644458731,-0.684606799335479
2756,-0.5909730037786044,1.0029399647073887,-0.04385886148457372,-0.5103714033520361,-0.6576485782897777,-0.30938985102379274,0.42341034125144966,0.2070878836167088,-0.7595641314894185,0.4859977528165205,0.6587622995473081
2759,-0.18811984295667422,0.6313087319128006,-0.36160184797334344,-0.31061693524146666,0.41290540989862395,0.43810705407778944,0.7857721661326856,0.12683996285414276,-0.258513459308794,0.8935582065988593,2.116575584554875
2761,-0.4491825874669044,-0.003983824951141757,0.14814097355472813,0.4027918794391381,-0.5238293297662274,-0.5897011904368861,-0.3758770158018358,0.8129032160967091,-0.16562204255620627,1.2311846242264617,1.502587455173426
2764,-0.8290738915473084,1.0844479130398388,0.45870688029118534,0.4598645846135865,-1.0591063238604284,-1.103605312694224,0.8739469256705328,0.07189236191367297,0.21035964676848762,-0.18732188250179485,0.8641769137609256
2765,2.576282690353291,-0.13921661250420225,1.8219319694773628,2.1720457398470376,1.3496401495634753,0.9520111763351272,-0.2827019697032232,0.06864263460401052,2.663080568046574,-1.1179024209329171,-1.4678841530697118
2766,1.4477157423352476,1.657139391324761,1.697065842560349,1.2874188096430879,0.6805439069457244,0.7651369500597317,-1.0969334397887736,0.46023295177787304,1.5542102688328931,-0.4131742283130821,-0.5294938919250528
2770,0.4516202775116293,0.3181765489736977,0.890814541647704,0.830837168247501,0.2790861613750738,0.20451427123354507,-0.34005037290361395,-0.4032038199094186,-0.3591031775874799,-0.596889942443159,0.12364314987555947
2776,1.7347423028152285,0.6313087319128006,0.40873114853845394,0.6596190527241557,1.8849171436576764,1.419196742023616,-0.12093054986970347,-0.028725972276018696,1.2446385572330794,-1.071764589298818,-0.5741889709616916
2778,1.1995456722420488,-0.9284440283876372,1.3182743222770261,1.4586369251664328,0.6805439069457244,0.43810705407778944,-0.786450343415457,-0.5996529542037112,1.3548697051128171,-1.3707005303590436,-1.5509365046142052
2783,-0.61972202737916,1.109375367422842,-0.5971990470392026,-0.6815895188753812,-0.3900100812426772,-0.1692341813172461,-0.5720362045495295,0.44808602703933725,-0.7595641314894185,0.3706036480684851,0.19333148636006187
2787,-0.5998513419665901,-0.18469751443646795,-0.7223340550565918,-0.7101258714626053,-0.2561908327191271,0.06435860152699828,0.465198968576587,-0.916770157900398,-0.5803748233027883,0.4826111384825208,1.2108368714606546
2794,-0.8290738915473084,-0.9284440283876372,-0.810630149048873,-0.653053166288157,-1.0591063238604284,-1.103605312694224,-0.2491843537394713,-1.1591986355923476,-0.21178334480490155,1.9166837090173663,0.22095751513310025
2835,0.18930942360799136,-0.5980144777617412,-0.40784171587927964,-0.33915328782869086,1.4834593980870256,1.5126338551613139,-0.032718207318868577,-0.8428699851936559,-0.6003447160826236,0.974875462421512,0.4829356982889434
2836,-0.3842011801899932,3.401922187709631,0.3283674618722798,0.4027918794391381,-0.3900100812426772,-0.49626407729918837,-0.8015541018162335,-0.6126099590638943,-0.06402668523868316,-0.5838364574918115,-0.6196251268333527
15,-0.7600517609769987,0.3784151272456278,-0.769907116001298,-0.8152496330045464,-1.042016986932052,-1.0182878406707006,1.306971022154556,1.563254510309522,-0.44664869293045945,1.0965453733715562,0.2868042401348779
23,1.8164787280587937,0.4419647132181657,1.5430272581402287,2.0870363840319115,0.4127667874350446,-0.0451163334987617,0.7571998934294955,-0.8377999392495298,6.0471249529680815,-1.5215515105241155,-1.5312210239059842
38,-0.5801659432973657,-0.6218919920870701,-0.7809933110148547,-0.6759399041867965,-0.11624549415299044,0.039507275820537285,-0.21453356283602618,-0.0823425180626172,-0.4523776617478958,1.692053339126879,1.232627750110685
41,-0.7600517609769987,-0.9445717080008437,-1.2244411115571232,-0.9545593618222964,-1.042016986932052,-1.0182878406707006,-2.095666504278928,-1.4894882015446353,-0.681536414445349,-1.6163242484026918,-1.7751395687416063
42,-0.5620566327927046,0.12092104521779101,-0.7014873295178229,-0.7920313448682548,-0.11624549415299044,1.097302392311775,1.4363778184618694,-0.8198610091219497,0.3273772887058544,1.95228277084397,0.8597201709233777
45,-0.5478123789664964,-0.18314043591654355,-1.1123258402997769,-0.7920313448682548,3.322334336169238,1.097302392311775,-0.4637060599463218,-0.4158435104253608,-0.681536414445349,1.662539754892802,0.026235106857358314
53,-0.7600517609769987,-0.07703935701955081,-0.37285517140569413,-0.5830667516416297,-1.042016986932052,-1.0182878406707006,-0.013177963510893745,-1.2246933367272381,-0.06543747276695012,1.4078582807882731,2.9786374974663383
78,1.1130450072426723,-0.9445717080008437,0.9193926996812366,1.2511780111254114,0.9417790690230796,0.37800171309773345,1.2169541563758923,1.4142055894775827,0.5115440757890105,-1.4440785581313111,-1.5638665085217498
79,-0.7600517609769987,0.9710653385098842,0.13886705869435012,-0.4205387346875881,-1.042016986932052,-1.0182878406707006,1.0247009407762124,0.6993103130890973,-0.5114819554300444,-0.4378831457315253,0.3348701482400652
80,-0.7600517609769987,2.3372561003624965,-0.4190652611813532,-0.6062850397779214,-1.042016986932052,-1.0182878406707006,-0.6888912995519062,-1.0275777647200734,-0.681536414445349,0.5707954466711206,-0.30151942241384166
87,0.4523293663980625,-0.2196474147151059,0.26991722999627493,0.6475025195818281,0.8095259986260711,0.2510662991187848,-0.4798021081643967,-0.042254184861912104,-0.16671401112504317,-0.2784707362948434,0.6356886389726468
88,-0.7600517609769987,0.9286839879233637,-0.39697087944538073,-0.3276655821424215,-1.042016986932052,-1.0182878406707006,-0.1685089671838576,1.1416087431182844,-0.681536414445349,-0.07983171925621506,0.104457180076164
90,-0.5684850460454415,-0.9445717080008437,-0.41488149053005036,-0.7223764804593799,-1.042016986932052,-1.0182878406707006,-0.7405035067383197,-0.6634460342403542,-0.681536414445349,0.49760013220061833,-0.2932732792275078
92,-0.3130627594700317,0.6590486983585158,-0.6734908139136987,-0.4205387346875881,0.8095259986260711,0.37800171309773345,-0.17094224690241186,0.751765941335632,-0.681536414445349,1.672002565869124,3.6957984871613916
93,0.08284178472185325,-0.44057672314504503,0.25975152699251036,0.2527916212648701,0.28051371703803585,0.12413088513983639,-0.19451029903355269,1.6791814487343635,-0.3236122673750411,-0.2728078642859213,-0.6212636244639285
94,0.823909264497354,0.4760852962906693,-0.24826071841709585,0.29922819753745344,2.7933220545812025,1.097302392311775,-0.1469523951805568,0.020414786172202725,-0.1770795628697473,-0.15974995483262566,-0.6520220152651672
95,1.4770116778445987,1.0618538241265063,1.4344442788303717,1.901290078941578,0.4127667874350446,-0.0451163334987617,-0.8915736039296382,-0.3800326044234834,-0.3253085903469383,-1.3077514004283697,-0.627271389209517
112,-0.7600517609769987,-0.9445717080008437,-0.647255085454488,-0.7920313448682548,-1.042016986932052,-1.0182878406707006,0.6768529617039106,0.268737031232126,-0.681536414445349,0.041540520459348564,-0.04026270885932304
135,0.9753173036971083,1.3901109424341058,2.2132109556718076,1.9477266552141614,0.14826064664102698,-0.0028045288391122646,-0.7612988468540322,0.683573624615137,-0.40519791854547893,0.13906197745123344,-0.1573710793431802
137,0.22060000964216425,-0.35820635165891723,0.44476168969260316,0.27600990940116177,-0.11624549415299044,-0.1297399428180608,0.9205218848033845,1.0150902890042466,-0.2651149691003925,-0.3538253662473631,0.5502146566017238
138,-0.5684850460454415,-0.9445717080008437,-0.5160764431584346,-0.5830667516416297,-0.38075163494700803,-0.17205174747771024,1.9698224883428967,0.4657124569106984,-0.31547762766889775,1.6954906145424942,2.4990769572447213
140,0.727407437315093,-0.9445717080008437,-0.17677571963973487,0.02060873990195338,2.2643097729931676,1.5204204389082703,0.4968192301465837,-1.2160694840272224,-0.681536414445349,0.20745364858839935,0.692262098350926
144,-0.7600517609769987,-0.3108055593797795,-1.037806109104774,-0.9545593618222964,-1.042016986932052,-1.0182878406707006,-0.030992236742442506,-0.9836672686170839,-0.45649428604785003,0.9828322754528754,0.07298879912356872
155,0.2811696778274656,0.9231744123471162,-0.2466200791008941,-0.14191927705208826,1.4707913506111148,1.097302392311775,0.25282057278888853,0.23350433425987038,-0.46046561772545297,0.1709780906485774,1.2429104362995111
159,-0.13897230625152884,-0.9445717080008437,-0.4589101716736281,-0.46697531096017153,0.8095259986260711,1.097302392311775,-0.4719517548229496,0.117218488904921,-0.681536414445349,-0.4740633550240611,-0.5956029288906667
163,1.5628832074844043,1.5555608940397325,1.0661239054171145,1.2511780111254114,0.4127667874350446,0.039507275820537285,-1.3812019317994562,0.29536067194649257,-0.681536414445349,0.43434885152114944,-0.11528320041225512
184,-0.7600517609769987,-0.16057950933626802,-1.1474829747434387,-0.9545593618222964,-1.042016986932052,-1.0182878406707006,1.1305379652283751,-0.6393573197624651,-0.40315096672399847,1.920453925169661,0.9930792459339496
189,-0.07794137717445952,0.8907857513006197,0.5171259729837762,-0.025827836370629857,-0.11624549415299044,0.20875449445913527,0.631688430203402,0.7651678995350355,1.2735983773548878,0.39088564516438185,-0.586881258950159
193,-0.3293762266783152,-0.9445717080008437,-0.769433149374024,-0.7920313448682548,1.2062852098170973,3.2128926252942507,-0.3736504325072376,-0.8559799200307818,-0.681536414445349,1.0767434053294085,-0.394213294727373
206,-0.7600517609769987,0.07311047295798045,-0.7249532043529198,-0.8384679211408381,-1.042016986932052,-1.0182878406707006,-0.8742068794053697,0.10525032319709318,0.0411950363696957,-0.9902774126086347,0.1785111700665638
231,0.14304846655748543,1.7554014251552206,0.6307996866299186,0.3456647738100368,0.14826064664102698,0.12413088513983639,1.3301182162119263,0.5624974704379315,0.2771889794929757,0.2660750809916843,-0.008339581628300969
232,-0.4411190680098655,-0.3724692927591262,0.06720761712661187,-0.1883558533246715,-0.5130047053440169,-0.29898716145665877,-0.9185378464857226,0.1627317677175187,-0.681536414445349,1.433821056078625,-0.11789787184032013
235,-0.4918583600728185,-0.9445717080008437,-0.46885213193185526,-0.4205387346875881,-0.24849856454999933,-0.17205174747771024,-0.8583437673940247,-0.8712111966121479,-0.681536414445349,1.2445200800137879,-0.21349184389972978
240,-0.7600517609769987,-0.9445717080008437,-1.2244411115571232,-0.9545593618222964,-1.042016986932052,-1.0182878406707006,-2.042291797981932,-1.4031112670320085,-0.681536414445349,-1.6163242484026918,-1.828674823819941
269,-0.17586811544314085,0.6272938388266471,-0.8644141843841923,-0.3741021584150048,2.7933220545812025,0.6741843457152801,-0.7480872858894293,-1.291302874468504,-0.3094370536296824,-0.11215891355756404,-0.26694277251867016
271,0.9019918502601744,1.043014147768503,1.2631493671387415,1.8780717908052864,0.5450198578320533,-0.0451163334987617,0.715902531647331,2.025329490228256,0.024229509355258055,-0.18983881347914366,1.6681764062175501
275,-0.2332432949152162,-0.9445717080008437,-0.29682071246360225,-0.3276655821424215,0.28051371703803585,0.37800171309773345,-0.4753629202629831,-0.4489059209216541,-0.681536414445349,0.5152161687056461,0.6707523976498094
277,-0.37187710177358,0.4480460133112315,1.0994920988034873,0.4153196382189116,-0.6452577757410256,-0.552857989414556,1.0084940461516188,2.0025565927615525,0.30746451824892274,-1.0451938017133764,-0.5417154681868164
292,-0.7600517609769987,1.1651747402327322,-0.3960545225991882,-0.5598484635053381,-1.042016986932052,-1.0182878406707006,-0.5281169904402465,0.004595640524361457,-0.30696463262758494,0.8351725526690537,0.0839877715472562
293,-0.266306587764282,0.3839506370165335,0.6882422887495177,0.9957768416262032,-0.38075163494700803,-0.5951697940742054,0.030388742362914504,0.6450549519905898,0.26194564686968846,-0.4358286807687092,-0.43236225295097
313,-0.5023987120734195,0.4419647132181657,-0.7707577722624754,-0.6527216160505048,0.28051371703803585,0.37800171309773345,-0.19375557247331243,-0.41256575463439094,-0.681536414445349,1.226857887954599,0.07834330454089035
323,-0.41899656907572913,-0.02689297835011202,-0.023360363597882353,-0.07226441264321322,-0.38075163494700803,-0.3836107707759579,1.628221963956561,0.1620797805618721,-0.4642992153564338,1.5826665194698317,1.0110532694356833
326,-0.7600517609769987,-0.9445717080008437,-1.045314413801133,-0.8849044974134214,-1.042016986932052,-1.0182878406707006,-0.9066989088355036,-0.6073774746797501,-0.681536414445349,1.2275114930434163,0.5118772979884583
348,-0.7600517609769987,-0.9445717080008437,-1.0603987672963742,-0.9545593618222964,-1.042016986932052,-1.0182878406707006,-1.140540181069529,-0.9810367172251556,1.09866526440434,1.6962323423953376,0.15882152096323404
366,2.2171410380510563,-0.4590719519470927,1.7779852811052086,1.2976145873979947,0.6772729282290622,0.5895607363959809,2.732540872678676,0.9219339243445733,1.0424101654804456,-0.9194403088643529,0.45940478800856277
367,-0.5508228666545887,-0.1939408794922073,-0.8191828379105921,-0.629503327914213,0.14826064664102698,0.039507275820537285,0.027965427112182657,-1.3201197666828104,-0.681536414445349,-0.3079899627243311,0.7252131292122113
381,-0.43225982653855627,0.2314165899960198,-0.5895364828442244,-0.5598484635053381,0.14826064664102698,0.37800171309773345,-0.48256426952527637,-0.09836494044653843,-0.4727473286543361,0.31282748263677335,-0.5237529812855333
388,-0.2332432949152162,0.0004188886037788404,1.3728960059047355,0.9261219772173284,-0.5130047053440169,-0.552857989414556,-0.3133325618613886,-0.57311335494827,1.331786912825133,-0.841218642181478,-0.7919072500261203
391,1.2845909983915038,-0.42061652572501335,0.16423417896703893,0.29922819753745344,2.3965628433901767,1.6896676575468683,-0.4785714422115296,0.9124567470730359,0.8068610288173176,0.7473641349253661,0.03717457996840436
392,2.3167682371261726,-0.9445717080008437,2.0580830982412994,1.9709449433504531,0.4127667874350446,0.12413088513983639,0.7990108188219498,-0.03056309097924902,1.8546745663289186,-1.216883322497281,-0.8838843137603428
422,-0.2816527215262989,-0.9445717080008437,-0.10126830400604914,-0.21157414146096318,0.016007576244018266,0.039507275820537285,-0.2318794627730197,-1.2283914933805782,-0.5799633456821536,-0.26722151757441714,-0.615992778886718
432,-0.7600517609769987,-0.9445717080008437,-0.7028001842007667,-0.8616862092771298,-1.042016986932052,-1.0182878406707006,-0.9567083364350838,-1.0429188794673523,-0.681536414445349,1.1987036436475744,-0.34668344513731725
433,-0.5131791743706404,-0.9445717080008437,-0.6593301069210702,-0.6527216160505048,0.016007576244018266,0.37800171309773345,0.18224983140876036,-1.1011248736555572,-0.5242894042261761,1.017088940934654,-0.6893986763919284
436,-0.7600517609769987,-0.9445717080008437,-1.0503179528445965,-0.9545593618222964,-1.042016986932052,-1.0182878406707006,-0.9804631436601324,-1.1004745273517782,-0.47158090918064327,-0.4038685515203461,-0.17293256672192073
445,-0.4129779480421773,-0.9445717080008437,-0.4299615226864371,-0.6759399041867965,0.016007576244018266,1.097302392311775,1.5338135239167883,0.9699813548412157,-0.23939482100555692,0.2986425434379538,2.5679079994882943
454,0.35320386541771154,1.0523895527485474,0.049724266820392306,-0.07226441264321322,0.9417790690230796,1.097302392311775,-0.21244573493209407,0.2705597818362904,0.7366536022483239,0.6358693998627216,1.781545809328228
470,-0.49063373267142957,0.988559740761124,-0.37052205924089565,-0.4205387346875881,-0.24849856454999933,-0.17205174747771024,0.22454903885988634,-0.10577579495771547,-0.5099289466719137,2.0503853773743743,1.0097020648623822
478,-0.46205909330568745,-0.9445717080008437,-0.6997265423729093,-0.6062850397779214,0.28051371703803585,0.37800171309773345,-0.26259578296796005,-1.2857378249191567,-0.681536414445349,0.6855045215875791,-0.027335161468247986
479,-0.5530252760685087,0.16952246904881646,-0.49536402595379453,-0.6991581923230882,-0.38075163494700803,0.37800171309773345,1.0244128182051089,0.5809262426042865,-0.28593604136764034,1.8104584317332004,0.9850959184222678
481,-0.36538588673673356,-0.590595297232557,-0.6684893539733141,-0.4205387346875881,0.6772729282290622,0.20875449445913527,-0.8817935851499258,0.10815818954554257,-0.43015156198794213,0.34347454190913973,-0.6561587375745916
483,-0.30443362816680847,0.28136203894569367,-0.8634212805585638,-0.6759399041867965,1.8675505618021409,1.816603071525817,-0.5541885000259209,0.20570082597537523,0.04398550529176158,1.5678933771547272,-0.46577367993621693
484,-0.7600517609769987,0.026427804106658244,-0.7478654936742135,-0.7455947685956715,-1.042016986932052,-1.0182878406707006,-0.9302371374270926,-0.41813894185084116,-0.681536414445349,-0.42166606633696785,0.36547251705689765
487,-0.7600517609769987,0.017600535814771983,-0.18550626457237976,-0.9545593618222964,-1.042016986932052,-1.0182878406707006,2.02874261867075,0.9625421930171617,-0.681536414445349,-0.23522698640852918,-0.21349184389972978
497,-0.34454085816770547,-0.9445717080008437,-0.41963242727316696,-0.46697531096017153,0.14826064664102698,0.37800171309773345,-0.434284801231593,-0.2932092782685724,-0.41687419302012135,1.7461057053456723,0.2741862255686598
498,-0.7600517609769987,-0.9445717080008437,-0.9436479096693547,-0.7455947685956715,-1.042016986932052,-1.0182878406707006,-0.07928871083686329,-0.3135086279737215,-0.5686774491529095,0.9906375502992883,0.6323191486493158
502,-0.24096775922697258,-0.32381542166818844,-0.6455624578119583,-0.6759399041867965,1.0740321394200885,2.1550975088030127,0.35236987837507405,-0.9956371774435027,-0.3509026715504899,0.42031687527533595,-0.1474362469079139
504,-0.7600517609769987,0.07311047295798045,-0.5251580414712382,-0.7223764804593799,-1.042016986932052,-1.0182878406707006,-1.0487011115301637,0.9747023613834038,-0.681536414445349,-0.7815951340106155,0.08006292454991458
517,0.5414750375285815,-0.1663441578558604,1.8694457489489145,2.040599807759328,-0.11624549415299044,-0.29898716145665877,1.4404077878970454,0.5301409119940232,1.8055100486534816,-1.2971631164292508,0.6707523976498094
522,-0.5620566327927046,-0.23424320585508715,-0.5968965731099628,-0.7223764804593799,-0.24849856454999933,0.37800171309773345,-0.0860550792712326,0.06709677479965573,-0.30319377576364775,0.7141946213094139,0.24128018566442727
545,-0.5152279095291994,-0.9445717080008437,-0.8364571438034846,-0.6759399041867965,0.4127667874350446,0.37800171309773345,0.7657492855849146,-0.9895432582408242,-0.525594358667829,0.18475101916527356,1.08497032691903
548,-0.22849727269844333,-0.4678196952994124,-0.2884637719312282,-0.11870098891579658,0.28051371703803585,0.039507275820537285,0.35668486612358297,-0.7521510976893377,-0.3429595185680307,1.8053131123936574,1.3394909302583993
562,-0.7600517609769987,-0.4823929009278405,-0.5439161026151514,-0.7455947685956715,-1.042016986932052,-1.0182878406707006,1.3911702040313672,0.9238845398703311,-0.5174227225572166,-0.28950591810262266,0.07834330454089035
565,0.03192875176017767,-0.23424320585508715,-0.4574422312328161,-0.49019359909646315,1.338538280214106,1.816603071525817,-0.9995148179110941,-0.35304112284742056,-0.42930798865754816,1.4424817680944468,0.03513352391144396
566,-0.0971017812138567,1.4338315913186555,-0.17383283932536014,-0.35088387027871315,0.4127667874350446,0.8011197596942286,0.8269484996988958,-0.10791697282611325,-0.540779727395228,0.9034947261291939,0.02844212165728988
573,-0.7600517609769987,-0.9445717080008437,-0.5318178802339609,-0.9545593618222964,-1.042016986932052,-1.0182878406707006,-0.23439469494779158,-0.7820366285930391,-0.2960796406773252,1.1661061329042295,-0.31373005751668165
582,-0.7600517609769987,0.4210921219309978,-0.8893008383362383,-0.8152496330045464,-1.042016986932052,-1.0182878406707006,1.1825735211881705,0.6769743681583147,0.28832256471290457,0.9040191421488678,1.0175442818568445
589,0.6166743636644596,-0.23897872920272556,0.12617418952304335,0.27600990940116177,1.338538280214106,0.843431564353878,1.775778859129836,1.58643989799449,0.0701042944022976,0.2645986893607869,0.6366236725373712
590,-0.5035189427208263,-0.9445717080008437,-0.9985857100387008,-0.8616862092771298,1.6030444210081236,3.2128926252942507,-0.8332386683847658,-0.961936626683763,-0.19133595215340563,0.9314141790026892,0.06979006414817751
601,-0.7600517609769987,-0.9445717080008437,-1.2244411115571232,-0.9545593618222964,-1.042016986932052,-1.0182878406707006,-2.0389558788383697,-1.4798276233425653,-0.681536414445349,-1.6163242484026918,-1.8249106261972456
610,-0.5633766003139332,-0.9445717080008437,-0.8781294958955422,-0.7920313448682548,0.28051371703803585,1.097302392311775,-0.5833831591973794,-1.1494358488317673,-0.681536414445349,0.5539714490167067,0.022306620513480632
612,1.501369946995531,0.1617587465606656,1.9973429087091548,1.2279597229891197,0.4127667874350446,0.5472489317363314,-0.704576598001824,0.2751325359652038,1.5445771831870538,-0.7845035978238283,-0.747313968084781
632,0.2178910268503986,0.22491941707891008,0.8419486393517587,0.8332488246721617,0.016007576244018266,-0.1297399428180608,0.009832959591515034,0.12409522500223641,0.3566413602060964,-1.3765125691298303,-0.7575630317795862
638,-0.5620566327927046,0.8312495473635476,0.03064796533719779,0.06704531617453674,-0.6452577757410256,-0.6797934033935044,-0.8168228701831219,-0.21299515696506183,-0.42930798865754816,0.05873618920288417,-0.995599784853473
674,-0.36138589476808225,-0.9445717080008437,-0.5926564073096441,-0.3276655821424215,0.4127667874350446,0.039507275820537285,-0.6242556820374214,-1.2847883823440147,-0.42760374253736033,-0.0032666354558417024,1.5700904242613605
695,-0.18721148720107988,-0.9445717080008437,0.3894382623997598,-0.5134118872327548,-0.24849856454999933,1.097302392311775,0.5471587589703796,0.9993768777770405,1.142834238097482,-0.7734909678514691,-0.6960533410764842
705,-0.3386049881275727,3.5913831557013443,-0.11129663264489811,0.2063550449922867,-0.11624549415299044,-0.4259225754356073,0.3671949434253082,2.1097672200266313,0.1237929164628437,-1.3062820059142064,-0.4262423381071378
710,-0.7600517609769987,-0.4357306175214316,0.9733056801413726,-0.28122900586983823,-1.042016986932052,-1.0182878406707006,-0.35072418303098757,-0.6973207889748858,-0.681536414445349,-0.6772539947116061,0.5723041521331602
719,-0.7600517609769987,-0.9445717080008437,-1.2244411115571232,-0.9545593618222964,-1.042016986932052,-1.0182878406707006,-2.095666504278928,-1.288548174941577,-0.681536414445349,-1.5078094635317218,-1.8889019857830676
734,-0.7600517609769987,-0.9445717080008437,-1.2244411115571232,-0.9545593618222964,-1.042016986932052,-1.0182878406707006,-2.095666504278928,-1.1241426986299838,-0.681536414445349,-1.5176744439745373,-1.8889019857830676
735,-0.7600517609769987,-0.9445717080008437,-1.079135538552264,-0.9545593618222964,-1.042016986932052,-1.0182878406707006,0.1251691773093599,-0.30211531707201733,-0.681536414445349,1.2672854194972079,-0.17053260949246482
738,-0.7600517609769987,-0.9445717080008437,-1.2244411115571232,-0.9545593618222964,-1.042016986932052,-1.0182878406707006,-2.095666504278928,-1.3787831972830753,-0.681536414445349,-1.6163242484026918,-1.7782142286616458
746,-0.31973423710446414,1.0300355087849344,0.09361055999068554,0.09026360431082843,-0.24849856454999933,-0.29898716145665877,0.4097581420502043,0.8209760538280744,0.019620963211037647,-0.401606507309745,0.7853637879527738
772,-0.5785054588264767,-0.6189134100940199,-0.8088671727632258,-0.6759399041867965,0.016007576244018266,0.039507275820537285,-0.30884556732103674,-0.5394818035810631,-0.3346253180541275,0.5873606135923896,-0.7547781974312697
777,-0.01318406225649705,0.3951617960462159,1.2085075807489218,1.2511780111254114,-0.38075163494700803,-0.46823438009525686,-0.37281206051513865,-0.5102235149347937,3.8378222779930318,-0.6548008381535912,-0.4632716962761489
778,1.9218822480648028,-0.9445717080008437,0.4756340925997299,0.53141107890037,2.2643097729931676,1.6896676575468683,-0.2809264901810698,0.8360764420082438,0.34342818852871443,-1.3203748351182285,-1.0511969148413989
805,-0.1927195667566176,0.07311047295798045,1.0732032615822136,-0.28122900586983823,-0.5130047053440169,0.37800171309773345,-1.2231953436549576,0.5734168052974141,0.0411950363696957,-0.15554829821655836,0.6707523976498094
814,-0.20342394777964357,-0.9445717080008437,-0.9304029473161582,-0.7455947685956715,3.322334336169238,3.2128926252942507,-0.21244573493209407,-0.7793445661622735,-0.681536414445349,-0.7973447399425414,-1.1161761341806895
832,-0.7600517609769987,-0.6505746335016278,-1.2244411115571232,-0.9545593618222964,-1.042016986932052,-1.0182878406707006,-2.0452570594428763,-1.2576343246949526,-0.681536414445349,-1.6163242484026918,-1.8889019857830676
834,3.595841059077471,-0.9445717080008437,2.75000763194156,2.7835850281206613,1.4707913506111148,0.9280551736731771,1.679967082099166,0.7673266042114496,1.8407478434326598,-0.3054073841896323,-0.9268842309358118
835,-0.04486935856585154,-0.9445717080008437,0.03487385448499011,0.3224464856737451,0.28051371703803585,-0.08742813815841124,0.5439553344088657,0.9625421930171617,1.5961627032747923,0.3566718401603976,2.2065450277095353
847,1.4948226924848986,0.403695130466898,1.621049233687716,2.133472960304495,0.8095259986260711,0.20875449445913527,1.2564010376852686,1.0914244870389889,0.7547197171106637,-0.7869118799621573,-0.4541912485722829
849,-0.5493283745522857,1.3234057238502501,0.40817079084747365,0.1134818924471201,-0.7775108461380343,-0.6797934033935044,-0.2809264901810698,0.5199120644859491,-0.41309330414261813,0.24392920652822103,0.23195450334703072
852,1.600050166979787,2.4422745902301233,1.8092486416383278,1.4601426043520365,0.8095259986260711,0.5895607363959809,-0.06315768848932667,2.384017234357399,-0.08022384736723175,-0.3141468299510528,0.7321841028521986
864,-0.42385490514269875,-0.34150078595117006,-0.5436575935899125,-0.4205387346875881,0.14826064664102698,0.039507275820537285,-0.3377986843550768,3.1099378511742866,-0.5744650883986757,0.053133980381460694,0.7947242623744785
870,-0.49546634304462367,-0.4699575967016611,-0.8517290588271705,-0.6527216160505048,0.6772729282290622,0.37800171309773345,-0.3867185089401379,-0.8805685279648257,0.16111012013721435,1.887292124112929,0.31492600354030637
882,0.7985061159755955,0.2536050484487909,1.0886591138051358,1.0654317060350782,0.28051371703803585,0.08181908048018684,0.6435637056801033,0.9005023906354285,0.5948346005789564,-1.1249365433266016,-1.5025390599818784
907,-0.7600517609769987,-0.9445717080008437,-0.4889120163466854,-0.7455947685956715,-1.042016986932052,-1.0182878406707006,2.2404379541849804,-0.08947378882693428,-0.681536414445349,1.6487223760335712,2.6414597548060947
909,0.92040056114413,1.0650285480697457,0.18929934478287574,0.36888306194632825,1.735297491405132,1.097302392311775,-0.2579550975975529,-0.4221777389159268,0.8645599803362024,0.7188040336308381,-0.2040661890930727
914,-0.7600517609769987,-0.9445717080008437,-0.7374404020330247,-0.7688130567319631,-1.042016986932052,-1.0182878406707006,0.1727585133433947,-0.8060022937481746,-0.681536414445349,-0.25988943751556776,-0.4490963951020743
915,-0.7600517609769987,-0.9445717080008437,-1.0246459486754418,-0.9545593618222964,-1.042016986932052,-1.0182878406707006,-0.6997126472805757,-1.4330109751325333,-0.681536414445349,1.5139099305675945,0.6707523976498094
916,-0.7600517609769987,0.7625080794139582,0.11611998132641671,-0.21157414146096318,-1.042016986932052,-1.0182878406707006,0.09958351277493274,1.0135364474562414,-0.37845548345839475,1.1840572966545964,0.5881829014100393
929,1.3933259105164189,-0.5582981794617279,1.1264333597222236,1.4137060280794531,0.9417790690230796,0.3356899084380839,0.1562006664994362,0.4132931284163871,1.7873564248352423,-0.7450376545481887,-0.6931510329385118
941,-0.7600517609769987,-0.37554511219590975,-0.8893008383362383,-0.8384679211408381,-1.042016986932052,-1.0182878406707006,0.8313335184595527,1.2005153803995339,-0.681536414445349,1.5341049897867571,1.4138778638077414
943,-0.5192250336344696,-0.08058030539090318,-0.37633103238590404,-0.7688130567319631,-0.38075163494700803,1.097302392311775,1.904168628834718,0.7612293648805171,-0.681536414445349,0.5096797000897801,0.7856756556814894
954,0.2528675214078878,1.3266503267570473,0.8712643737769086,0.9261219772173284,0.14826064664102698,-0.1297399428180608,-0.6158355914952669,-0.8503144952651808,1.7379079273389213,-0.3122839151893195,-0.5706250501094828
957,-0.5646790848216356,-0.5941116191938313,-0.36439570842405744,-0.4205387346875881,-0.5130047053440169,-0.4259225754356073,-0.11267244913888426,-0.4612444077454901,-0.5570925884771956,1.9768805486492924,1.0945362359665112
958,-0.18721148720107988,0.08299088248185262,-0.6192363463232922,-0.5134118872327548,1.2062852098170973,1.097302392311775,-0.8623480480959177,0.3240743238459255,-0.31666228393678275,-0.3520743275758578,0.4967953036300992
959,2.548502343635318,0.04457732769745287,0.8145898965437754,1.4369243162157448,2.7933220545812025,1.308861415610023,-0.5692496699910097,-0.7867037087884317,-0.681536414445349,-1.2106615012214959,-0.5492697851079168
961,-0.7600517609769987,-0.9445717080008437,-1.2244411115571232,-0.9545593618222964,-1.042016986932052,-1.0182878406707006,-2.095666504278928,-1.3812897256814503,-0.681536414445349,-1.543981058488712,-1.6158721848835609
963,-0.28422475937280806,1.1892780262676586,0.07422744717380612,-0.025827836370629857,-0.24849856454999933,-0.17205174747771024,0.5386335161857049,-0.0522434703205264,-0.529995948951872,-0.1286215525910075,0.6707523976498094
966,0.2572335527974779,-0.03216699403775983,0.4772625171247843,0.6475025195818281,0.4127667874350446,0.039507275820537285,-0.06190614365201775,-0.24760421749920786,0.2904127780300561,-0.3066630516840893,0.7590163419061157
974,-0.7600517609769987,-0.9445717080008437,-1.2244411115571232,-0.9545593618222964,-1.042016986932052,-1.0182878406707006,-2.0430653444500044,-1.3651607603353852,-0.681536414445349,-1.6163242484026918,-1.8295476812396965
991,-0.7600517609769987,0.8698102374800315,0.3784869380764811,-0.025827836370629857,-1.042016986932052,-1.0182878406707006,-0.021677916738518786,1.3744592105890658,0.6069905150077594,-0.5001721754441442,0.21732790687027104
1019,-0.7600517609769987,0.6469914020700994,-0.3651716892389144,-0.6062850397779214,-1.042016986932052,-1.0182878406707006,0.6332658477479262,0.7343333190161068,-0.681536414445349,0.17865715547801359,-0.5032244248269238
1020,-0.7600517609769987,1.1722072283935108,-0.8088671727632258,-0.9545593618222964,-1.042016986932052,-1.0182878406707006,0.6264435168678592,-0.8712111966121479,-0.180442608546918,0.6986578288446665,1.7287428761353985
1021,-0.1927195667566176,0.07311047295798045,1.0732032615822136,0.601065943309245,-0.5130047053440169,-0.4259225754356073,-0.0017357187813995373,-0.7642017149892174,0.7639264871847404,-0.9902774126086347,-0.31373005751668187
1022,-0.4777429179199669,-0.9445717080008437,-0.6776332973546266,-0.3973204465512965,0.14826064664102698,-0.17205174747771024,0.16190480512510616,-0.8346026897411453,-0.5017180630463905,0.772039437752627,0.5605280462101162
1028,1.072325512281375,-0.9445717080008437,1.550353821383496,2.0870363840319115,0.5450198578320533,-0.0028045288391122646,1.0604030854564774,0.5933564602582087,-0.21467883131016488,-0.1335135234577613,0.1461027414182257
1030,-0.7600517609769987,-0.5808639869708859,-0.5818010000201685,-0.8849044974134214,-1.042016986932052,-1.0182878406707006,0.5235458872025167,0.4410339414339951,-0.5523885263271967,0.5465133882008322,0.4332586919704703
1035,-0.7600517609769987,-0.24365153038681897,-0.880422950303897,-0.7920313448682548,-1.042016986932052,-1.0182878406707006,-0.533307551744348,-0.4612444077454901,-0.681536414445349,0.970783205474737,1.3657578924892002
1036,-0.5202040040708213,0.3461471556542504,-0.6754105013619336,-0.8616862092771298,0.016007576244018266,3.2128926252942507,0.3387408317060034,-0.03993022351694379,-0.681536414445349,1.1186012239550864,0.5250810099747674
1055,1.7430866474620161,1.6212209421741313,1.7349490586418432,2.5746204348940362,0.9417790690230796,0.16644268979948593,-1.6557295311642957,-0.7236678204350769,2.7350122621348625,-0.5640596678357107,-0.7719618911941759
1067,-0.30792495485500915,-0.9445717080008437,0.009542806317476338,-0.16513756518837983,-0.24849856454999933,-0.08742813815841124,0.6855442452963332,-0.9804756673114237,-0.681536414445349,0.2961968642657436,-0.08439468098747611
1069,1.565171813364662,1.1409247810576333,1.1297954875216059,1.1118682823076615,1.2062852098170973,0.843431564353878,-0.48653742773895536,0.6946590751164983,1.7251949193032732,-1.188679776004781,-0.27493271938204183
1073,0.27056043463731827,1.828501134437175,0.18197724025628503,0.2527916212648701,0.6772729282290622,0.37800171309773345,0.043983294002389636,-0.35181801397508544,-0.3533090306690841,0.5634487228045646,-0.5475983787440052
1082,0.48472773689050425,-0.05141603863613722,0.8358938170624103,0.3224464856737451,0.14826064664102698,0.2933781037784344,0.5843292971314109,1.602875109518012,-0.36438843602862053,1.5887537857609766,0.01193840022615753
1093,0.29356517114656633,3.3078859767199575,1.0482288662220032,1.0189951297624948,0.016007576244018266,-0.1297399428180608,-0.39434774106218573,0.42054611726465646,-0.17820558262772856,-0.841218642181478,0.6707523976498094
1094,-0.7600517609769987,1.4792209672598673,0.3617189601753097,-0.07226441264321322,-1.042016986932052,-1.0182878406707006,3.1684648343255457,-1.0358097504061976,-0.681536414445349,0.20606145172046733,0.6121343583345528
1097,-0.7600517609769987,-0.9445717080008437,-0.09516410396501082,-0.28122900586983823,-1.042016986932052,-1.0182878406707006,-0.12312301069429966,-0.7603245598579517,-0.1368692341209674,-0.04364620679443207,0.9304274800270577
1098,1.4833911363203256,0.26271665876399725,2.093829882614681,1.8780717908052864,0.4127667874350446,0.16644268979948593,1.2854080467018723,0.020059790060967444,0.8903357903691209,-0.7085960099383047,-1.4217407294911355
1116,-0.7600517609769987,-0.16057950933626802,-0.41638067501343384,-0.5134118872327548,-1.042016986932052,-1.0182878406707006,-1.0874776075578956,-1.3606804921837006,-0.40315096672399847,-0.08907912799644842,0.15882152096323404
1126,-0.7600517609769987,0.5254136644952355,0.4109192957336766,-0.09548270077950491,-1.042016986932052,-1.0182878406707006,-1.0874776075578958,0.04332353985048998,-0.15956369996781675,-1.013464332452859,0.5759503834485918
1151,-0.7600517609769987,-0.34997088317096886,-1.0493397328518295,-0.9545593618222964,-1.042016986932052,-1.0182878406707006,0.35117396416762225,-0.8633958973924957,-0.681536414445349,1.066063692228025,-0.1632922890867461
1152,-0.7600517609769987,-0.9445717080008437,-1.2244411115571232,-0.9545593618222964,-1.042016986932052,-1.0182878406707006,-1.9465097907914324,-1.376207996873786,-0.681536414445349,-1.6163242484026918,-1.8889019857830676
1161,-0.7600517609769987,-0.27043828876697285,-1.1913540145193926,-0.9545593618222964,-1.042016986932052,-1.0182878406707006,0.4472812861766696,-0.5034939014811222,-0.32247238155634583,1.079265949029045,1.697874857243894
1186,-0.2379053167387718,-0.007943860038739977,-0.305029742544076,-0.4437570228238798,0.28051371703803585,0.6741843457152801,-0.4094036593207414,-0.7665691813968043,-0.5152442222224184,0.11222984688709436,-0.25797175917096915
1199,-0.5221382601749034,-0.5178017611471432,0.744507993615576,0.2527916212648701,-0.7775108461380343,-0.6797934033935044,0.6849835173226287,2.135410045115997,-0.22691501796491767,0.2214261405411537,1.1661693750884308
1206,-0.5933778960082992,-0.34661155647701475,-0.46138161942143596,-0.629503327914213,-0.5130047053440169,-0.17205174747771024,1.1339555547087858,1.184035881224871,-0.5753724725177154,0.10029381735276467,2.275959383870427
1207,3.1548092569607973,0.05864105806283132,1.0405353321062984,1.901290078941578,1.8675505618021409,0.5895607363959809,1.1725856538120012,0.41112754406832513,3.2369696506371683,-1.6163242484026918,-1.4036594486393943
1248,-0.3854324073330645,-0.9445717080008437,0.061859175185892554,-0.14191927705208826,-0.38075163494700803,-0.2566753567970093,0.7272624065399624,-0.065242958039441,-0.681536414445349,1.69079300480782,1.0364173095687919
1265,-0.18721148720107988,-0.9445717080008437,1.0955104885058962,0.6242842314455368,-0.5130047053440169,-0.4259225754356073,0.19478205720380537,2.0798609640668246,0.04821184657178357,-0.3520743275758578,-0.6960533410764842
1276,-0.43586193570820947,1.9630916661672257,-0.8248507857937605,-0.6991581923230882,0.8095259986260711,1.097302392311775,-1.0985566064229617,0.42054611726465646,-0.2685470139796092,0.41087502940663645,0.2488313454355991
1279,-0.13568617157044163,0.7354115748518187,0.5895721133368736,0.7635939602632866,-0.24849856454999933,-0.4259225754356073,-0.27132469116467894,0.7149637386610791,0.11385057904422413,-0.12352826605072446,0.16965603687194475
1285,-0.7600517609769987,-0.9445717080008437,-1.2244411115571232,-0.9545593618222964,-1.042016986932052,-1.0182878406707006,-1.9660422175576524,-1.3680409327186112,-0.681536414445349,-1.5388136877805705,-1.8889019857830676
1288,2.256052939287264,0.7461462923141358,2.094839549735987,2.458528994212578,0.5450198578320533,0.08181908048018684,0.10753223488141099,2.0332586152971377,0.8793787956216487,-1.4776472070340403,-0.9075648419749358
1291,2.1259424444049406,0.7810632944945539,1.31643215552513,2.3424375535311195,1.6030444210081236,0.4626253224170323,0.27138568802262614,0.7013629246291793,1.3609655117710824,-0.6727174234377359,-1.5550340227266055
1358,1.6856497187709654,-0.3961833825100783,2.0054081536804214,2.296000977258536,0.5450198578320533,0.08181908048018684,1.007256835888394,1.6046998924406828,4.3813284638030465,-1.1665220313209512,-1.0401046772871911
1379,-0.28229833426509876,-0.08757618719341274,-0.6355711578005885,-0.5830667516416297,0.8095259986260711,1.097302392311775,-0.5527701360175911,-0.3277156715272637,-0.681536414445349,0.05313398038146094,0.5982115851638578
1406,-0.5249818478338926,0.32043562450574253,-0.6449555395337604,-0.5830667516416297,-0.11624549415299044,0.039507275820537285,-0.3604569290459163,-0.2366151273064424,-0.3820779647052508,1.0641206368563263,0.06908065014965095
1424,-0.0534344172773623,1.5904928864834131,0.5174855779981354,0.7171573839907032,-0.11624549415299044,-0.29898716145665877,-1.1176629038669086,2.6815676708030525,1.7939269979271397,-0.3167459864749082,0.3182251472368984
1436,-0.17198649653593917,-0.5929472999619144,0.1216870954995212,-0.25801071773354656,-0.38075163494700803,-0.08742813815841124,-0.04579406310526789,-0.3189213969403121,-0.5566791538394277,1.8446124119338905,-0.6643497226125219
1442,-0.7600517609769987,-0.9445717080008437,-1.1245435301162825,-0.9545593618222964,-1.042016986932052,-1.0182878406707006,0.8707354418425708,0.30589310124008784,-0.32017068903782664,-0.15554829821655836,0.08006292454991458
1450,-0.7600517609769987,-0.4823929009278405,-0.5439161026151514,-0.4437570228238798,-1.042016986932052,-1.0182878406707006,-1.382449904851822,-0.7770521985902243,-0.5174227225572166,0.9425396743188699,-0.36875789780546364
1465,-0.4635565438970005,-0.4127177038816591,-0.9111944240240348,-0.8384679211408381,1.2062852098170973,3.2128926252942507,-0.08942126256270266,-0.5880931459866557,-0.49268196498614136,0.5648774575464527,0.16911158883633132
1475,-0.43134675708329595,-0.6497557001464768,0.22254335499544436,0.2063550449922867,-0.5130047053440169,-0.552857989414556,0.28017696821687516,-1.0242735052845011,-0.5768510789512479,1.2250099515614232,0.7919616581466309
1476,-0.7600517609769987,-0.22944368894869702,-0.4522598063657599,-0.49019359909646315,-1.042016986932052,-1.0182878406707006,0.8471551402040849,-0.3448402329534086,-0.681536414445349,0.14337496572114464,-0.5053050217652962
1478,0.5042885575712792,-0.18857923071714572,0.037122631210065184,0.36888306194632825,1.338538280214106,0.5895607363959809,0.3671949434253082,0.42054611726465646,-0.681536414445349,-0.841218642181478,0.30508748573082695
1483,-0.7600517609769987,-0.2617397930349229,-0.8893008383362383,-0.9545593618222964,-1.042016986932052,-1.0182878406707006,0.4800935157309353,-0.9385236124717332,-0.681536414445349,1.1840572966545964,-0.567790045946744
1492,3.705005940562866,0.19963312248259119,2.31355323222876,2.6907118755754946,1.735297491405132,0.8857433690135276,-0.8204437916696221,0.012340063815021743,2.7719479235032978,-1.2643844055779245,-1.5568387144188025
1506,0.17649662313283696,-0.9445717080008437,0.20478142926844997,0.27600990940116177,0.5450198578320533,0.2510662991187848,1.649035112113478,1.5982166028503473,2.5000115595129437,-1.1570024076790095,0.4946915141332627
1511,-0.3293762266783152,-0.9445717080008437,-0.9211024701017236,-0.4437570228238798,2.2643097729931676,0.37800171309773345,-0.3736504325072376,-0.24672885677614076,-0.681536414445349,2.6609008487012322,0.35313105080047436
1512,-0.7600517609769987,0.8048323716639121,-0.45167965512219,-0.3741021584150048,-1.042016986932052,-1.0182878406707006,0.004032685586362695,-0.9344440721166067,-0.060345745976219604,-0.4504629233426844,1.5803816413490965
1514,0.0012714415897063043,1.1039240368969185,0.7864005277681868,0.6939390958544115,-0.11624549415299044,-0.2566753567970093,-1.0419464960930747,2.202722460975582,0.28832256471290457,-0.7762097848855053,-0.1714564639958468
1526,0.44408187573564684,-0.4045770813696309,0.25975152699251014,-0.002609548234338302,0.8095259986260711,1.097302392311775,-0.24389097968927675,0.7754245001978444,-0.10630117808235429,-0.06611303596026455,-0.2172909598677195
1528,-0.30618600560069376,-0.13042596323378425,-0.18550626457237976,-0.07226441264321322,0.016007576244018266,-0.17205174747771024,1.2546227525171179,0.35939784205155323,-0.3924438341193311,-0.6146493111322001,-0.15621286469004314
1529,1.0100246849905905,3.818180898886454,2.3079373681910047,1.9477266552141614,0.14826064664102698,-0.0028045288391122646,0.9893915196874308,-0.1756495660630994,0.2580144716142092,-0.8567207543059024,0.3635938716378644
1531,-0.7600517609769987,-0.3875246194760136,-0.8416756416153757,-0.8384679211408381,-1.042016986932052,-1.0182878406707006,1.5338135239167883,0.33686953013093635,-0.28593604136764034,0.6681975383545696,0.5899212065940344
1535,-0.7600517609769987,1.4205444220487145,0.05246205233474031,-0.4437570228238798,-1.042016986932052,-1.0182878406707006,1.65547207234793,-0.478743460939221,-0.47158090918064327,0.9298327150502337,-0.058534605451177744
1538,1.0100246849905905,0.11381776019633358,0.23006767422151755,-0.025827836370629857,1.735297491405132,2.1550975088030127,-1.006822495820213,-0.5929865443925285,0.4459246488261208,0.5539714490167067,0.5683662223124942
1545,-0.26836385931933504,-0.5035760962520198,-0.48852892827626326,-0.46697531096017153,0.5450198578320533,0.6741843457152801,2.7436401999820266,0.11416777999900403,-0.681536414445349,0.4635424616242318,-0.26778754294224555
1554,-0.5431306278927353,-0.1663441578558604,-0.7278913685129443,-0.6991581923230882,0.016007576244018266,0.37800171309773345,-0.027396635270339746,-0.543888076353772,-0.2670286705955439,0.21885226044459363,1.423591922188891
1585,-0.5607188278725406,-0.22944368894869702,-0.9787470599053258,-0.8849044974134214,0.8095259986260711,3.2128926252942507,-0.5016381135172959,-0.4858324553619995,-0.681536414445349,0.8032621710175836,0.4632128530471438
1630,-0.1927195667566176,-0.9445717080008437,-0.22546529714871613,-0.5134118872327548,0.28051371703803585,1.097302392311775,1.7432066024665411,1.24222606544073,-0.32017068903782664,-0.7815951340106155,-1.1013160216498747
1634,-0.7600517609769987,-0.13664081624727328,-0.19343706493104193,-0.4205387346875881,-1.042016986932052,-1.0182878406707006,0.674928937091848,-0.5048466736511986,-0.39465064770960606,0.8687471608561617,-0.013124727694852413
1640,-0.7600517609769987,-0.3108055593797795,-0.4156894342636103,-0.3973204465512965,-1.042016986932052,-1.0182878406707006,0.295008963394897,0.3491454366266018,0.44367422754214597,-0.4467038126676866,0.3182251472368984
1641,-0.4918583600728185,-0.9445717080008437,-0.988319555424227,-0.8384679211408381,1.6030444210081236,3.2128926252942507,-0.775855584935031,-1.0609098231255247,-0.1690541129583173,0.3566718401603976,0.15882152096323404
1654,-0.7600517609769987,-0.9445717080008437,-0.9149711571361359,-0.5598484635053381,-1.042016986932052,-1.0182878406707006,-0.8600988351059181,-1.152395685557508,-0.681536414445349,1.2466190120228975,0.6380759587123684
1655,-0.7600517609769987,-0.5679206517029158,-0.743795096937847,-0.5366301753690464,-1.042016986932052,-1.0182878406707006,-0.15822164937018282,-0.032081685024505764,-0.28030471933094697,-0.3033339688251199,0.953134197957351
1656,-0.28803137538564155,-0.9445717080008437,-0.6010802033662772,-0.49019359909646315,0.6772729282290622,0.6741843457152801,-0.7890536941284702,-0.8990336618341098,-0.5312082726758197,1.4220897279844658,-0.5783589414654345
1657,-0.26003016607090007,-0.49610159435797196,-0.07985187335359233,-0.3741021584150048,0.016007576244018266,0.37800171309773345,3.3639326906764926,0.437387803234367,-0.04455276287954687,-0.14493733489801497,0.8876722606525955
1659,-0.36138589476808225,0.12812032057737635,-0.5575572570736731,-0.629503327914213,0.4127667874350446,1.097302392311775,-0.6242556820374214,-0.15685060307528748,-0.30063740658336596,1.0965453733715562,0.8091120940515866
1662,-0.0036088353498237385,1.090792653916805,-0.09226852189426162,0.2295733331285784,0.5450198578320533,0.039507275820537285,-0.6997126472805755,-0.1399797388554557,0.28210551997471084,-0.5033520958799232,0.7363845613275758
1666,-0.47363162408903925,1.6243347682058968,0.1877033406551493,-0.5134118872327548,-0.5130047053440169,0.039507275820537285,0.5471587589703796,-0.7564097624438584,-0.1342252186824996,0.38540479290646196,-0.8948614485275814
1668,1.9751657051980842,0.10680855842019335,1.9749277880978815,1.8084169263964114,0.8095259986260711,0.5049371270766819,0.6685070271284056,0.13758348610468407,0.9362333231406453,-1.328867864638533,-0.871820773822984
1670,-0.2861357111864795,-0.09445968535250858,-0.9323710742521754,-0.6759399041867965,2.7933220545812025,1.816603071525817,0.6738162481595705,-0.7846151703188928,-0.681536414445349,1.4342921937530895,0.41375898565855673
1674,-0.246986124464654,-0.9445717080008437,1.4858237066639468,0.46175621449149495,-0.6452577757410256,-0.4259225754356073,0.744796126482937,2.0622443757034046,-0.3547361062507201,-1.0501601534237184,0.24785297777829057
1686,-0.1981227305110974,0.0634182617107536,-0.4328717043306521,-0.7223764804593799,0.6772729282290622,3.2128926252942507,-0.8858398282136892,-0.24189353087729457,-0.681536414445349,-0.3761552784487499,0.6463747368552107
1693,1.2400346186473958,-0.04763148071510033,0.09623877867772013,0.4385379263552033,2.5288159137871853,1.3934850249293216,-1.1729173445681527,-0.7415302146453762,2.821873669166563,-0.8806307916503534,-1.021222533771923
1702,4.343974899829199,0.886551939399117,4.024157077362342,4.107027451889286,0.5450198578320533,0.12413088513983639,-1.2793474667954623,0.1661142800890282,4.390087745599325,-1.39103403759791,-1.8180465011205658
1724,1.163944375944294,0.20585162699608817,0.8082575021086795,1.0654317060350782,0.8095259986260711,0.2933781037784344,2.0466748322487924,1.0793855499275753,0.7482149339061527,-0.6727174234377359,0.114305792555706
1728,-0.43225982653855627,-0.9445717080008437,-0.2432248671826433,-0.3044472940061298,-0.24849856454999933,-0.17205174747771024,1.634632413588891,0.5199120644859491,-0.681536414445349,0.5539714490167067,0.7276336061705398
1731,-0.17002627898780226,-0.9445717080008437,-0.6530269457155143,-0.6062850397779214,1.338538280214106,1.816603071525817,0.8079175182776451,-0.7320988705023382,-0.4936262372334373,0.8795158036296162,-0.35310935572334134
1748,2.517867583407426,1.769247441222688,1.6614890189560536,2.2263461128496616,1.6030444210081236,0.7164961503749294,-1.0874776075578956,1.108464213412067,-0.1997154472353191,-1.152585851518205,-1.5388637795016487
1758,0.16912222640756253,-0.11119417398731833,0.49348265117355516,0.6939390958544115,0.28051371703803585,-0.08742813815841124,0.04772721315948737,-0.14278838666708144,-0.681536414445349,0.0925700015338425,0.6909071565744778
1759,-0.5975103058835561,1.9711017581070824,-0.45167965512219,-0.6991581923230882,-0.5130047053440169,0.039507275820537285,-0.49589569295299235,0.08111423143985541,-0.3709410802107843,0.894761682495786,-0.02733516146824776
1760,1.1258744371619853,-0.46128884581035173,1.574515782146067,1.274396299261703,0.5450198578320533,0.37800171309773345,-0.10691032444565848,0.8470483564793374,1.034538263289004,0.1674804344077728,0.3551785695553455
1769,-0.49063373267142957,0.988559740761124,-0.5602818486445018,-0.4205387346875881,-0.11624549415299044,-0.17205174747771024,-0.8526938918831346,0.21183225552130225,-0.5099289466719137,-0.7244219069974595,-0.018834856334390176
1772,1.600050166979787,-0.9445717080008437,2.359884110540242,3.2247325027102027,0.28051371703803585,-0.21436355213735978,1.4430765232118952,-0.45387421828271873,0.6338348260380324,-1.1822651089188123,-1.172198758421862
1787,-0.7600517609769987,0.4526421114013703,-0.6415403723247589,-0.7920313448682548,-1.042016986932052,-1.0182878406707006,-0.3587866227991299,-0.18942306369773404,-0.4334701739015713,0.10272184856316818,0.13854703079742905
1790,1.3854954462564428,0.9797727796303876,0.5134135415809931,0.740375672126995,1.8675505618021409,1.097302392311775,0.08202151263850171,-0.200942716264883,-0.2715505732557236,-0.5114464388073618,-0.325185853358619
1791,0.03727997144083415,0.4856843301034496,-0.24166490494993348,-0.3276655821424215,0.8095259986260711,1.097302392311775,-0.37902054499717025,-1.0967987524658933,0.5881269450945945,0.43665816807511754,1.4317307278595834
1792,-0.7600517609769987,0.31917691074205445,-0.5111425598959561,-0.6062850397779214,-1.042016986932052,-1.0182878406707006,0.1253585876020327,-1.0269339497201437,-0.681536414445349,0.1328692987711517,-0.2996240402486245
1803,-0.7600517609769987,0.17344533586941405,-0.6025434918831571,-0.5366301753690464,-1.042016986932052,-1.0182878406707006,-0.050889023605284904,-0.5871085587822548,0.5094435819681755,0.5998227665678206,0.12998034481187773
1805,3.1998508027088834,-0.9445717080008437,1.494918555047239,1.5297974687609115,1.338538280214106,0.843431564353878,-0.39054165881785324,-0.07294919108270298,0.8318341402814561,-1.1793519603316722,-0.7894531231004895
1806,-0.7600517609769987,-0.9445717080008437,-0.8088671727632258,-0.9545593618222964,-1.042016986932052,-1.0182878406707006,-0.4261056913088984,-0.2869394269509471,-0.38088013090629036,1.682525211674794,0.15882152096323404
1807,-0.18721148720107988,0.08299088248185262,-0.4175014245786817,-0.7223764804593799,0.6772729282290622,3.2128926252942507,1.4281005133868157,-0.21616771929896644,0.04821184657178357,0.7014672731131706,0.29798719617900205
1811,-0.33404058264544895,0.2016984741621641,-0.5493209943829217,-0.5366301753690464,0.4127667874350446,0.6741843457152801,0.5248966929742969,1.3460484415640608,-0.681536414445349,0.2640763558596029,1.215949540691469
1812,0.14304846655748543,-0.9445717080008437,-0.5353516722305077,-0.49019359909646315,1.9998036321991497,2.1550975088030127,0.4968192301465833,-0.7150647081215453,-0.681536414445349,0.4875338256263168,1.2453686878082102
1826,-0.5365572602235152,-0.14276150482116395,-0.6341372212248826,-0.6991581923230882,-0.11624549415299044,0.37800171309773345,1.6163017063757816,0.3302134379725724,-0.5391802195878402,0.767712691944375,3.075276212389785
1843,-0.7600517609769987,-0.9445717080008437,-0.3423266188342278,-0.07226441264321322,-1.042016986932052,-1.0182878406707006,0.9859674819249822,1.1892260863350335,-0.3269889102719308,0.8406142769777593,-0.536631745478906
1845,0.4400000667976381,-0.22701952617224896,1.6282274513501385,1.4833608924883281,-0.11624549415299044,-0.21436355213735978,-0.12713496356260728,0.979690091459049,-0.04455276287954687,-0.8806307916503534,-0.9865153556914771
1848,3.1395419418251618,-0.6404368033464823,2.178966145806692,2.388874129803703,1.0740321394200885,0.5049371270766819,0.09453696101159081,0.9916147794559937,0.9383789063469928,-1.4292297917286056,-1.7123740972704555
1875,-0.7600517609769987,-0.9445717080008437,-0.8914491734209876,-0.8849044974134214,-1.042016986932052,-1.0182878406707006,-0.4670536711141834,-1.076312703056098,-0.681536414445349,0.9574238543062102,-0.7731552032610441
1876,-0.7600517609769987,-0.9445717080008437,-1.1268885437651286,-0.7455947685956715,-1.042016986932052,-1.0182878406707006,0.8011015933420661,-0.8483523636833059,-0.5050949334951973,0.21772845364187024,1.475901898541841
1877,1.6814329920817448,-0.21464793683037664,0.28022314959319494,0.6475025195818281,2.7933220545812025,1.5204204389082703,0.15711420287703393,-0.031740263190882495,0.3552093908617497,-0.5685952910278097,-0.4766788776821698
1898,0.026648881675263147,2.5833931859897468,-0.3932932339693284,-0.3276655821424215,1.2062852098170973,1.097302392311775,0.20300418024502556,-0.546615769022592,-0.681536414445349,-1.3269514887467722,-0.2507231803860262
1947,-0.7600517609769987,0.21213809330754665,-0.9973515275167422,-0.9545593618222964,-1.042016986932052,-1.0182878406707006,-0.9056730524114801,-0.274472529966243,-0.2708037866597498,0.16260665112140532,-0.21044009500741048
1950,-0.7600517609769987,-0.9445717080008437,-0.29865758454101515,-0.7223764804593799,-1.042016986932052,-1.0182878406707006,0.06046024514426971,-0.6026279927367726,-0.681536414445349,0.7473641349253661,0.3412919324554789
1967,-0.7600517609769987,-0.9445717080008437,-1.2244411115571232,-0.9545593618222964,-1.042016986932052,-1.0182878406707006,-2.095666504278928,-1.3812897256814503,-0.681536414445349,-1.6163242484026918,-1.8889019857830676
1985,-0.4543390760085032,1.7973699194529829,0.2828218788870643,0.13670018058341166,-0.5130047053440169,-0.552857989414556,-0.21510690417752074,0.8118317125402128,-0.681536414445349,-0.042016488616599616,-0.2974070323532995
1989,1.0356779668162077,2.7367829639893375,1.937534509700792,1.158304858580245,0.28051371703803585,0.37800171309773345,0.0346804687924709,0.9735392148440241,0.29886451013853776,-0.29527469345175356,0.15882152096323404
1991,0.41999920300139415,1.1722072283935108,0.43785464361846643,0.6707208077181198,0.6772729282290622,0.20875449445913527,-0.09945248877128385,-0.45387421828271873,3.076667129792884,-1.399294678660752,-0.8650402324099168
2008,-0.7600517609769987,-0.05516879354943434,0.04148790367638762,-0.5598484635053381,-1.042016986932052,-1.0182878406707006,0.4205696497223038,2.3494145045015133,-0.5236287025025662,-0.8868130896062554,-0.34020353530267144
2025,0.7451152849138084,0.1354175452615819,1.4789097658011379,1.2976145873979947,0.016007576244018266,-0.1297399428180608,-0.4290685321482421,2.9046947977969717,-0.48979133565768407,0.15534570867436795,-0.3217666489874287
2027,2.1802745612282988,0.4619259241548733,1.502331410429413,1.831635214532703,0.28051371703803585,-0.08742813815841124,-0.4075362586065018,0.37432939762684597,1.0664652340375498,-1.2558100129509646,-0.5282883600380166
2035,-0.7600517609769987,-0.9445717080008437,-1.0091178272079537,-0.8384679211408381,-1.042016986932052,-1.0182878406707006,-0.7792747842079427,-1.0622203490427156,-0.48681084220502613,-0.3793681514279051,-0.19130736879131505
2044,-0.05202118258996305,0.3254956538357689,0.9365433701711433,0.4385379263552033,-0.7775108461380343,-0.7221052080531539,0.5175591160219877,1.2711186254789215,0.22043243617182684,-1.355888764712364,-0.9059947025448428
2056,-0.7600517609769987,0.3895326636762704,-0.7006084155984291,-0.6527216160505048,-1.042016986932052,-1.0182878406707006,0.11557132802518467,-0.6900144693262613,-0.0499055666742175,-0.7956241947567009,-0.6843587465205372
2057,-0.1080899024254005,-0.9445717080008437,-0.47824481261780477,-0.4437570228238798,0.9417790690230796,1.097302392311775,-0.1906907988723366,-1.028769356018286,-0.681536414445349,1.5012275821445102,-0.5312952409788898
2059,-0.3793901596936462,-0.9445717080008437,-1.0233569476245923,-0.8152496330045464,-1.042016986932052,-1.0182878406707006,-0.22238648972630026,0.8564741437838758,-0.681536414445349,0.34394283313741,1.9423226397422708
2061,-0.7600517609769987,-0.9445717080008437,-0.1255677157078753,-0.5134118872327548,-1.042016986932052,-1.0182878406707006,-0.17622995090619337,-0.7642017149892174,-0.681536414445349,1.0965453733715562,-0.7075230395832783
2075,-0.44620841949338363,0.7443476561435878,-0.6165537010873265,-0.5830667516416297,0.14826064664102698,0.37800171309773345,0.5106090478828895,0.13513329013966685,0.11808136092448777,1.731472306127231,1.4876633710858338
2076,-0.2557564772255488,3.126157015834454,-0.2920636847759432,0.043827028038245064,0.28051371703803585,-0.17205174747771024,-1.3976895757797518,0.9895647893865889,-0.5209294253753392,0.6096200566428454,0.99891321603864
2079,-0.27242739569667107,-0.0698696681684658,-0.1940925029772123,-0.3741021584150048,0.016007576244018266,0.37800171309773345,0.6039467398335885,-0.6470219107327024,-0.3709410802107843,1.253488244052711,1.326531619851621
2087,-0.7600517609769987,-0.9445717080008437,-1.2244411115571232,-0.9545593618222964,-1.042016986932052,-1.0182878406707006,-2.095666504278928,-1.4798276233425653,-0.681536414445349,-1.6163242484026918,-1.8889019857830676
2089,1.014460966810058,2.238554512141042,1.2361940523541113,1.2279597229891197,0.4127667874350446,0.16644268979948593,-0.5265304018634867,0.6820354520575316,1.2964654509431945,-0.39247329121130164,-0.27227816466756627
2091,0.32256380230593035,0.026427804106658244,0.2052857420916063,0.3224464856737451,0.6772729282290622,0.37800171309773345,0.40168213897500515,4.431648573903992,-0.3367470984601901,-1.4172145513917378,-0.3859856505564243
2094,-0.34744652881672156,1.2758257777275002,-0.2073021005231087,-0.3044472940061298,-0.11624549415299044,0.039507275820537285,-0.06518816682677926,0.08701007064773,0.8953322055147487,-0.250403879397476,-0.027335161468247986
2095,1.600050166979787,2.4422745902301233,0.7703137946535842,1.0886499941713699,1.2062852098170973,0.5049371270766819,0.3723799148941593,0.9928939732593022,0.8217450032499443,-1.095453281022036,-0.08690529984632214
2096,0.10129930762036839,-0.17202465092261204,0.06474811462832493,0.3921013500826199,0.5450198578320533,0.039507275820537285,0.28866344125110494,-0.04364516902459386,0.9643921450750451,-1.299492759728327,-0.394213294727373
2108,-0.7600517609769987,-0.9445717080008437,-0.7494994672212406,-0.9545593618222964,-1.042016986932052,-1.0182878406707006,-0.12537734611553927,-1.0898162804989917,-0.25202743796097954,0.49196300051900954,0.6853789941265687
2156,-0.3744141910494193,-0.25281388564974744,-0.47749448954194823,-0.35088387027871315,0.14826064664102698,0.039507275820537285,-0.19789916927463178,-0.29384958171195735,-0.43590219586768675,0.9369648073848359,0.11867007965448295
2169,-0.7600517609769987,-0.9445717080008437,-1.2244411115571232,-0.9545593618222964,-1.042016986932052,-1.0182878406707006,-2.095666504278928,-1.273904772193176,-0.681536414445349,-1.5592112037337604,-1.8889019857830676
2172,-0.7600517609769987,-0.484402374002071,-0.6823881479129092,-0.8616862092771298,-1.042016986932052,-1.0182878406707006,-0.2809264901810698,-0.6595185264450462,-0.5181362603480345,-0.4839960584447448,-0.731493047187332
2175,1.8240014448151025,-0.17202465092261204,2.6431265669992214,2.2727826891222445,-0.24849856454999933,-0.34129896611630833,0.1562006664994362,0.46406405035427367,-0.13289356127188431,0.6014961723178616,-0.09527555651623396
2184,4.253236648081533,1.1307017590524449,3.1893343821689113,2.6907118755754946,0.9417790690230796,0.758807955034579,-0.9095619199012428,-0.657541937554597,0.30100045986530016,-0.765227896473516,-1.0858731596080473
2185,1.6482155124482922,2.8353906784176455,2.8040817645061678,2.4817472823488695,0.4127667874350446,0.16644268979948593,-1.1697787419841024,0.2076190875047436,1.2359143734313005,-1.3948655037680593,-1.0530964728253938
2190,-0.7600517609769987,0.41233786661092214,-0.19216610333510245,-0.28122900586983823,-1.042016986932052,-1.0182878406707006,-0.8160421353637715,-0.6304398629605541,-0.1997154472353191,1.0965453733715562,0.99891321603864
2192,2.800446837233669,-0.03216699403775983,2.268529494684687,3.6658799772997446,1.338538280214106,0.2510662991187848,-0.21834924831562633,0.23209345874151527,1.5863450346639294,-0.3066630516840893,0.4059605648808914
2197,-0.40461472363410933,1.6057643599441613,0.9034977316646403,0.7171573839907032,-0.6452577757410256,-0.6797934033935044,2.277200999571332,0.9473053555462075,0.4504526049035162,0.47552702621841486,0.7015916070887597
2201,-0.34454085816770547,-0.19922701208733856,-0.3464680014291709,-0.46697531096017153,0.016007576244018266,0.37800171309773345,3.01627719740518,-0.9789742661338313,-0.681536414445349,1.5932679801752918,0.9952156293525688
2203,0.10129930762036839,-0.5582981794617279,-0.31442518719092455,-0.025827836370629857,1.2062852098170973,0.5049371270766819,0.3548948286269389,0.7686895819815944,-0.40721498785861665,-0.11137467719945922,-0.5436821638329422
2204,-0.5909900182866845,-0.6413082500646897,-0.6588318825396411,-0.6991581923230882,-0.38075163494700803,0.039507275820537285,-0.015735256029233556,-0.6101264584977485,-0.5738514991376633,0.5601900613302293,-0.011333154382447069
2207,-0.7600517609769987,-0.9445717080008437,-1.2244411115571232,-0.9545593618222964,-1.042016986932052,-1.0182878406707006,-2.095666504278928,-1.3035873453318265,-0.5799633456821536,-1.5576676079318974,-1.8335581072223566
2211,-0.7600517609769987,-0.2245788724925598,-0.6590343921096438,-0.7920313448682548,-1.042016986932052,-1.0182878406707006,0.7437226334252041,-0.24189353087729443,-0.681536414445349,0.1553457086743682,-0.2172909598677193
2221,-0.7600517609769987,-0.9445717080008437,-0.6383753004375243,-0.8384679211408381,-1.042016986932052,-1.0182878406707006,-0.048267514014677784,0.9301150773738496,-0.488808027561337,2.056483854922444,1.1564304088652786
2222,-0.7600517609769987,-0.2617397930349229,-1.0233569476245923,-0.8152496330045464,-1.042016986932052,-1.0182878406707006,0.5971735166404745,-0.8487737246589528,-0.19660692486622222,-0.07611439862118316,-0.03934527001221455
2228,-0.4559149145908149,-0.39901012645590694,-0.8495677131605663,-0.7223764804593799,0.8095259986260711,1.097302392311775,0.8977190859855805,2.2337185562511306,-0.48781458226812047,-1.056969687212125,1.5943390308472396
2229,-0.15386119728946812,1.23020117185637,0.34107715102262726,-0.5598484635053381,-0.11624549415299044,1.5204204389082703,-1.2877343062216622,-0.18517780757746996,0.4768139930253392,-0.35279593141194615,-0.13571405192493266
2238,0.31926314510079973,-0.29921227617329654,1.8163438064470045,1.3208328755342864,-0.24849856454999933,-0.21436355213735978,-0.6571530784696501,2.250333681949436,0.23509859634446395,-1.3516540414003262,-0.5154289019898164
2239,-0.4978182134262447,-0.4741763888020982,-0.4394681160575393,-0.23479242959725488,-0.24849856454999933,-0.4259225754356073,1.2918481887037405,-0.14473571581647512,-0.681536414445349,0.6022002422926931,0.7503860895788325
2244,0.9257353304207052,1.2154067985240078,1.9559716853349485,1.3208328755342864,0.14826064664102698,0.20875449445913527,0.6449612721137555,1.2154736950349976,2.0795927200970263,-1.2619902569872798,-0.7187742676423239
2248,0.8676047410621638,-0.9445717080008437,-0.14968092502118163,-0.16513756518837983,2.5288159137871853,2.3666565321012607,0.5325776540696942,1.1195341597868531,-0.681536414445349,-0.11956859501000312,1.924100406089356
2249,-0.7600517609769987,-0.5718993600440911,-0.785454556493147,-0.8616862092771298,-1.042016986932052,-1.0182878406707006,0.013010272665766353,0.049673215664057156,-0.5492053037327351,0.5234039039826306,-0.23053435708007677
2252,-0.7600517609769987,-0.3292289939327174,-1.0432315452225749,-0.9545593618222964,-1.042016986932052,-1.0182878406707006,-0.9350769603791349,-1.1623765303303542,-0.681536414445349,-0.6068843891378554,-0.22215029424538021
2260,-0.7600517609769987,-0.9445717080008437,-1.2244411115571232,-0.9545593618222964,-1.042016986932052,-1.0182878406707006,-2.0406743826395988,-1.4824623264885846,-0.681536414445349,-1.5505577121172556,-1.826849758305907
2261,-0.35592471851864504,-0.9445717080008437,-0.5840018223199526,-0.629503327914213,0.4127667874350446,1.097302392311775,0.3902787205126584,-0.5186662605804384,-0.681536414445349,0.1674804344077728,0.49543360426399596
2263,0.23717440576530505,-0.05015807290463761,0.004721242622009879,-0.16513756518837983,0.8095259986260711,1.097302392311775,-0.050889023605284904,-0.8222279831932009,-0.5756715258752579,0.7068091741870867,1.5720391523796957
2265,0.6703130438452957,-0.9445717080008437,1.357154568829209,1.0189951297624948,0.28051371703803585,0.20875449445913527,1.093876550802156,0.4566791889814902,0.4573131444147216,-0.9586588855483287,-0.6478574362398545
2266,0.885437631024744,-0.522902597165315,1.21767665625562,0.7171573839907032,0.5450198578320533,0.6318725410556305,0.8686498534108003,2.700816459872806,0.36656815964499473,-0.5787326799153301,-0.0940845695114088
2267,-0.36670143965086777,-0.9445717080008437,-0.5318178802339609,-0.6527216160505048,0.28051371703803585,1.097302392311775,-0.7648571606071654,-0.45387421828271873,-0.681536414445349,2.4348943867801855,1.2509407245612618
2269,0.26607951204769065,-0.9445717080008437,0.9437707430197327,0.06704531617453674,0.016007576244018266,0.6741843457152801,-0.3598282299244549,0.9735392148440241,3.2400672838901983,-1.4276028834097008,-1.8889019857830676
2275,-0.5515621913695088,-0.5705824966237493,-0.5269230164083556,-0.6991581923230882,-0.38075163494700803,0.37800171309773345,0.02046142735461698,-0.5836468475865695,-0.28314027901373423,1.6812981893723657,0.42654508898306864
2284,-0.40461472363410933,-0.9445717080008437,-0.4108174362076254,-0.8152496330045464,0.016007576244018266,3.2128926252942507,-0.8931279407201064,-1.3991676149807029,-0.22874080670580293,-1.093361429747415,-1.2721177970040611
2285,-0.0036088353498237385,3.126157015834454,-0.4918588476576246,-0.5134118872327548,1.338538280214106,1.816603071525817,0.812570697800973,0.30589310124008817,0.041195036369695806,1.1661061329042295,-0.31373005751668165
2288,-0.7600517609769987,0.6671889034669389,-0.9607520640990665,-0.7223764804593799,-1.042016986932052,-1.0182878406707006,0.48365940408351005,-1.4255420392324554,-0.49076466093071786,0.5870216373022811,0.5018411946821576
2289,0.41412830268309353,0.10855214095157134,0.3778962146382522,0.4385379263552033,0.6772729282290622,0.37800171309773345,0.7934718266231344,0.16347998514986936,-0.49456111373697925,0.5431739579847692,1.3711553383901487
2296,-0.7600517609769987,-0.9445717080008437,-1.1667225089468598,-0.9545593618222964,-1.042016986932052,-1.0182878406707006,-2.095666504278928,-1.528130514352916,-0.681536414445349,-1.5560382568077085,-1.832020777262337
2307,1.5766828211584327,1.1512490211024775,1.3471797968209547,1.344051163670578,1.0740321394200885,0.6741843457152801,3.2946503692790663,1.0501917234193823,4.155755276158317,-1.4014434862819594,-0.8751774774928193
2321,-0.27839830629194046,-0.9445717080008437,-0.41873653634446506,-0.1883558533246715,0.4127667874350446,0.039507275820537285,0.20053514621223958,-0.43116200177499475,-0.3747442883850851,1.6612651721898688,1.0364173095687919
2332,0.4259291073429941,-0.9445717080008437,1.281532388707585,0.81003053653587,-0.5130047053440169,-0.46823438009525686,0.45773653063263137,0.39058653518788494,-0.681536414445349,-1.2891439925103203,-0.4482924835494885
2334,0.8676047410621638,0.5152758343400904,0.5668258660027793,0.48497450262778663,0.5450198578320533,0.37800171309773345,-0.0931947645847397,0.9276550892905637,2.687887452802722,-0.5685952910278097,-0.053011945251900575
2335,-0.7600517609769987,-0.9445717080008437,-0.7006084155984291,-0.3741021584150048,-1.042016986932052,-1.0182878406707006,0.34432006929802395,-0.3977616833812829,-0.36572099055978324,1.3017203867830538,0.17602928152412728
2336,-0.7600517609769987,0.49215607688220214,-0.5662923397115844,-0.8384679211408381,-1.042016986932052,-1.0182878406707006,-0.207023050692922,1.076990836464146,-0.001318578384130417,-0.5360865709541226,2.002699248757415
2338,-0.5715452172104822,-0.26828450787485186,-0.7929346255890188,-0.6527216160505048,0.016007576244018266,0.039507275820537285,-0.06640450768387916,-0.6778761747023485,-0.44139561289658014,0.8105239755487119,1.6439117319262069
2372,1.2287981783124273,-0.34997088317096886,0.8184083066713049,0.879685400944745,1.2062852098170973,0.8011197596942286,0.045318905611803524,0.855969930930995,0.16300370785537743,-0.5189837272355802,-0.3933735819795889
2424,-0.7600517609769987,-0.9445717080008437,-0.7244189926874606,-0.6991581923230882,-1.042016986932052,-1.0182878406707006,0.8156811119208444,-1.2692063541990366,-0.681536414445349,0.008496059825734825,0.3011766310578968
2431,2.11812132189713,-0.9445717080008437,1.6643045605467977,2.319219265394828,0.5450198578320533,-0.0028045288391122646,0.02890717076246679,0.7404559961234521,0.4184255985024264,-1.192851917198907,-1.0897903733942669
2439,0.2528675214078878,1.7808947337086254,0.3807801112519224,0.4385379263552033,0.4127667874350446,0.20875449445913527,-0.46006391646540773,0.821421612492189,0.44753761172064355,0.24659051333069748,0.30822624033957347
2441,-0.7600517609769987,-0.9445717080008437,-1.2244411115571232,-0.9545593618222964,-1.042016986932052,-1.0182878406707006,-2.095666504278928,-1.2659894193562025,-0.681536414445349,-1.6163242484026918,-1.8889019857830676
2449,-0.7600517609769987,-0.9445717080008437,-1.2244411115571232,-0.9545593618222964,-1.042016986932052,-1.0182878406707006,-2.0479101881184576,-1.5301643202901938,-0.681536414445349,-1.6163242484026918,-1.8350145250792176
2468,0.15827583744976612,0.2909023793888573,0.19045070340264422,0.7635939602632866,0.4127667874350446,-0.1297399428180608,-0.11851785078709785,-0.484186631754117,-0.681536414445349,-0.2651673939781636,-0.1359869216422645
2478,-0.7600517609769987,-0.9445717080008437,-1.2244411115571232,-0.9545593618222964,-1.042016986932052,-1.0182878406707006,-2.095666504278928,-1.4569473065481886,-0.681536414445349,-1.6163242484026918,-1.8889019857830676
2480,-0.7600517609769987,0.4760852962906693,-1.0849867696799764,-0.7920313448682548,-1.042016986932052,-1.0182878406707006,1.1927885548245734,-0.35304112284742056,-0.681536414445349,0.277222333238394,0.30999573958208854
2490,0.4539924406468622,0.7976331779204356,-0.41210522296822916,-0.1883558533246715,2.3965628433901767,1.6473558528872188,1.040921174408728,0.0934154268241867,-0.21756066824309808,0.4378650948337759,0.38634635504615655
2500,-0.7600517609769987,-0.9445717080008437,-0.9740953652957393,-0.8152496330045464,-1.042016986932052,-1.0182878406707006,-0.018554439950054562,-0.8963519784392219,-0.681536414445349,0.47552702621841486,0.08480741830975302
2518,-0.38183029816341124,0.41233786661092214,-0.6250556229120788,-0.35088387027871315,0.4127667874350446,0.039507275820537285,0.2309232573849929,0.751765941335632,-0.681536414445349,-0.6424736149452694,-0.31373005751668165
2519,-0.7600517609769987,-0.036082894097687286,-1.0014937195003113,-0.7455947685956715,-1.042016986932052,-1.0182878406707006,0.47456613371374656,-0.6711999122911768,-0.3589438355407797,1.0849021561107226,3.5599760150010824
2520,0.7926468758366759,-0.016159893792793555,0.8716555095524471,0.48497450262778663,0.6772729282290622,0.8011197596942286,-0.34460157839502975,-0.8346026897411454,-0.35186943688059175,-0.6644401705871662,-0.45190303368039986
2535,1.332237182247102,2.808582434542338,0.470275305510189,1.0189951297624948,1.8675505618021409,0.758807955034579,1.7654824618867275,1.787708795344853,0.9176991362943245,-1.000637525730522,0.5799845117124733
2543,2.726462450777344,-0.9445717080008437,1.9868120518502657,2.737148451848078,1.4707913506111148,0.5472489317363314,0.3789789694908784,-0.5550468190898531,1.1975653576737675,-1.6163242484026918,-1.2373535972728806
2559,-0.7600517609769987,-0.9445717080008437,-0.8289987822549717,-0.8849044974134214,-1.042016986932052,-1.0182878406707006,0.41608438028558176,-0.9410080384319486,-0.681536414445349,0.1859974380355631,-0.1883703538830246
2566,-0.5572938633862097,-0.9445717080008437,0.38215916728526345,-0.3973204465512965,-0.7775108461380343,-0.4259225754356073,-0.16243831056643307,-0.2760399044928591,-0.681536414445349,1.7398031187407075,0.9962067350622369
2569,-0.43225982653855627,-0.9445717080008437,-0.5318178802339609,-0.4437570228238798,0.016007576244018266,0.039507275820537285,-0.5329737143613278,0.05620431078658353,-0.15956369996781666,1.217117356561523,0.5569899806083483
2570,-0.7600517609769987,-0.9445717080008437,-1.2244411115571232,-0.9545593618222964,-1.042016986932052,-1.0182878406707006,-2.095666504278928,-1.4276605010513865,-0.681536414445349,-1.6163242484026918,-1.6841296351084374
2574,-0.24248554870577382,0.9122519204152565,0.14257842394911807,-0.35088387027871315,-0.11624549415299044,0.37800171309773345,0.2921493037445693,1.1178510100456573,-0.35186943688059175,0.4778207227914646,0.4462213113837676
2600,-0.592430885411886,0.2581435967686758,-0.9588043609076151,-0.8849044974134214,0.4127667874350446,3.2128926252942507,-0.3943477410621862,-0.8158824305457464,-0.46800212215908576,0.295015712392801,0.3798825813506188
2606,0.5658481985492853,1.4338315913186555,0.23473704432032536,0.6242842314455368,1.0740321394200885,0.37800171309773345,0.8609323950939869,1.2467348919136065,-0.4704013838701674,-0.5189837272355802,0.0667890038060969
2608,3.5704104921547177,0.026427804106658244,2.063930651834955,2.9693313332109943,1.9998036321991497,0.8011197596942286,-1.0134820922022236,-0.290512954594135,1.387199481465605,-1.2181048543807838,-1.3253083600730764
2610,-0.7600517609769987,-0.529517014590186,-0.042907364005846375,-0.14191927705208826,-1.042016986932052,-1.0182878406707006,0.7509844982275161,-0.09381878599850545,-0.681536414445349,0.9369648073848359,-0.3631472160505291
2641,0.4523293663980625,0.8677390252135007,0.5901368746148604,0.7171573839907032,0.5450198578320533,0.20875449445913527,-0.7283966306435553,0.10066943785364606,-0.03800841029496671,-0.055495150943535416,-0.3460966039879088
2643,-0.7600517609769987,-0.10458006657451262,0.5071169667507827,-0.3973204465512965,-1.042016986932052,-1.0182878406707006,0.20876525965486,1.0829857654066075,-0.38326629188675915,0.7951154153966399,-0.10120686084582012
2645,-0.7600517609769987,1.1722072283935108,0.16080535108920135,-0.025827836370629857,-1.042016986932052,-1.0182878406707006,1.2918481887037405,0.5662828398558858,-0.681536414445349,-0.3141468299510528,1.2509407245612618
2653,-0.7600517609769987,0.9567267378623489,0.01979223812520441,-0.5366301753690464,-1.042016986932052,-1.0182878406707006,-0.24832637016733577,-0.4838625041507017,0.6687163559396448,-0.18678816028213002,0.07298879912356872
2666,-0.5079041191012738,-0.9445717080008437,-0.647255085454488,-0.5598484635053381,0.016007576244018266,0.039507275820537285,0.30847624944045704,-0.2588791628809341,-0.681536414445349,1.073358453527332,1.8740087317421878
2668,-0.015540111779274586,0.724812311237606,-0.3067699533371605,-0.3741021584150048,0.8095259986260711,1.097302392311775,0.1942262579896626,1.505108191036494,-0.20731514703358464,-0.041661755006913666,0.6949762561681015
2670,-0.7600517609769987,-0.9445717080008437,-0.7444983833304754,-0.4437570228238798,-1.042016986932052,-1.0182878406707006,-0.3203773600527622,-1.1131456768031212,-0.681536414445349,-0.20091401095525802,-0.05262818897252517
2672,-0.7600517609769987,-0.9445717080008437,-1.2244411115571232,-0.9545593618222964,-1.042016986932052,-1.0182878406707006,-2.095666504278928,-1.3680409327186112,-0.681536414445349,-1.5388136877805705,-1.8889019857830676
2673,0.21038488703154806,1.8406637346233066,0.5185087962133348,0.7171573839907032,0.28051371703803585,-0.0451163334987617,-1.021149390668354,-0.9261239569186517,-0.5579112978585651,0.1684583975014189,-0.20491883878775363
2676,1.6983877473113196,-0.4545765838354839,0.07422744717380612,0.9725585534899115,1.8675505618021409,0.37800171309773345,0.25677425473681403,-0.4719072975932498,2.798281682071533,-1.3148942904277754,-1.6044959431794148
2683,0.2399914288351987,2.64318920114213,1.182131132870814,0.09026360431082843,-0.38075163494700803,0.039507275820537285,-0.7628066069189191,-0.2306657402308207,0.8047587725415228,-0.7580152155249635,-0.1535430817607779
2688,-0.28229833426509876,-0.9445717080008437,-0.21494976226020643,-0.6759399041867965,-0.5130047053440169,0.37800171309773345,0.10847116466583924,-0.7782819099396029,-0.5293824248000765,0.05313398038146094,0.8469229422585499
2692,-0.7600517609769987,-0.9445717080008437,-0.4548597434202763,-0.5366301753690464,-1.042016986932052,-1.0182878406707006,0.5928372203104914,-0.5363111522737172,0.0144272048580274,-0.812511027136248,0.007138298241285555
2694,0.5708327848632938,-0.14879015296537215,0.7284439391660789,0.6242842314455368,0.5450198578320533,0.37800171309773345,0.7697124653492691,1.7802906581876081,4.122182401498256,-0.9636037379006172,-1.427009465464353
2698,-0.7600517609769987,-0.9445717080008437,-0.8856580092794896,-0.6991581923230882,-1.042016986932052,-1.0182878406707006,-0.5176317094112253,-1.2643547269224797,-0.2730360292020628,0.42815720568804577,-1.2211660596701432
2713,1.3471821032701312,-0.9445717080008437,-0.3339255284273432,0.043827028038245064,1.2062852098170973,0.37800171309773345,-0.5401750636236211,2.6065969561330946,2.0028946885819603,-0.5311763996929926,0.7438853800336062
2714,-0.7600517609769987,-0.9445717080008437,-0.6035637129606631,-0.6759399041867965,-1.042016986932052,-1.0182878406707006,-0.3604569290459163,-0.07034541482459813,-0.5318071895752999,0.8911887087750989,0.5585763091328304
2718,1.199442459651329,-0.5540220887398927,0.9607724042410457,0.8332488246721617,0.5450198578320533,0.37800171309773345,0.9847039993558125,1.975201527664216,1.1212918540084158,-0.5752229913380358,0.5290741107439306
2719,-0.16706132681700228,1.1828443084758944,0.4462078886193488,0.9029036890810367,-0.24849856454999933,-0.46823438009525686,-0.08942126256270266,0.11096376913801621,-0.30382751552693366,-0.8529036513204913,-0.8598951984733681
2724,-0.5530252760685087,-0.9445717080008437,-0.6047255887942938,-0.46697531096017153,-0.24849856454999933,-0.29898716145665877,0.3239868478515494,-0.7369800047518053,-0.5496696234194461,0.9728004432555378,0.8413960232120011
2725,-0.7600517609769987,-0.9445717080008437,-1.2244411115571232,-0.9545593618222964,-1.042016986932052,-1.0182878406707006,-2.095666504278928,-1.4824623264885846,-0.681536414445349,-1.5505577121172556,-1.8889019857830676
2760,-0.022519908490503206,1.7014019624920993,1.2430291500316426,0.9725585534899115,-0.5130047053440169,-0.5951697940742054,0.02153017883523999,-0.23361303527552005,0.8843817289872481,-0.8928923492628924,-1.1210056707532046
2762,1.143256245439764,0.7625080794139582,1.3449676498029952,1.0422134178987865,0.4127667874350446,0.2933781037784344,0.44106684876108854,0.6021827949809978,0.7328412634937709,-0.7995462977609827,-0.898068030905825
2772,-0.5500782798420534,-0.19126959540498809,-0.48498570445054434,-0.5366301753690464,-0.38075163494700803,-0.17205174747771024,0.10010433128431652,0.2649553102277569,-0.5477925160738817,0.7007174214400821,-0.13995664194281016
2784,3.0010668493126995,3.693788511189973,3.6184025974952663,2.458528994212578,0.4127667874350446,0.4626253224170323,-0.07125533317374776,1.315235522524104,1.4146727337353386,-0.9245965360777839,-0.25724978917246877
2815,-0.29177756892208095,-0.10458006657451262,0.9193926996812366,1.2511780111254114,-1.042016986932052,-1.0182878406707006,-1.0874776075578956,0.3101395092409981,1.1080843209061904,-1.2718328678599302,-1.0763132926297732
2834,-0.7600517609769987,-0.4863944490410267,-0.954587904548099,-0.8616862092771298,-1.042016986932052,-1.0182878406707006,0.8896200989989335,-1.2656638961875823,-0.681536414445349,0.5445762295473584,-0.027335161468247986
21,1.0737269760197459,0.8338736842174965,1.4810793179786506,1.5279699024679743,0.43487467464834006,0.17072888842439005,-0.1804902737675166,1.0313482370694014,1.5423188320694445,-1.3723995863305594,-1.2479671651606603
29,1.9277863885803035,1.6302036736975811,1.0611517505761434,1.2962180705549207,1.8142592358815743,0.9923181106789031,1.1943573738683306,1.7058108771542884,0.8849017999071598,-0.5665224430868365,-1.5325775069343912
102,-0.8847196079553261,-0.9921933606247658,-0.8613346037683031,-0.8822491494277862,-1.3583252549548646,-1.289874173361411,0.3387174237267637,-0.4979638434421422,-0.7893202419994584,1.4017942856440897,-0.7025558198820115
106,1.8912603366772434,-0.23726088104712045,1.0684798607062376,1.0644662386418666,-0.39275606209160047,-0.46828495110689794,-0.345953282202842,0.29826474363588085,-0.21095262752262667,-0.11226645449986893,-0.3794743949602147
110,1.1223269247837149,0.23590102516703765,1.5822732723626876,0.9254151394940343,0.2969362185250165,0.3989481168284214,-0.0865201370075758,-0.8385648874569613,1.719654761646516,-1.127367320530569,0.23180172824863154
115,-0.8847196079553261,-0.3693740649732084,-0.8251037969100533,-0.81272359985387,-1.3583252549548646,-1.289874173361411,-0.36465353936920136,-0.20266859330813222,-0.7893202419994584,0.25254325179832493,1.7018767221531743
119,-0.507068626088351,-0.9921933606247658,-0.9831320318992324,-0.8822491494277862,0.9866284991416339,1.76826348725261,0.07364612771370024,-0.35152681847774836,-0.7893202419994584,0.5938979860290833,0.29736977394618264
127,0.3876045333346016,-0.5769804968570609,0.24699871512269964,0.1838092773722617,0.7107515868949867,0.6271673452324528,-0.05609929612427306,2.019213143137087,1.1192928857740863,-1.4113449208300217,-1.2245342470212897
132,-0.55073452086672,-0.9921933606247658,-0.9016825477695356,-0.6968476838973431,0.43487467464834006,0.21637273410519636,-0.4610767403832413,-0.8692331142416981,-0.7893202419994584,0.3167742290505221,0.9057207967160041
152,-0.6265668836356306,0.6927284053891093,-0.764432709272589,-0.5809717679408162,-0.2548176059682771,-0.3769972597452853,-0.4421647502326615,0.5418227943239474,-0.7893202419994584,0.58021432415736,-0.5110188700529208
157,-0.46061156085868354,1.0838709582137591,-0.5868587942361081,-0.7663732334712592,0.021059306278369796,0.9923181106789031,1.0409824576354716,-0.3211689525852104,0.2710203845413999,1.1334252255427437,0.0378391122304401
160,1.178508729271584,1.3644201904892355,1.5840223112098781,1.3657436201288369,0.5728131307716636,0.3533042711476151,-0.04775999225278853,0.8638346401855735,1.6179395587960035,-1.40605433840513,-1.606037743797611
165,-0.8847196079553261,-0.9921933606247658,-0.3832067427700894,-0.3723951192190676,-1.3583252549548646,-1.289874173361411,1.1477680791592175,-0.7315492951636171,-0.4242849443378514,0.7242723962079044,0.705711753861385
176,-0.8847196079553261,-0.7153847847796292,-0.9612437984380219,-0.9981250653843132,-1.3583252549548646,-1.289874173361411,-0.36465353936920136,-1.0914212878862202,-0.6479414917940106,0.35041902665881597,0.03783911223043983
187,-0.8847196079553261,-0.9921933606247658,-0.7385365133297689,-0.627322134323427,-1.3583252549548646,-1.289874173361411,-0.9247465678681468,-1.3966885177630417,-0.7893202419994584,0.5429789750256517,0.23118681053480603
200,-0.5002763422418227,-0.05124334561162152,-0.2807886469160349,-0.627322134323427,-0.39275606209160047,0.21637273410519636,-0.4290281656577115,-0.32543155543690405,-0.14853885617620594,0.4891350528999433,1.2102198644459115
219,-0.6063987020481544,-0.5380542908788385,-0.9351857512705591,-0.5346214015582054,0.15899776240169317,-0.3769972597452853,1.0463393021362517,-0.052691576098079784,-0.09347170583202016,0.1240812972939305,1.3826970943878225
246,1.3634647970424103,1.2652746365588732,1.372632004455285,1.4816195360853635,0.8486900430183103,0.3989481168284214,2.1876592299966124,0.1907986190487689,-0.21282436737530236,-0.33946264857144093,0.8623371579906168
253,0.6420693615925871,1.499083821981464,1.5233112294474056,2.176875031824525,0.021059306278369796,-0.3769972597452853,0.45815777595060736,-0.38041913222374985,3.4520422641639743,-1.2155933711090399,-2.2573851773181595
256,-0.5187085536116482,0.20225460363849496,-0.7768486936287357,-0.5114462183669,0.15899776240169317,-0.14877803134125397,-1.4762941691420246,1.6491024319703227,-0.48429074669318406,0.7311960137873014,0.7138298276454386
257,1.2527849494117527,1.332998676474382,0.944716222953539,0.9254151394940343,1.124566955264957,0.7640988822748718,0.759855258234537,0.18838259230622656,-0.19552949113657778,-0.7979900650376116,-0.5436177077885385
265,0.04463019959557763,-0.23397856591852198,-0.31901813905608295,-0.1406432873060137,0.9866284991416339,0.5358796538708404,0.6012553960062261,-0.5040716810346142,-0.4020654044801884,1.5930158205398317,-1.0000014360871876
270,-0.8847196079553261,-0.5518160808711393,-0.40894856496660376,-0.4419206687929838,-1.3583252549548646,-1.289874173361411,-0.579706496782333,0.08280954495028414,-0.7893202419994584,2.4532652198736065,0.5420929334191472
272,-0.8847196079553261,-0.3648933506160029,-1.2063447724119367,-1.1371761645321454,-1.3583252549548646,-1.289874173361411,0.5809875226620174,-0.7282475249219368,-0.7893202419994584,0.5630699907441991,0.6900791081813008
286,0.6869749195204671,0.03362665574250525,-0.36563129175315917,-0.18699365368862453,1.124566955264957,0.6728111909132591,1.7226251649347246,-0.04582988250023427,-0.5273537342658345,0.3734486207436373,-0.27269123282613533
303,-0.8847196079553261,-0.9921933606247658,-1.0205732932673313,-1.1371761645321454,-1.3583252549548646,-1.289874173361411,1.3137854958697466,-1.003583472935701,-0.442749764842135,1.3162282291732326,1.6811125335414994
307,-0.3192422118264693,-0.06949810780764361,-0.07633378850622564,0.5777873916244535,-0.2548176059682771,-0.650860333830123,-0.2732300598892224,1.7525873347636618,0.38883600971260646,0.045916615981732974,0.8029138754133068
318,0.22088619757936973,0.8118349440211247,0.7804093245577148,0.29968519332878873,0.021059306278369796,0.21637273410519636,0.018379314314158034,-0.6439802761331137,-0.48218709500141665,0.3234188129041978,0.7343209656107047
372,1.2167595917033185,0.9672381313127182,0.8510243679694031,1.203517337789699,1.124566955264957,0.49023580819003404,-1.2452465481805695,-1.278159213600942,0.9620288827365656,-1.225490921375831,-1.1742456249469104
387,-0.16014179189868927,0.19010767518836016,-0.7835695591557578,-0.4419206687929838,1.676320779758251,0.7184550365940654,-0.23913994889668808,0.28539220846017366,-0.6383564917800819,-0.06099101004290897,2.399196983003321
400,0.624817508829334,0.9783083657304441,1.106238258664688,1.087641421833172,0.2969362185250165,0.033797351381971076,-0.14151826741806667,0.8337074301998757,0.720317260194306,-0.8738576148164781,-1.5765983117740832
406,-0.09305125337492665,0.6225233318051978,-0.008263787742241575,-0.02476737134948677,0.15899776240169317,0.12508504274358373,2.3437670402251687,-0.9729209286091418,-0.6243783667597693,-0.35646156955584113,1.4914811622778863
407,3.8091248592358937,-0.4030399728462656,1.532279911980498,2.1305246654419143,1.676320779758251,0.6728111909132591,-0.46472518582701594,0.08917857531683435,-0.18750529180059297,-1.6639702316185863,-1.6060377437976112
408,0.8483921953152783,-0.04954794017916531,0.5326167588688773,0.7400136739635913,1.124566955264957,0.5358796538708404,-1.048476456830934,-0.9953399154993998,1.1364875986369112,-1.3584390965811075,-1.3454987703893915
412,-0.633838791362946,1.0546306156949066,-0.8337323885561921,-0.81272359985387,-0.2548176059682771,0.21637273410519636,-0.3907285458406037,-1.1014354027547058,-0.5802389916956271,1.4780582356148948,0.45809144693652165
459,-0.6440096352788532,0.1861134149322348,-0.37528987294264343,-0.5114462183669,-0.6686329743382474,-0.5139287967877042,0.8000692346814735,2.064851795020828,-0.3881102752002147,1.4376337149739997,2.7362784796727126
514,-0.8847196079553261,-0.9921933606247658,-0.6809555599980864,-0.5114462183669,-1.3583252549548646,-1.289874173361411,0.7485617695928927,1.12523249153207,-0.7893202419994584,1.4212951516030112,-0.36720046827813646
516,-0.34765816138068323,2.951285596767005,0.4478736294375228,-0.09429292092340288,-0.5306945182149241,-0.2857095683836728,-0.6964656401451541,0.16712398513943438,0.3296321779682816,-0.46013010384414443,0.28581560582488696
529,0.21331355507570754,-0.9921933606247658,-0.33625862019061786,-0.18699365368862453,1.4004438675116042,0.9923181106789031,0.7427603199482121,-0.7797491100615757,-0.48429074669318406,2.5613389272745644,0.3836948270939274
542,0.16307674369520278,-0.9921933606247658,0.4542118056836521,-0.6736725007060377,0.15899776240169317,3.2745103947192176,0.11330303350039375,0.9422539955895226,-0.7893202419994584,-0.5937943308188617,1.286711152131884
552,0.2620103047952526,0.5047113842888487,1.8291880139962964,1.4584443528940585,-0.5306945182149241,-0.6052164881493168,-0.08390890603046838,1.5618678724078487,-0.5981858801337242,-1.0971342787886171,0.43186903318298897
560,-0.5647338957746257,0.052054560228144864,-1.1809427829397436,-0.9981250653843132,2.090136148128221,3.2745103947192176,0.629371507731226,0.32100365307799894,-0.7893202419994584,1.1510077000685803,3.226414173160231
587,-0.5272773742819016,-0.1173301359637152,-0.9357460055097067,-0.7431980502799538,0.5728131307716636,0.5358796538708404,-0.6267698530287722,-0.30432525603244853,-0.640376073722816,0.19067528708717849,-0.08114408672609263
592,-0.725204342480171,1.0900681651356647,-0.605654242208253,-0.7200228670886485,-0.8065714304615709,-0.5139287967877042,-0.15281032758910135,0.5375164866539174,-0.6563820141943358,0.5899955501979282,0.26051012539560237
593,-0.6582890404376271,-0.9921933606247658,-1.1651653685233478,-1.044475431766924,0.9866284991416339,3.2745103947192176,-0.5686131238870352,-1.0906681076365778,-0.6006155542252378,0.2873803920029063,-0.8277327596755997
602,0.07812028275056529,0.5788823401179017,-0.5684614967323286,-0.30286956964515144,1.676320779758251,0.9923181106789031,1.091944870183433,0.3834277782514719,0.013099691599029014,-0.1363145564311932,0.9993519902845829
622,-0.1815931088214187,0.7287546931492744,0.4666588162722676,0.2301596437548725,-0.39275606209160047,-0.2857095683836728,0.34177328069155566,1.0217051846172078,0.3826351873351743,-0.3153938102211029,0.9136483806108268
665,-0.5002763422418227,0.2624066593927599,-0.6664370325393273,-0.627322134323427,0.021059306278369796,0.21637273410519636,0.7363745516342833,-0.19115956560855984,0.17185183673542026,-0.32414926338687017,2.2505013769751328
670,2.978240435479153,0.5836144958430298,1.210230231957634,1.9219480167201664,2.3660130603748684,0.9923181106789031,2.598210699982699,1.120823371147912,1.3569113876254109,-1.555210517612912,-0.8055866809169371
671,-0.8847196079553261,-0.30017192101192425,-1.3526463028309317,-1.1371761645321454,-1.3583252549548646,-1.289874173361411,-0.5017887585891692,-1.3580470962596465,-0.43587336648583896,0.4809200598061373,-0.7272356509524266
709,2.0622076310617863,3.4957692109820457,2.0308331469082885,2.014648749485388,0.9866284991416339,0.5815234995516464,0.5632779715659139,0.805020123632612,3.467635508671928,-0.5182284752280415,-1.1055538702468954
717,0.09041933244936305,-0.9921933606247658,-0.5377937389409004,-0.04794255454079218,-0.8065714304615709,-0.9247234079149607,-1.0335631031921477,-0.30386963006300927,-0.6267862773472099,-0.0025053002103996706,0.38128508256435445
721,0.38760453333460176,-0.30017192101192425,0.6894537200885977,0.5314370252418427,0.2969362185250165,0.21637273410519636,-0.6732077826141294,-1.2099216471632985,-0.7893202419994584,-0.9872165631012274,0.22910780302615685
724,1.4471035455360324,1.5443797707561226,0.6285001284953936,1.0644662386418666,1.8142592358815743,0.809742727955678,-0.7236984769632995,0.5051017343740543,0.34428028237513175,-0.6069840074310777,-0.5923042836274482
740,0.13120461132560474,0.6655005821740562,0.2336047130712313,0.1838092773722617,0.2969362185250165,0.21637273410519636,-0.08073670718185284,0.6813530983330384,-0.28132435247798254,-0.47426811056874313,-0.14979329166801986
742,-0.09887234421742952,-0.9921933606247658,-0.018774596683739115,-0.395570302410373,0.15899776240169317,0.7640988822748718,-0.4372545377797727,-0.9790202118072266,-0.6583369881326464,0.7361647275795745,-0.06004545305913271
751,0.38760453333460176,-0.9921933606247658,0.6894537200885977,1.0644662386418666,-0.2548176059682771,-0.5139287967877042,-1.8731409507888501,-0.4692944016815585,0.6244672600550192,-1.8028480202719857,-1.3010417233395764
756,-0.8847196079553261,-0.644804112054176,-0.8397483389070858,-0.8590739662364808,-1.3583252549548646,-1.289874173361411,0.36555052631799895,0.20523702587671133,-0.6118927268013865,-0.24697414898370276,0.7190909431920761
782,-0.5110300000240187,-0.38244020404282153,-1.137844989231296,-0.81272359985387,2.090136148128221,0.9923181106789031,0.8048317741884985,-1.019326663710655,-0.7893202419994584,1.7904933644663192,2.2929371030107073
802,-0.41321124971258816,-0.7357383565329481,-0.05030702350823174,-0.25651920326254063,-0.39275606209160047,-0.24006572270286647,-1.0725132738722718,-0.7045524678934053,-0.6583369881326464,0.0711851983803563,0.15260032670786994
813,-0.8847196079553261,-0.9921933606247658,-1.1292150952872781,-0.9749498821930078,-1.3583252549548646,-1.289874173361411,0.8917615806065494,0.21165640387647283,-0.7893202419994584,1.1545494934982452,0.16993835191669018
822,-0.8847196079553261,-0.463740624920414,-1.1453422095951613,-1.1371761645321454,-1.3583252549548646,-1.289874173361411,-1.0378627973581356,-0.8975116090691827,-0.6543677986215309,0.6885353398132393,0.07957046294950547
830,-0.4974905214757829,-0.3603476983695626,-0.6220036315870784,-0.7200228670886485,0.021059306278369796,0.5358796538708404,0.9925379508458089,0.4967411359033196,-0.7893202419994584,0.8780971172110281,-0.24906392396313515
831,-0.28653736242349437,1.9359869099758398,0.08241154909634942,0.06793336141573487,-1.3583252549548646,-1.289874173361411,-1.168276157969798,-1.4542180967923501,-0.2908018877302489,-0.4223613450008816,-0.4588885325226153
869,-0.3692442323844872,-0.4314557310992479,-0.40355131629451063,-0.4650958519842892,0.021059306278369796,0.21637273410519636,-0.4797412956920684,0.1779804707362452,0.06986251648380933,-0.34887348697466,1.0747491208528779
879,-0.8847196079553261,-0.19224197171450863,-0.3557954888904734,-0.9285995158103971,-1.3583252549548646,-1.289874173361411,0.5581784174917763,2.3070385570692578,-0.38074862443325613,0.8371040722953854,1.501307810612345
904,-0.6775970733267331,-0.6542294017440757,-1.1884076381968998,-1.044475431766924,0.9866284991416339,3.2745103947192176,-0.8765187180855938,-0.5002974026552127,-0.6167066516323418,0.8261408160970163,0.26469267573233607
926,-0.6958941170218386,-0.9921933606247658,-1.134665955861459,-0.9749498821930078,0.43487467464834006,0.9923181106789031,-0.9185247604590372,-0.7472258980425507,-0.6319552020181296,0.7391553197442993,-0.2135812163066857
930,1.0944512784956728,2.2372400242351618,1.1148912248634997,1.690196184807112,0.8486900430183103,0.0794411970627774,-1.53030290273893,-1.1111713477657332,0.38883600971260646,-1.4765954374036823,-1.1097730325438597
931,-0.7041871284479716,-0.10846327895701546,-0.278704061047801,-0.5809717679408162,-0.9445098865848943,-0.650860333830123,0.4838706295543513,-0.6044088316005246,-0.3379590293503093,0.5580743868358036,0.6736782735243088
953,-0.3431221694332623,1.364420190489235,-0.3511434199689329,-0.7431980502799538,0.021059306278369796,1.4487565674869658,-1.6322277278348525,-0.6044088316005246,-0.48841276690002566,-0.2751923450845927,-0.6290165935167883
982,-0.4356640286765281,-0.9921933606247658,-0.44671467501614054,-0.9517746990017024,-0.11687914984495376,3.2745103947192176,1.4140709216897966,0.3933185077618799,-0.7893202419994584,-0.07562846391038011,-0.6372268552838541
989,-0.375789951439355,1.083870958213759,-0.9272087980560297,-0.4650958519842892,1.4004438675116042,0.21637273410519636,-0.5703563681991535,-0.02491805439251463,0.05895225923322815,0.25254325179832493,0.03783911223043983
994,-0.8847196079553261,-0.9921933606247658,-1.169708175777724,-0.9981250653843132,-1.3583252549548646,-1.289874173361411,1.4288179994919439,1.813689082515905,-0.7893202419994584,0.1240812972939305,0.9057207967160041
997,-0.375789951439355,-0.16176763308935593,-0.7910687965280612,-0.627322134323427,0.8486900430183103,0.6728111909132591,-1.1188972450790258,-0.6766700304164458,-0.5065627415885628,-0.36733665565145135,-1.1862805088621464
1003,2.2819538103662715,2.883126701207147,2.5330162407798396,1.782896917572334,0.8486900430183103,0.8553865736364841,-0.7760591970291055,-0.9729209286091418,1.18998226087681,-1.1938431989178195,-0.4722107298914711
1005,-0.8847196079553261,0.684627819975581,0.0054811162581782855,-0.6968476838973431,-1.3583252549548646,-1.289874173361411,0.4838706295543513,1.6073104519960892,0.49532320938658125,-0.41941158714773824,0.9868260781014953
1033,0.35226219607654796,0.2188441586977068,0.29946934071160414,0.044758178224429464,0.5728131307716636,0.7640988822748718,-0.7160625386203695,-0.41991925198277597,-0.37696555390023573,0.6712340664793142,-0.13749052099896716
1053,2.2897921109066717,0.7344343896963835,1.6405803396744676,1.1571669714070882,0.9866284991416339,0.9923181106789031,-1.146731621257336,1.523799512397025,0.9744146615536524,-0.7853275885540101,-1.3029354727533953
1056,1.0840345896196146,0.8434845634008771,0.25505963626580314,0.32286037652009414,0.021059306278369796,-0.14877803134125397,-1.0792002079364034,-0.6236567117924897,-0.32053807026560527,-0.07199221221277685,-1.6231784657323625
1057,0.6420693615925871,1.1876741741556853,0.8979180974282995,0.6009625748157589,-0.2548176059682771,-0.1944218770220603,-1.367454829915218,0.13061366715865105,0.4830885098495714,-0.4815250596553573,-0.10561240586634739
1064,-0.1658279406794028,-0.6011857310677342,0.6295490669498895,0.2069844605635671,-0.39275606209160047,-0.24006572270286647,0.9802555388104859,0.5410141547110211,-0.3899094230333952,-0.5124678494655128,-0.09596320061320054
1089,2.609278226202399,-0.6568291245046963,2.0259820043199053,2.431802046928885,1.2625054113882805,0.5358796538708404,0.857695962716476,0.7817959299168269,0.409680312627512,-1.8028480202719857,-2.1646934271633125
1096,-0.8847196079553261,0.5286444543383396,-0.8767499312106344,-1.1371761645321454,-1.3583252549548646,-1.289874173361411,-0.9602349856326672,-1.1513604231019516,0.5052816857539151,-0.6078530946497119,-0.5759999419511622
1106,-0.8847196079553261,-0.5157195825306782,-0.7933005998317983,-1.0213002485756186,-1.3583252549548646,-1.289874173361411,0.6166501194753242,0.33932485322145584,-0.5459633768917204,-0.679683390725368,0.24478556456678918
1109,-0.6868025193102263,-0.34630668365278033,-0.6832912953184193,-0.7895484166625646,-0.6686329743382474,-0.14877803134125397,1.223829416595429,-0.21254362324788864,-0.7893202419994584,1.3944272918373863,1.1344462727925486
1121,0.656750024761317,1.5230384102757544,2.891910956346359,1.782896917572334,-0.39275606209160047,-0.24006572270286647,2.145316554719349,1.427850773283206,0.9235376931819278,-0.41941158714773824,-0.8670089249954503
1142,-0.8847196079553261,0.17040265792480805,-1.1994888011119669,-1.1371761645321454,-1.3583252549548646,-1.289874173361411,-0.5840698901211502,0.2713328438001816,-0.7893202419994584,0.20686789019676238,-0.65072817463414
1170,0.06107886875577063,0.5510756905472349,0.7444217516789834,0.29968519332878873,-0.11687914984495376,0.033797351381971076,-1.4514198120371784,-0.31592557385613645,-0.0011024311195283792,-1.4390619544188332,-0.12465464278185043
1172,-0.17537075042200362,-0.6063760978317656,0.12772561643890398,0.3923859260940104,-0.11687914984495376,-0.3769972597452853,0.6511179516671992,0.6750730059388996,1.5753331906403312,-0.8024363391758168,-0.9777468565963741
1176,-0.3989231176446264,1.385843950044817,-0.6092909535787848,-0.6041469511321216,0.2969362185250165,0.5358796538708404,-1.0378627973581356,-1.2934105366539674,1.2349664086694527,-1.335713640256006,-0.8333028340300511
1177,-0.11583307652831944,-0.3648933506160029,0.9532861870785009,0.2069844605635671,-0.5306945182149241,-0.14877803134125397,-0.5067216801438446,0.21165640387647283,2.0941959942051773,0.7109398664327106,-0.17682215225971692
1179,0.9115027091598659,-0.9921933606247658,0.4542118056836519,1.4120939865114477,1.2625054113882805,0.12508504274358373,-0.5824565346009153,-0.8613911787013033,1.8303448353367795,-1.8028480202719857,-2.2573851773181595
1182,-0.6709691522186182,-0.9921933606247658,-1.094660999935431,-0.8590739662364808,0.43487467464834006,0.21637273410519636,0.030295891984306912,-1.0558711801030967,-0.7893202419994584,-0.1585350026157371,-0.8113938749025419
1196,-0.4430864349455991,-0.2715759937551952,-0.8175092100479557,-0.5577965847495108,0.5728131307716636,0.21637273410519636,2.6035872799456454,-1.0311917664354735,-0.42126812369601996,-0.613778689322219,1.1285448696605596
1200,-0.44125393215302766,0.45502160022532606,0.6530885225850168,0.6936633075809805,-1.0824483427082177,-1.0616549449573796,-1.0508986612749338,0.2885424395458153,0.13462802179133088,0.15872871240922348,-0.4573960041866852
1211,0.17977469352230266,2.481699125081132,1.594906768099564,1.2730428873636153,-0.39275606209160047,-0.4226411054260916,1.0539583996931379,0.5770260016962303,2.0495200011696917,-1.6390718232942716,-1.9693391011397496
1221,-0.8847196079553261,-0.5077783528957767,-0.30607004108467284,-0.627322134323427,-1.3583252549548646,-1.289874173361411,0.18388733751067118,-0.5581696711393674,-0.2944946162803912,1.3944272918373863,0.018712243150868238
1230,-0.3608214321300617,0.7175066666540195,-0.38665290963615423,-0.4650958519842892,0.021059306278369796,0.21637273410519636,-0.09844987853043952,-1.253487955721048,-0.7893202419994584,0.8167683068764496,-1.5485659114281507
1234,2.932252815914457,-0.21366924106031898,2.1997568620395,3.219758275433268,1.5383823236349274,0.4445919625092277,0.6767170315824317,-0.13601214121477545,2.3917016376231164,-1.068779708818303,-1.3966760687374344
1236,-0.005088102865993325,-0.2745414973225597,-0.11415045559732828,-0.27969438645384603,0.43487467464834006,0.7184550365940654,-0.5271841695558301,-0.11269609830146152,0.860098510397432,0.31175205387442434,-0.1746816553203564
1237,-0.3038759782360112,-0.5183091139333633,-0.3889378681016971,-0.3723951192190676,0.15899776240169317,0.21637273410519636,-0.22043796915689762,-0.07805000895968264,-0.30525169510037087,0.09615478544514933,1.0170516488041632
1247,-0.3556343214783264,-0.1288794854641911,-0.2700974045423197,-0.21016883687992982,-0.11687914984495376,-0.14877803134125397,0.5640641828729589,-0.8784726224526584,0.09254720977709702,-0.17481532952322473,0.36735151023494206
1250,-0.8847196079553261,-0.4731772809151346,-1.246286926637206,-1.1371761645321454,-1.3583252549548646,-1.289874173361411,-0.5446435145954095,-0.02491805439251463,0.0059352279061853095,0.5217016326646751,-0.24906392396313515
1251,0.026148811377235754,-0.49676892090193603,0.38971365990628026,0.4387362924766212,0.021059306278369796,-0.14877803134125397,1.5883545684424463,0.9547298021310594,-0.030212747998616746,0.1824730947959278,1.4397516754490445
1254,-0.6161888846680047,-0.9921933606247658,-1.1683613133254214,-1.0213002485756186,1.4004438675116042,3.2745103947192176,1.1486577239828086,-1.1459076339859822,-0.7893202419994584,-0.5634160974155168,0.40692040502217486
1267,-0.6188608321634009,-0.1245843915579197,-0.6909957357033977,-0.5577965847495108,-0.39275606209160047,-0.3769972597452853,-0.7115851760525534,-1.33814964787357,-0.34619281598238333,-0.9847818423335536,-0.4588885325226153
1293,0.18403267072821328,-0.41089535134997884,0.2061567146643092,0.4155611092853158,-0.11687914984495376,-0.3769972597452853,-1.0640431573910385,-1.0558711801030967,0.3982612597263028,-1.8028480202719857,-1.45405667597615
1296,0.2114365753098424,-0.9921933606247658,0.4865527562728753,0.29968519332878873,0.15899776240169317,0.21637273410519636,0.6638606047805592,-1.0367288143737226,-0.7893202419994584,0.9376736758217615,-0.15637217380828766
1299,0.7679901013491162,-0.9921933606247658,1.214890968253889,1.3657436201288369,0.43487467464834006,0.033797351381971076,0.010701107052464215,-0.0707300489583953,1.506262557728173,-0.4255239719774475,-0.5182203805983442
1304,1.1574821984463415,-0.43681309698643433,0.6108697223913229,1.2266925209810045,1.4004438675116042,0.4445919625092277,-0.9778313985565745,0.3373760376647952,0.9126277700279065,-1.4100980956725633,-1.6433761317064324
1317,0.23188725037075972,-0.2113452884646043,0.5464559199761978,0.6009625748157589,0.15899776240169317,-0.011846494298834994,-1.31334270516704,-0.2424634900802854,0.14124735263639926,-0.2689739366374254,-0.3150088009389716
1320,6.4022277467051705,0.6592214384513334,3.394849489088997,4.749320366059424,1.676320779758251,0.49023580819003404,-0.17063837126822357,0.459856142650079,2.5844908424487265,-1.1800021802506795,-1.070649891244736
1326,-0.8847196079553261,-0.5749938324371197,-1.0786564074113059,-0.9054243326190917,-1.3583252549548646,-1.289874173361411,-0.14910846992537558,1.2337938958233423,-0.5762374366658888,-0.32768682022152334,0.8559932250121179
1328,0.996886516487525,2.078042603854743,1.7332736261701178,2.2927509477810526,0.2969362185250165,-0.1944218770220603,-1.455457976756201,-0.3566356094110965,0.46516725982352886,-0.21064351373864632,0.28837415792060433
1347,-0.8847196079553261,-0.19224197171450863,-0.6016905604576185,-0.9285995158103971,-1.3583252549548646,-1.289874173361411,-0.036283886007626415,-0.8606717350737442,-0.7893202419994584,-0.1057359607643899,0.5063596667483881
1353,0.29622213644637474,1.4165000479724175,1.0500178815939565,0.7863640403462019,0.021059306278369796,-0.057490339979641314,0.05129803715987318,-0.8743888619174275,-0.5432743507579333,-0.6672727318353501,0.5387306008335871
1354,-0.03380218862129787,-0.7145032288056,-0.652435785417972,-0.395570302410373,1.676320779758251,0.9923181106789031,1.360891846420907,-0.7325237029419477,-0.5056622399948976,0.619109848091119,0.4289043972331471
1361,-0.46228787725036985,1.7649513473979392,-0.25121718967851747,-0.23334402007123523,-0.39275606209160047,-0.3769972597452853,-1.5330130849369532,-0.2532537269125767,-0.7893202419994584,0.14693026153384248,0.21927976753072465
1369,0.5693651249474486,-0.39903212667090154,1.0419590811878021,1.0644662386418666,0.2969362185250165,0.033797351381971076,1.6042163937174838,-0.2788473957005396,1.3313610110822582,-0.5444452006371016,-0.6179392562120171
1372,-0.375789951439355,-0.7153847847796292,-0.9272087980560297,-0.7663732334712592,1.4004438675116042,1.4487565674869658,-0.0903831009292652,-1.032171108247681,-0.7893202419994584,1.263926258690065,-0.1916833167244201
1373,1.05142582444239,1.5351892883960472,2.135941236323264,2.060999115867998,0.15899776240169317,-0.10313418566044764,2.4794116592362236,0.4967411359033196,0.17881685179871648,-1.5049652272183174,-1.0349287622324925
1376,-0.6314607741440609,-0.16570330004450007,-0.01503852715477081,-0.5809717679408162,-1.3583252549548646,-1.289874173361411,1.162031910619922,-0.38715848914946044,0.47705813661805946,-1.0235527512405882,0.2553959169269894
1378,-0.47366103923088787,-0.9921933606247658,-0.8192131237670163,-0.7895484166625646,0.43487467464834006,0.9923181106789031,1.1069128514912256,1.2842830303128996,-0.6180344484813197,1.6755064401546937,0.9868260781014957
1386,-0.2290433633641977,1.1475539127793577,1.258965766357822,1.1339917882157828,-0.6686329743382474,-0.6965041795109294,1.2292278889266852,0.2586104125894519,-0.24288703568392406,-0.7940670278448393,-0.33531084895384167
1392,0.14689456065812886,-0.6555342818941943,1.2528709561418465,0.8327144067288127,-0.2548176059682771,-0.24006572270286647,-0.1311530309676338,0.5035294937349972,4.025199359591466,-1.3266956020317593,-1.885186643877846
1404,-0.11026143499623961,-0.6762705294971642,-0.42778216201592745,-0.11746810411470829,0.7107515868949867,0.21637273410519636,0.05345981923081015,-0.9233311043464514,-0.7893202419994584,0.8036264189476108,-0.0744272932366113
1414,2.1688583311405005,1.1431870816091454,1.3628605133608709,1.9914735662940826,0.5728131307716636,-0.057490339979641314,-1.7751872227745873,-0.735920210054985,0.11954315217842011,-1.2155933711090399,-1.7655514009863167
1417,-0.8847196079553261,-0.11143880111751288,-0.9504144801346607,-0.9054243326190917,-1.3583252549548646,-1.289874173361411,0.2929721709811001,0.2713328438001816,-0.7893202419994584,0.8961506198203414,2.9764217253646317
1420,-0.2597182753918528,-0.9921933606247658,-0.4972930037571815,-0.3260447528364569,0.43487467464834006,0.21637273410519636,0.8154311102342081,-0.7109727659966527,-0.008016622443036569,0.48092005980613683,2.3934640409776864
1423,-0.27747399506695153,-0.0013444811791062832,-0.2803504101141904,-0.4882710351755945,0.15899776240169317,0.5358796538708404,0.23842975424588542,-0.63593553191495,0.7288947460022248,1.8174434248518565,1.1658896863551778
1428,-0.8847196079553261,1.1876741741556853,-1.169708175777724,-1.1371761645321454,-1.3583252549548646,-1.289874173361411,0.0518946890114519,-0.12268085079610418,0.10136588429486258,-0.3640741298227683,1.7190909043247888
1444,-0.1625896899259076,2.542726966046236,-0.6167544026797499,-0.30286956964515144,1.124566955264957,0.4445919625092277,0.6054854776801675,-1.0457826360024807,0.013099691599029014,-0.22889974886679273,0.4565624623507927
1451,-0.35300205637147575,-0.1245843915579197,-0.744334169137863,-0.4419206687929838,0.7107515868949867,0.21637273410519636,-1.463782087445662,-1.6167139252786424,-0.7893202419994584,0.9581253302702223,-1.178287190440833
1472,-0.8847196079553261,-0.9921933606247658,-0.9459436606516218,-1.0213002485756186,-1.3583252549548646,-1.289874173361411,0.3600243163253089,0.42353514011936466,-0.5850344332163572,2.345648125191026,-0.599138270878231
1481,1.0944512784956726,-0.18483501440978398,1.1928881007388985,1.1108166050244774,0.43487467464834006,0.21637273410519636,3.7836868420348333,-0.41991925198277597,2.921871950893545,-1.2319060002524551,-0.4722107298914711
1493,0.5375742990379772,1.9916557364131138,0.5597195456287226,0.4387362924766212,0.5728131307716636,0.49023580819003404,-0.8198590389092475,1.2490734507631478,1.7506592056079204,-0.7868751481459766,-1.1577720195876517
1498,-0.5161843394437609,-0.9921933606247658,-0.846228969560945,-0.81272359985387,0.43487467464834006,0.9923181106789031,-1.173278452700737,-0.7726961836237334,-0.17505394800337498,0.03991656848070661,-0.09670851853620203
1559,-0.6639030214504626,-0.9921933606247658,-1.0833197502213656,-0.9517746990017024,0.43487467464834006,0.9923181106789031,-1.2342154976049078,-0.8769454310128303,-0.6052941828477392,0.8300912125453542,-0.8631786873857455
1562,-0.8847196079553261,-0.3029071836190896,-0.5902219365663446,-0.8590739662364808,-1.3583252549548646,-1.289874173361411,-1.1061593887483172,1.1483760167105739,-0.26124546356409023,0.47189330850148065,0.21927976753072465
1571,-0.8847196079553261,-0.9921933606247658,-0.561833058661114,-0.8358987830451754,-1.3583252549548646,-1.289874173361411,0.46622455355178194,-1.0705094597785003,-0.7893202419994584,3.3692149846108217,0.3416187976118721
1580,0.45122074039909804,-0.26557084903128214,0.7958130962823233,0.9949406890679506,0.2969362185250165,-0.057490339979641314,0.3038806543281433,-0.0915745064858712,2.550752731604245,-1.289000202254408,-1.253224550640647
1593,0.052782390889883776,-0.9921933606247658,0.4431477962715491,0.4850866588592318,0.021059306278369796,-0.14877803134125397,-0.7002739443022811,-0.8201178337518565,-0.3986684322212474,-1.0816581002473153,-0.9889717541465651
1594,-0.5703807024601675,-0.47928335244113024,-0.271034011279681,-0.5346214015582054,-0.6686329743382474,-0.2857095683836728,-1.580720262746271,-0.7045524678934053,-0.3963704803990226,0.3734486207436373,-0.13092737964813358
1598,-0.1815931088214187,0.7287546931492744,0.4666588162722676,-0.23334402007123523,-0.39275606209160047,0.21637273410519636,2.046941467045106,0.8989169833926034,0.3826351873351743,-0.7210631402349801,0.5965450248179283
1601,-0.8847196079553261,-0.32658495305821583,-1.4377338037859122,-1.1371761645321454,-1.3583252549548646,-1.289874173361411,-0.5672158669956425,-0.5201771895390827,-0.10940716849234315,0.39375333919246835,-0.4177015864585949
1603,2.316612102387073,0.6150822410566728,2.218283979182923,2.060999115867998,0.8486900430183103,0.5358796538708404,-0.7229745960407308,0.17576803793157,2.904769682723532,-1.0451000858681845,-0.7025558198820115
1627,0.2719387023082446,0.5176715985305249,0.9292457682344516,0.16063409418095653,0.021059306278369796,0.4445919625092277,-0.15895071053924922,4.499641118005024,-0.4037418323482372,0.5995573626673383,-0.7967879021508689
1651,-0.5083983830667559,-0.37814616772886406,-0.5694817693931896,-0.81272359985387,-0.11687914984495376,0.9923181106789031,0.9782092939080215,1.5491756264975498,-0.7893202419994584,0.730204603758327,0.45809144693652165
1673,-0.48888543066512635,-0.669250022138773,-0.6435837948727618,-0.627322134323427,0.021059306278369796,0.21637273410519636,-0.21609038521423582,-0.21254362324788864,-0.7893202419994584,0.9376736758217615,-0.65072817463414
1678,2.474216125050083,0.0043175124177260585,1.6866792312809678,1.3889188033201423,1.4004438675116042,1.129249647721322,2.967732287676023,0.5438836701374617,0.7375702602193774,-0.7457896517786832,-0.7425371462160839
1684,-0.5608552810815263,-0.463740624920414,-0.9829024350447441,-0.9981250653843132,0.5728131307716636,3.2745103947192176,-0.9069609971936204,-1.3499675263089366,-0.7893202419994584,1.9342270198558515,-0.65072817463414
1685,0.1984752690888015,1.364420190489235,0.6630076049269146,0.27651001013748333,0.021059306278369796,0.21637273410519636,-0.3187873680760364,0.9719261841207462,0.11340218329883976,-0.13631455643119342,0.022330840003760226
1695,-0.10270574550395592,0.7091666665209521,1.3863411059589006,0.7863640403462019,-0.5306945182149241,-0.46828495110689794,-0.2141392743716752,1.4751230788953804,-0.13759868617434554,-0.19864019816832856,0.5640612664196308
1700,0.34845609821798856,0.3492635838555118,-0.0357535957430813,0.27651001013748333,1.124566955264957,0.4445919625092277,-1.551400628772771,1.4996346447683595,0.5809661061456508,-1.3285269574865293,-0.4035501742212137
1743,-0.6361725664010146,-0.9921933606247658,-1.0886771719612947,-1.0213002485756186,0.5728131307716636,3.2745103947192176,-0.9100052251044233,-0.8475310135601402,-0.5821839335589186,0.30034304882321594,0.20864650122010328
1751,-0.8847196079553261,1.302404044407288,-0.5913370837600544,-0.23334402007123523,-1.3583252549548646,-1.289874173361411,0.34177328069155566,-1.1884824374256693,0.6756240446688326,-0.9915093602442314,1.2307517364037253
1765,-0.5845082937183769,-0.5023354876403948,-1.1365814127654759,-0.7431980502799538,1.4004438675116042,0.21637273410519636,-1.1239049918482942,-1.4878649055800415,-0.7893202419994584,2.5850659313387894,0.3150712595635572
1777,0.434727649678673,0.44311036597964637,-0.07003101065770878,0.3923859260940104,-0.5306945182149241,-0.6965041795109294,-1.2382556766223314,0.1945270553798529,-0.422782741466816,1.157592083532988,1.9080218666774467
1830,-0.8847196079553261,0.29481330197623845,-0.4882703244949132,-0.5346214015582054,-1.3583252549548646,-1.289874173361411,0.8923349644772955,1.6410833066616133,-0.6249870083658198,0.24495878215968894,0.8551422264054943
1861,-0.6523821560676002,-0.23397856591852198,-0.97160227681515,-0.9285995158103971,0.021059306278369796,0.9923181106789031,-0.15000710928577288,0.7942800814794622,-0.20843798572055344,-0.5517402894465792,-0.1617456085998731
1863,-0.4917959760863778,0.29008165983432305,-0.3340988649286663,-0.627322134323427,-0.39275606209160047,0.21637273410519636,-0.9454615266537719,-0.9790202118072266,-0.7893202419994584,1.2197862033608242,1.641120785076888
1873,0.6420693615925871,0.8762645263299064,0.24699871512269964,0.8558895899201181,1.124566955264957,0.21637273410519636,0.5610091903655835,1.263773352745713,-0.4712180540372009,-0.3347113973646209,-0.1916833167244201
1891,0.27696765148330355,-0.23397856591852198,0.05388708252052675,-0.3260447528364569,0.8486900430183103,1.5856881045293847,0.5073475828447264,-0.1794837404060951,-0.20843798572055344,-0.7304699652787802,0.8860741757592703
1900,-0.8847196079553261,0.684627819975581,-1.2315602437796134,-1.1371761645321454,-1.3583252549548646,-1.289874173361411,-0.5545330736737726,-1.4435040861229242,-0.7893202419994584,-0.41941158714773824,0.05990857655302244
1903,-0.8847196079553261,-0.14564286168090135,0.8521938918180262,0.2069844605635671,-1.3583252549548646,-1.289874173361411,-0.328705472195035,-0.17160539233258743,-0.7893202419994584,-0.006875064094044493,-0.6195309512810523
1925,0.15627287128188758,-0.9921933606247658,-0.1846269715398373,-0.3723951192190676,0.9866284991416339,1.4487565674869658,-0.813459711361824,-0.7116815002028554,-0.21095262752262667,1.266892191261595,-0.6924595253532053
1928,0.35226219607654796,-0.9921933606247658,1.6395974807525453,1.319393253746226,-0.2548176059682771,-0.2857095683836728,-1.4160235533889567,0.3577393557730512,3.3342266389927673,-1.2319060002524551,-0.6953575358198071
1933,-0.4430864349455991,0.0887326896795901,0.024224167167842058,-0.4650958519842892,-0.5306945182149241,0.033797351381971076,0.28305536793833425,-0.1057137538996133,-0.42126812369601996,0.32049007070974034,0.03309691328509174
1952,0.06528241754115333,0.17040265792480805,1.4688552288362182,0.9254151394940343,-0.39275606209160047,-0.3769972597452853,-1.3520271177529715,3.506392652064422,-0.5913899917118315,-1.1633929578501112,-0.7578386414797411
1978,-0.8847196079553261,-0.9921933606247658,-1.0285343717123423,-0.7895484166625646,-1.3583252549548646,-1.289874173361411,-1.3915974329172065,-0.23523357753694746,-0.7893202419994584,0.23685324208786449,0.6861085680571437
1986,2.234207275362396,5.454107520438047,2.8173034035036135,3.3588093745811003,0.7107515868949867,0.0794411970627774,0.4733653780820045,2.4096418560470725,0.42367642805117334,-0.6831796230352405,-1.2258738720930107
1992,-0.8847196079553261,-0.5023354876403948,-1.2570423691736503,-0.9981250653843132,-1.3583252549548646,-1.289874173361411,-0.2745140975223683,-0.6490421376636438,-0.7893202419994584,1.43035173354648,0.3150712595635572
2001,-0.5878439749876763,-0.9921933606247658,-0.544315043758618,-0.627322134323427,-0.39275606209160047,-0.14877803134125397,-0.4160792465766892,-0.24710622803703647,0.2003310094386759,-0.546775576229018,0.28648841026487165
2003,-0.5588804986005885,-0.9921933606247658,-0.7840127598635016,-0.5114462183669,0.021059306278369796,-0.2857095683836728,-0.8989791801104181,-0.4936809085449816,-0.5177695937389947,1.0170485420195992,0.16729536026900427
2016,-0.47988919936307634,-0.9921933606247658,-0.8691945928594522,-0.7895484166625646,0.5728131307716636,0.9923181106789031,-0.08882474616540177,0.03567872023780968,-0.1145580251098213,0.5328238798079129,-0.9793625615467804
2023,1.1509990181085583,1.499083821981464,1.3191012271554527,1.7133713679984177,0.7107515868949867,0.12508504274358373,-1.393167683518962,2.108088412594897,-0.3651839913831151,-1.2155933711090399,-0.8802506035889999
2032,-0.8847196079553261,-0.9921933606247658,-0.8451143247728325,-0.6736725007060377,-1.3583252549548646,-1.289874173361411,-1.0220756455795004,-1.3334835795753275,-0.5655297580059104,0.676015825440952,0.8913396018113264
2043,-0.8847196079553261,-0.27748269348363425,-0.5589612529393932,-0.7663732334712592,-1.3583252549548646,-1.289874173361411,-1.1537430794709846,0.9512529380129265,-0.7893202419994584,-0.1181010759520589,-0.4795270186104328
2067,0.10486583527017336,-0.45395446314811116,-0.77594212969162,-0.4187454856016784,2.779828428744838,1.4487565674869658,0.3172132450856403,-0.6503366172437615,-0.7893202419994584,-0.15345996243778579,-0.025917118034798906
2081,1.7541749073126724,-0.9921933606247658,1.937403734094977,2.1536998486332197,0.8486900430183103,0.3076604254668088,0.717190967810547,-0.9959626651352402,0.5851953849979505,-1.1684679980280626,-0.9185043417481431
2093,-0.4075980549716032,-0.21366924106031898,0.6203201255626762,0.4155611092853158,-0.6686329743382474,-0.6965041795109294,0.8695634336105116,0.8638346401855735,2.1928877701467053,-0.3347113973646209,0.2171535098514246
2113,0.983728431701211,-0.9921933606247658,1.4861821381215958,1.4584443528940585,0.43487467464834006,0.12508504274358373,1.4089939287939524,-0.6277782737916372,-0.16646281102440885,-1.371647054103389,-0.06648926456722373
2118,-0.8847196079553261,-0.9921933606247658,-0.9241517620935753,-0.8590739662364808,-1.3583252549548646,-1.289874173361411,-0.9226378594887719,-0.23779295129744568,-0.25597525619447575,1.3971623434302944,1.2060670440366132
2119,0.28331566929444363,-0.5157195825306782,0.436980971353328,-0.11746810411470829,-0.11687914984495376,0.4445919625092277,2.1509908918954594,0.9512529380129261,1.887605274185659,-0.5673669277707061,-0.4136804201397764
2135,0.7346020264136729,1.650070317896993,0.3166157613585928,0.13745891098965113,1.2625054113882805,1.266181184763741,-1.6923717981807105,0.12051420472026346,0.020394418268106108,-0.8062946762378956,-0.942847629667598
2143,-0.8847196079553261,-0.9921933606247658,-0.676886859762668,-0.6968476838973431,-1.3583252549548646,-1.289874173361411,-1.1012023780829008,-0.357483578815283,-0.5020021367432258,0.9818756386619832,1.1632394090413662
2145,-0.4318584729199281,-0.9921933606247658,-0.16574777256061204,-0.16381847049731912,-0.39275606209160047,-0.3769972597452853,0.8957120982922849,-1.0115841814241207,-0.7893202419994584,1.50668029916326,0.8061557176301829
2148,0.22088619757936973,0.21049217580582782,-0.10684792677973598,0.6241377580070643,0.9866284991416339,-0.057490339979641314,1.6569087439596386,0.9006106137543219,-0.17505394800337498,-0.9523412870015123,1.3991445529282298
2152,1.0335537127587189,-0.09788873097124746,0.9263896842863125,0.5314370252418427,0.8486900430183103,0.9923181106789031,0.3315714197475599,0.8775077585636979,-0.5609391839752735,-0.22177781098713129,-0.2799611740147508
2157,-0.624048320471536,-0.14151334705190682,0.49728048622442256,-0.23334402007123523,-0.9445098865848943,-0.6965041795109294,1.6823404645971518,0.20052165350046403,-0.3548392047827164,0.10214876847610715,2.0923447567776012
2160,-0.8847196079553261,-0.6873167823337937,-0.7254978692186986,-0.9054243326190917,-1.3583252549548646,-1.289874173361411,-0.9321344203021812,0.2858346360194041,-0.7893202419994584,-0.14991098329236532,-0.2350197193942187
2161,-0.04648252663490312,-0.9921933606247658,-0.6809555599980864,-0.4187454856016784,1.676320779758251,0.9923181106789031,-0.6913580322167722,-0.26540407763129137,-0.6146759035103758,0.2928450414467622,-0.178181997374134
2162,-0.35211880462465867,-0.9921933606247658,-0.4048111177742897,-0.3723951192190676,-0.9445098865848943,-0.8334357165533481,1.084833835874415,-0.06625538902405353,-0.7893202419994584,0.5871418309725612,-0.09560416041773445
2193,-0.3202377706224708,1.1569718145108903,-0.531731680941332,-0.4882710351755945,-0.2548176059682771,-0.14877803134125397,-0.01046803479931895,-0.6852237535332771,0.15154538436778212,0.5854587395280231,0.7126673804603982
2205,-0.8847196079553261,0.20225460363849496,0.28791065051338205,-0.02476737134948677,-1.3583252549548646,-1.289874173361411,0.3729179050998397,1.713019577813267,0.12576824391936453,1.6462674705309328,1.2090323284727047
2206,-0.8847196079553261,-0.44722647692965306,-0.8681793442685121,-0.5577965847495108,-1.3583252549548646,-1.289874173361411,0.7538555923936634,0.9971475443722867,-0.6501505347659707,0.9590840015724942,-0.22395990829619716
2210,-0.022822609016987964,-0.9921933606247658,-0.48667512375685706,-0.21016883687992982,1.124566955264957,0.5358796538708404,0.04841101207158962,0.605809664340322,-0.43017261042916766,-1.1398185776686598,-0.7025558198820115
2223,0.34845609821798856,0.013899347735442413,0.1291852522619575,0.021582995033124053,0.15899776240169317,0.12508504274358373,1.522274332782475,0.9253636728871333,-0.44674865496318106,-0.7751523842368303,-0.4035501742212137
2233,-0.8847196079553261,-0.9921933606247658,-1.0369478179792755,-0.9285995158103971,-1.3583252549548646,-1.289874173361411,-0.1973998374233521,-1.2791391467410311,0.04309669846252387,0.6943563289723171,3.5986543651749967
2268,1.0944512784956726,0.44311036597964637,1.341791227410114,1.435269169702753,0.5728131307716636,0.21637273410519636,-0.4383002311725174,-0.2663076751421186,0.676829760131111,-0.8724239876475652,-0.3730343717010995
2276,0.052782390889883776,-0.9921933606247658,0.349103716268676,-0.11746810411470829,0.15899776240169317,0.5358796538708404,-0.3213476806681588,-0.8201178337518565,-0.008016622443036569,1.9833990598575337,0.9136483806108263
2297,-0.8847196079553261,4.197967436471546,-0.9272087980560296,-1.044475431766924,-1.3583252549548646,-1.289874173361411,0.01246831348571122,-0.24710622803703647,-0.08242649097221959,-0.8240902716670757,-0.24906392396313487
2305,-0.6201769647168263,-0.1288794854641911,-0.37624616810991907,-0.6736725007060377,-0.6686329743382474,-0.14877803134125397,-0.07748424367590176,-0.23170704768543585,-0.12791965316704187,0.23219284316396538,0.009432871023155452
2322,-0.4502674621490093,1.1345066733073816,-0.04312891008477008,-0.5809717679408162,-0.5306945182149241,0.21637273410519636,-1.5135790955169826,-0.7402555890529269,0.6589498820563479,0.3695167388267165,1.6612904389843273
2330,0.5215333903124887,-0.9921933606247658,-0.36563129175315917,0.2069844605635671,2.2280746042515447,0.7640988822748718,0.057578582965963514,0.8498017029027616,-0.7893202419994584,-0.39652767622387836,-0.6084477271950867
2343,-0.4917959760863778,-0.9921933606247658,-0.4523454655205141,-0.4650958519842892,-0.2548176059682771,-0.14877803134125397,0.007426577484977117,-0.8417863398503159,-0.7893202419994584,1.9754447592690265,1.463915968604386
2344,-0.6361725664010146,-0.9921933606247658,-0.6398900739010727,-0.6968476838973431,-0.5306945182149241,-0.14877803134125397,0.3959685486299239,1.49629586004812,-0.7893202419994584,2.116735335769072,0.32073885024456944
2353,-0.7275501552077468,-0.47928335244113024,-0.6809555599980864,-0.7200228670886485,-0.8065714304615709,-0.5139287967877042,-1.3266167683092716,-0.21051052884852708,-0.26538722653221075,2.2474818393959795,-0.06004545305913271
2378,-0.5161843394437609,-0.09017920830182057,-0.846228969560945,-0.3260447528364569,0.43487467464834006,-0.3769972597452853,0.24181514562945083,1.4798321974621103,-0.32862052150239585,-0.5270879203662756,-0.013605570121511474
2384,-0.2082941151176431,-0.4403281619461707,0.39434010918145057,0.32286037652009414,-0.39275606209160047,-0.3769972597452853,2.158460905393122,0.7963344355340729,-0.7893202419994584,0.7989130836144831,1.0982908409459318
2387,0.9579567346025004,-0.39085059240946896,1.2240379502264402,0.9485903226853398,0.5728131307716636,0.4445919625092277,0.6142081978216053,2.8313492261136166,0.43921234599270836,-0.8105901647897666,-0.7615321058537274
2388,2.9840669212158564,0.1914451197990084,2.055088859850206,2.431802046928885,0.9866284991416339,0.3076604254668088,-0.06587250744877325,-0.11339117330979046,0.4197559475403436,-1.523835630398188,-1.821188706001231
2390,-0.09887234421742952,-0.5647683538050694,-0.3340988649286663,-0.34921993602776213,0.5728131307716636,0.6728111909132591,0.4309324015466432,-0.33859547600831014,-0.352709395776752,-1.09756670142433,0.6960284305568768
2391,-0.8847196079553261,-0.6063760978317656,-0.8684758327950699,-0.8358987830451754,-1.3583252549548646,-1.289874173361411,0.1732684599162044,-0.15075914389029704,-0.5922657892794758,1.1983870230165206,0.4085279908522269
2392,0.06952349801211974,-0.6807837127989871,-0.2124737900341945,-0.395570302410373,0.8486900430183103,1.266181184763741,0.09817782549819097,-0.002699237028062302,-0.6302691480183297,-0.04108407278314812,1.013309435288595
2394,-0.2389478383580214,1.1152314464137367,0.4084850235816684,0.32286037652009414,-1.0824483427082177,-1.0616549449573796,-0.9761688975827145,-0.05445364242985286,-0.11659658165631573,-0.9955946505766975,-0.2187267449094338
2396,-0.8847196079553261,-0.9921933606247658,-0.991024423772265,-1.1371761645321454,-1.3583252549548646,-1.289874173361411,0.6638606047805592,-0.5581696711393674,-0.7893202419994584,0.08126064579246563,-0.4498960492986374
2398,-0.24346824074520254,0.05414305606985064,-0.36563129175315917,-0.4882710351755945,0.2969362185250165,0.6728111909132591,-0.4016800485585927,-0.5332845956911808,-0.25490856622286584,0.828052807978012,-0.6185950345804594
2403,-0.8847196079553261,-0.9921933606247658,-0.24222380835370563,-0.7200228670886485,-1.3583252549548646,-1.289874173361411,-1.3613503394913073,-1.1981994893211416,-0.14853885617620594,-0.5459540769196375,-0.0034419001715133694
2408,-0.8847196079553261,-0.4089512108507321,-0.7206083776770472,-0.6041469511321216,-1.3583252549548646,-1.289874173361411,-0.9157169704487719,-1.4278988966696302,-0.7893202419994584,2.3216829604711124,1.5308863507495123
2429,-0.8847196079553261,-0.9921933606247658,-0.991024423772265,-0.5577965847495108,-1.3583252549548646,-1.289874173361411,0.1238906791019349,0.21948893661645955,-0.418201022710158,1.7940867058510577,0.9559288280498796
2445,0.27696765148330355,0.1451288314345999,0.8463106783708226,0.6704881243896751,-0.8065714304615709,-0.787791870872542,1.446425714459725,0.3885451556938136,1.1469539455968913,-1.3560238306914834,-0.5808735223435304
2452,-0.8847196079553261,-0.9921933606247658,-0.9016825477695356,-1.1371761645321454,-1.3583252549548646,-1.289874173361411,-0.7310617032225535,-0.28598915842482786,-0.7893202419994584,1.4087008423378746,-1.0523924253051449
2460,-0.46886269017962984,-0.31363537314446976,-0.9371411911636149,-0.6968476838973431,0.9866284991416339,0.5358796538708404,-0.9553488221571571,0.30360920624919113,-0.6160350034207966,0.11658351784814876,-0.10058881184739377
2489,-0.8847196079553261,-0.9921933606247658,-0.9454418339749542,-0.9054243326190917,-1.3583252549548646,-1.289874173361411,2.191938761803061,0.3877171252330261,-0.7893202419994584,0.8188245206340227,1.677285033336582
2495,1.0727021478753318,-0.3534043394436812,0.7614508362812733,0.6473129411983697,1.124566955264957,0.9010304193172904,0.5530975431028926,0.24854431316997386,-0.29993226051906224,-0.44764498374211054,0.5675062559724245
2499,-0.3659078221866177,0.27763238779103083,-1.073427124939831,-0.6968476838973431,2.641889972621515,0.9923181106789031,-1.3771907647748878,-0.8058124122499608,0.0754235699367755,-0.006875064094044493,0.19939616173750155
2508,-0.5343090247803952,0.43722797365749705,-0.8401684692102793,-0.5346214015582054,0.2969362185250165,-0.14877803134125397,-0.9412958955974278,0.8900601295337794,-0.7893202419994584,0.08406855736633229,-0.44001905952803905
2509,-0.5211984247296324,-0.39903212667090154,0.23970550075513014,-0.02476737134948677,-0.8065714304615709,-0.650860333830123,1.1634246176533007,1.8795520054176746,-0.7893202419994584,0.014844941422847015,1.0215066648941253
2522,-0.8847196079553261,0.9454666702911905,-0.24650879041618654,-0.18699365368862453,-1.3583252549548646,-1.289874173361411,-0.45607701884918006,-1.0420461381874377,-0.45943649152008026,-0.6609639802329241,-0.2936932851488023
2530,0.29622213644637474,-0.028715997185892465,0.8130891496530167,0.6473129411983697,0.15899776240169317,0.033797351381971076,0.17062840747559097,-0.7712739084028427,-0.29722845951640814,-0.6672727318353501,-0.6596047326600185
2533,-0.49323525678919444,-0.3534043394436812,-0.9664799523429438,-0.7895484166625646,0.9866284991416339,0.9923181106789031,-0.0007177652854399904,-0.2983804219550031,-0.46306158767919425,-0.2970668685721245,0.03783911223043983
2546,1.736748245419393,-0.005083533554372867,1.2728650002214255,1.2266925209810045,1.2625054113882805,0.9010304193172904,1.696255934379942,-0.3938342672362491,3.74813738251878,-1.8028480202719857,-1.7117280820669831
2548,-0.4075980549716032,-0.6029313008425424,-1.0548400494885002,-0.627322134323427,2.090136148128221,0.5358796538708404,0.2910242275262714,-1.302500052848516,-0.7893202419994584,0.4911154530207717,-0.3207896830115286
2556,0.049504411872942494,-0.07756362575184929,-0.35063685102542835,-0.3260447528364569,0.9866284991416339,0.9923181106789031,0.12514935025736318,-1.6719073135756848,-0.4778915265119336,-0.29364463868189744,-0.9934067661156964
2580,-0.6601918183159271,-0.9921933606247658,-0.7620389432610678,-0.4650958519842892,-0.39275606209160047,-0.650860333830123,-0.8547102786405578,-0.7829718232973544,-0.6022013079040128,1.1334252255427437,-0.13092737964813358
2583,0.052782390889883776,-0.48228282617319834,0.25505963626580286,0.2069844605635671,0.15899776240169317,0.0794411970627774,-0.8265826988469885,0.7079131148209963,0.252417917409104,-0.24026986021853325,-0.5661672797560336
2593,0.6079511723289469,-0.017950886979871433,1.3173899701530063,1.574320268850585,0.15899776240169317,-0.1944218770220603,1.645258458527929,0.38718515035598433,3.19139987551706,-0.9990637239316407,-1.7188409306084322
2594,0.8390743899213502,-0.5234046434676796,0.5220234762739588,0.4850866588592318,1.124566955264957,0.809742727955678,-0.0096502702594452,1.107524895150533,-0.5498884876192646,0.2967452146385466,1.6296882162722104
2601,1.4797765838224155,1.3227102161332351,1.8829376936606677,0.9022399563027289,0.5728131307716636,0.9923181106789031,0.07769856156600527,2.987403025460651,0.39300647432043645,-0.8933828556391049,-0.5512007496891121
2611,-0.8847196079553261,-0.9921933606247658,-1.191838732218767,-1.0213002485756186,-1.3583252549548646,-1.289874173361411,-0.33351503775732777,-0.689444151714663,-0.7893202419994584,1.0256720789073408,0.17471028546040218
2615,0.15898378919656778,2.0732453601602434,0.5724584062754997,0.044758178224429464,0.021059306278369796,0.4445919625092277,1.496314240201772,0.3118358962874641,0.602376830335418,-1.3211156908805066,-0.18630388479579046
2628,-0.8847196079553261,0.052054560228144864,-0.7957562516704911,-0.8590739662364808,-1.3583252549548646,-1.289874173361411,0.629371507731226,0.32100365307799894,-0.25597525619447575,0.28946644830258206,-0.6699695758638887
2633,-0.6648117316829929,-0.2745414973225597,-0.6877032398123814,-0.6504973175147324,-0.5306945182149241,-0.3769972597452853,-0.4383002311725174,1.0393907280034673,-0.422782741466816,-1.2107599995109908,0.4203764938218733
2634,-0.8847196079553261,0.2714979638856406,-1.1787718443577109,-1.0213002485756186,-1.3583252549548646,-1.289874173361411,0.6012553960062261,-0.9909535919773927,-0.7893202419994584,-0.8099053767597583,0.5368009143062226
2654,-0.8847196079553261,-0.9921933606247658,-0.6983527610047031,-0.81272359985387,-1.3583252549548646,-1.289874173361411,0.31629375606788146,-0.3865484611518746,-0.48218709500141665,1.173925546174671,0.568115068781323
2657,3.1928493267810687,1.4590633049918056,3.901250593485629,3.150232725859352,0.7107515868949867,0.5815234995516464,0.559770016697933,-0.07845737334300167,3.681995653052353,-1.4726646833932209,-0.9023732473436851
2658,-0.6161888846680047,-0.5540290320256801,-1.006737819049127,-0.9054243326190917,0.43487467464834006,0.9923181106789031,-0.5879289716670386,-1.3334835795753275,-0.7893202419994584,0.36615784472683477,0.8913396018113264
2661,2.4551312629307342,1.732641057850798,1.9963445550689998,2.2927509477810526,0.9866284991416339,0.3989481168284214,0.31513002777978116,1.988662269260966,-0.7893202419994584,-1.3211156908805066,-0.5628641197998575
2662,-0.5810968015111387,0.4940799585437234,-0.2803504101141904,0.29968519332878873,-0.6686329743382474,-0.8790795622341545,-0.1297315587168129,-0.1057137538996135,-0.5362844106658444,-1.452497235260001,0.3443037190735764
2687,-0.4767988909005401,-0.9921933606247658,-0.45565516680934454,-0.25651920326254063,-0.2548176059682771,-0.3769972597452853,-0.7320921801799554,-1.0900644135433526,-0.7893202419994584,0.39375333919246835,-1.3375433818883773
2715,0.6420693615925871,0.7872903412368268,1.1440640823337787,0.6704881243896751,0.021059306278369796,0.17072888842439005,-0.6291286050077111,1.5494438617172415,-0.6075475631638827,-0.5444452006371016,-1.3720843799208426
2734,0.298400995753389,-0.9921933606247658,-0.1717824980645802,-0.27969438645384603,0.8486900430183103,0.9923181106789031,0.09533138413984285,0.4014208765859041,-0.6249870083658198,1.2309398351823473,-0.7455861526523847
2738,-0.5136250667457638,-0.6894339807941475,-1.065475987107873,-0.81272359985387,1.4004438675116042,0.9923181106789031,-1.3910249457186499,-0.9599599518132111,-0.17078820985062437,0.40955230730369574,0.4203764938218733
2758,-0.35300205637147575,-0.5583888760913427,-0.3709651350966058,-0.6736725007060377,0.021059306278369796,0.9923181106789031,-0.6041284744249665,-0.7810210930634254,0.0969346100346917,0.03780088008948633,0.97990878331382
2767,0.30278292391527306,0.4610516625622014,-0.008263787742241575,-0.11746810411470829,0.9866284991416339,0.9923181106789031,1.1438338720504477,1.6192744305769482,-0.2944946162803912,0.8234852718178554,0.4203764938218733
2774,-0.41182036959977775,-0.22055883503876544,-0.1094652048072802,-0.11746810411470829,-0.39275606209160047,-0.3769972597452853,-0.30458103183479057,-1.472090583617012,3.545877717840156,0.5617614077735044,-0.12465464278185043
2777,0.7224266757793194,-0.33659410204417906,0.335668847696837,0.2533348269461779,1.124566955264957,0.9923181106789031,-0.10481838716294604,1.0041640130136924,0.5500573915258361,-0.5665224430868365,-0.9889717541465651
2818,-0.22499597913832647,-0.9921933606247658,-0.7097629622821909,-0.4187454856016784,1.124566955264957,0.5358796538708404,-1.9493271836888324,-1.8024234435486906,-0.7893202419994584,0.2271680509085681,-0.7697398044625856
2822,-0.8847196079553261,-0.9921933606247658,-0.8008412223803163,-0.7895484166625646,-1.3583252549548646,-1.289874173361411,-0.2913337191921886,-0.32410212979503916,-0.7893202419994584,-0.07306328635142709,0.6059639363761328
2830,1.6398920739742946,-0.9921933606247658,0.9259567739240945,1.4120939865114477,1.5383823236349274,0.6728111909132591,0.33506002011536057,0.10804494715853792,2.0159903919984026,-1.6410061878255044,-0.35975879619530154
6,0.2495749110199712,-1.005722845235477,-0.22676770659869638,0.07804691853664456,-1.1147955958432407,-1.1046912566282976,0.6930835214175524,0.04888930895204086,-0.3174201965530826,0.8106762466611136,1.4144122079916555
7,0.4578793336016506,-1.005722845235477,-0.046899279279334974,-0.350606479099659,1.4072349986597932,2.3052881850539073,0.9955670602981532,0.4304874124988138,-0.39764551528384645,-0.23036821067555535,-0.3709322060361612
8,-0.828706805873427,-1.005722845235477,-1.2639871004059156,-1.0650288084934982,-1.1147955958432407,-1.1046912566282976,1.4497915163729824,-0.2151401301938914,-0.7096328659034838,0.48789767796052846,-0.6896480555250754
9,-0.07390960404804825,1.7421121045949783,-0.7890932109550158,-0.588747255564272,2.203665712713383,1.9415570446078054,1.1367260451091001,-0.313254773629602,-0.43508399735820297,-0.5717557624508234,1.068163594362018
11,-0.6092890146451193,-1.005722845235477,-0.43987987017904145,-0.6125613332107334,-0.451103334131916,-0.19536340551304296,-0.563747306799516,-0.11763571845072324,-0.5500114307027391,0.4795835405565537,-0.23882426842310925
12,0.354773127302254,0.4304278254076181,1.8279808617132385,0.7686551702840226,-0.18562642944738605,0.12290134237729615,-0.1725604272488814,0.6029456658951311,0.007829334127738037,-1.1922649241672476,-1.2352341950888
13,-0.11812366607966042,-0.143431542987426,-0.5945057553176903,-0.3744205567461203,1.2744965463175282,0.8503636232694997,-0.4957569424116413,-1.4925303502676568,-0.5373218605403368,-1.146466927420421,0.017284564606377697
47,-0.463482353377276,-1.005722845235477,-0.6668193258978472,-0.7554457990895012,0.21258892757940878,1.1686283711598389,0.33530729263404646,-1.2573782029993401,-0.7096328659034838,1.063600735569412,0.0810758127646251
49,-0.23593413428281548,0.07326993611156035,-0.6280393482568806,-0.6840035661501173,0.8762811892907334,1.9415570446078054,0.3488963183631867,-0.840526905289405,0.36843860744185997,0.8506465399619978,0.5907121356462817
56,-0.10294026565671656,-0.34518559768007895,-0.46107000008049615,-0.4458627896855042,0.8762811892907334,1.1686283711598389,-0.633190456751234,-0.8184837559725235,-0.4456435692253291,0.6281507804752667,-0.6622471453880194
58,1.549855804920834,-1.005722845235477,1.384251984531064,1.340193033799094,1.1417580939752634,0.804897230713737,-0.576161131924575,-0.038257662792204855,0.3285771412005195,-1.6895958681506422,-1.3097496786532843
61,0.6181887886800147,1.9571982268660526,0.5490831253495563,0.22093138441541255,0.8762811892907334,1.0322291934925505,1.8637173662440727,1.1107088017378923,1.1323882968603816,-1.1102654702585297,-0.8125582083443298
67,0.4434233095626046,1.3098684046216482,0.5934365767008871,0.6257707044052546,0.6108042846062036,0.35023330515610973,-0.2336263467634631,0.4040050589810269,0.6785355705614194,-0.4110941185946147,-0.051795053375417635
68,-0.828706805873427,-1.005722845235477,-1.068520390588866,-1.0650288084934982,-1.1147955958432407,-1.1046912566282976,-1.357082686550962,0.4741342544077581,-0.5189739294137056,0.43526456922814527,-0.265735144603546
83,0.39528865654610623,0.6652578674992595,0.5190594137938194,0.7448410926375613,0.6108042846062036,0.21383412748882144,-0.9310623269863922,1.0632486557409184,0.4034030876584658,-1.4032225335625206,-1.1590572176340264
103,-0.828706805873427,-0.5330448148747335,-0.8706810432214612,-0.8507021096753465,-1.1147955958432407,-1.1046912566282976,-0.29946949760044245,-0.49931044908439126,-0.3318133220338313,-1.076609407295618,-0.3883041978323732
104,0.012032651605336444,-0.49560497088576366,0.4681486665882478,0.8162833255769453,0.07985047523714371,-0.24082979806880575,-0.9610921351011107,0.12712025388416898,0.309731745031965,-1.4426450272423392,-1.1395998430388368
105,0.200562105706635,-0.06896093052054895,-0.4776368289125426,-0.6363754108571947,1.805450355686588,3.4419479989479753,1.7013619843528875,0.5876160433710141,0.03913677558364587,-0.6899283765268777,0.4209147654747989
107,0.14732405855594216,0.7708945792238693,0.23016665118764884,-0.041023469695661965,0.4780658322639385,0.7139644456022116,0.20458999023681282,1.9475914347131635,0.00040731136879436055,-1.311353329857853,0.08613088846416814
118,-0.39156556929502234,-0.21001774393322153,-0.23239659052618697,-0.5173050226248881,-0.18562642944738605,0.3956996977118725,0.32792321321935014,1.0098613216993986,-0.2326174572340769,0.7214511069039898,1.2447971776663265
136,0.7887157694666703,-1.005722845235477,0.18976970403561427,0.9829818691021743,1.5399734510020582,0.3956996977118725,1.9030176769399547,1.8596097218602565,3.212493827600529,-1.0463219745340255,-0.3168308601565306
141,-0.828706805873427,0.35608962990076193,-0.9387347344670337,-0.9697724979076531,-1.1147955958432407,-1.1046912566282976,0.5447288929504152,-0.708176013865811,-0.7096328659034838,0.8961181618800772,0.6384034759032063
166,-0.430046311951572,-1.005722845235477,0.8607762722229281,0.10186099618310589,-0.716580238816446,-0.46816176084761935,0.8961593245157963,0.5079451882808844,-0.7096328659034838,0.5694699049409313,0.6158458631768234
168,-0.5604139616227001,-1.005722845235477,-0.7504006363178951,-0.7316317214430399,-0.052887977105121164,0.3956996977118725,-0.1250078191252405,0.776766148781151,-0.5144559451366966,0.900641405349872,0.8585272891905199
172,1.6651165481751815,1.2639646133249214,1.5178267566637305,2.5070828384756982,1.1417580939752634,0.21383412748882144,-0.7611471779878598,-0.708176013865811,0.9231467487931206,-1.2035714567987144,-1.6638828729832855
178,-0.346921357899781,-0.5672385447306171,-0.3951551704721412,-0.4696768673319655,0.21258892757940878,0.3956996977118725,-0.4610735276445968,0.868441681525585,-0.7096328659034838,0.7097047121753257,0.7329654684014119
179,-0.6092890146451193,-0.20693361563360038,-0.9060627280110461,-0.6840035661501173,0.07985047523714371,0.031968557265770615,-0.6458164840151828,-0.5195926811470498,-0.5500114307027391,-0.19219876168458186,-0.5030401436492135
190,-0.27097488334235903,-0.49811786681852094,-0.5104440465996495,-0.588747255564272,0.6108042846062036,1.1686283711598389,-0.447314188385171,-1.5007240851669017,-0.5067642438256901,0.7964463752343309,0.3099985265867781
209,-0.828706805873427,-0.5415615361424946,-0.3871908985321809,-0.5411191002713495,-1.1147955958432407,-1.1046912566282976,-0.33972063385945245,-0.2914549455626481,-0.7096328659034838,0.7632753911651415,0.601429821259906
214,2.1387418706578,0.6562741002264919,2.0226182901432415,2.0069872079000106,0.6108042846062036,0.304766912600347,1.223242842251293,0.6522415286490966,2.113349451800009,-1.5222193681377978,-1.7147398294979588
222,-0.3589160163555564,0.7045478704266321,-0.14726264066849604,-0.0648375473421233,-0.18562642944738605,-0.19536340551304296,-0.4248086167414579,2.448384145069189,-0.36787078887616326,-0.6131080049974925,0.8469092935364411
223,2.3811266554973853,-0.47456918225278577,2.347605259125729,2.6261532267080048,1.1417580939752634,0.5775652679349234,-0.35053666083716495,-1.035506514710892,0.5640474520900873,-0.5315527081775264,-0.39045331021953306
224,-0.40306928604708564,-0.6183400985488526,-0.7556606029962093,-0.6125613332107334,0.6108042846062036,0.7139644456022116,-0.46378334658193704,-0.17203590889082757,-0.24517049430432447,1.4676843892476978,0.21279284161248693
263,-0.828706805873427,-1.005722845235477,-1.200864597925329,-1.0650288084934982,-1.1147955958432407,-1.1046912566282976,-0.9403908034883441,0.9994014208291949,-0.7096328659034838,0.165804346092826,0.869667621893304
264,-0.350987057882681,-0.13615482313723162,0.15022501315261017,0.3400017726477189,-0.3183648817896511,-0.46816176084761935,0.0574851992127464,0.18849606115555112,-0.36210265255502705,1.0535747481676505,1.8581802096372348
287,-0.03696148927337944,0.4354493312490274,0.0040755786654233,-0.0648375473421233,-0.3183648817896511,-0.33176258318033114,-0.4604434473672083,0.24918514610781303,-0.7096328659034838,0.40089575340593137,-0.3576906178838041
290,-0.1780195629205142,-0.4135170370823615,-0.49248984786541183,-0.5173050226248881,0.7435427369484686,1.1686283711598389,-0.7080758598339644,-1.2311027070692835,-0.7096328659034838,0.3695502324308508,0.4778992551787364
312,0.12271823844427726,0.726105904657667,0.37353620872722176,0.3400017726477189,0.34532737992167367,0.21383412748882144,0.3134963353713086,0.10698729011487147,2.4049971554085263,-1.8716545172874206,-0.9278578253853019
324,0.8169266283388815,1.3906448435701526,1.61556273026207,0.887725558516329,-0.3183648817896511,-0.14989701295728033,0.42108281978848555,0.7867674476160126,0.4875278981021015,0.017733207765773133,-0.9433999356927198
357,-0.828706805873427,-0.6063282304345387,-0.6941614289964986,-0.6125613332107334,-1.1147955958432407,-1.1046912566282976,0.503151997004152,-0.31861419979888644,-0.7096328659034838,0.3956107527764116,1.258399024524813
361,-0.5275909008898984,0.09048790602667281,-0.1508825666294139,0.07804691853664456,-0.451103334131916,-0.6045609385149077,-0.3934974178946752,1.751036544297094,-0.2715229692886739,0.2026520063880005,-0.3306439697428192
362,-0.32773521174153847,2.6418456722385786,0.4662325871999797,-0.23153609086735247,-0.451103334131916,0.031968557265770615,1.9636928410811954,2.968184327027715,1.477039538439461,-1.2964780770942361,1.1539597110136095
375,-0.828706805873427,-0.5935476027609086,-0.8911448765604221,-0.8745161873218077,-1.1147955958432407,-1.1046912566282976,-0.2466320060381794,-0.47457350132506126,-0.7096328659034838,1.421422328298626,-1.0829059178121028
424,-0.016126086204957035,-0.5126902585434095,-0.3782358559202639,-0.041023469695661965,1.0090196416329984,0.3956996977118725,0.20196989688732744,-0.8513514183007167,-0.7096328659034838,0.6161899895768804,-0.5249527840188423
438,-0.5928326803029962,-1.005722845235477,-0.5977463379448793,-0.5649331779178107,-0.3183648817896511,-0.19536340551304296,-0.23957405679763236,-0.6301308458885397,-0.7096328659034838,1.5586338635313777,0.5758413468573779
441,-0.0002708526504503499,1.0048880936648563,-0.038817899361263605,-0.6125613332107334,0.4780658322639385,2.3052881850539073,0.35863017761461247,2.120578295782726,-0.7096328659034838,2.14429285537849,1.393299487648385
442,-0.253014024820172,-0.6564217922909276,-0.2973672677231558,-0.08865162498858463,0.21258892757940878,0.031968557265770615,0.26584688458054634,-0.2859126163930835,-0.15122838750630238,0.11124188839552444,0.2773669725553467
443,-0.6412571696585151,-1.005722845235477,-0.901572104455771,-0.6601894885036559,-0.052887977105121164,-0.19536340551304296,-0.9909418319088809,-1.5258160712080533,-0.5732675338445695,0.5674491065781593,-0.08251112369773209
474,-0.40937502708154994,-1.005722845235477,-0.7242985026341231,-0.8983302649682691,0.6108042846062036,3.4419479989479753,-1.1218177118660504,0.37811120220808,-0.40457856751983845,0.21460274356143916,0.9335113557282706
491,-0.4937376334657146,-1.005722845235477,0.05112929369135426,0.6257707044052546,-0.451103334131916,-0.7409601161821957,1.7264197923074935,1.346296296576432,0.021414417205252324,-0.46150793906231485,0.021222520014417146
492,-0.4342134948148667,0.07139015774684442,-0.3816993044565803,-0.5649331779178107,-0.052887977105121164,0.3956996977118725,0.41765135593277836,0.6631691829541629,-0.5661404258972396,0.9213915877621789,1.1399468435291384
521,-0.6286722117500935,0.08661436980313167,-0.9086085386705849,-0.5649331779178107,-0.052887977105121164,-0.33176258318033114,-0.4384685627812545,-0.7049473936271581,-0.7096328659034838,0.7312051802652475,-0.8192278105864591
530,-0.3864428204288691,-1.005722845235477,-0.26175034069493736,-0.32679240145319766,-0.052887977105121164,0.031968557265770615,-0.21751796542092175,-1.3863123819610046,-0.3878959105769828,0.3286949375141113,-0.1342388178127765
531,0.9266355239530353,-1.005722845235477,1.001048963119882,1.1496804126274036,0.7435427369484686,0.3956996977118725,-0.07133224350551512,0.21732841712954934,2.8020387085129,-0.8639810639257173,-1.7360475613710318
536,-0.828706805873427,0.15207277969308566,-1.0651077479455604,-0.6601894885036559,-1.1147955958432407,-1.1046912566282976,-0.8680487504081683,0.2098011331839251,0.2158127584064517,0.8060395469827235,-0.09434667373018354
538,-0.46111076602340495,-0.6711650185515741,-0.48473689841199114,-0.4458627896855042,-0.052887977105121164,0.031968557265770615,-0.6085123125535161,-1.2530336325604774,-0.7096328659034838,1.5047058848855597,0.24385581532327982
550,-0.828706805873427,-1.005722845235477,1.0352642187405798,0.24474546206187386,-1.1147955958432407,-1.1046912566282976,0.9631911463506879,-0.34074027113996874,-0.7096328659034838,-0.8778481297976674,2.3217265223766566
553,-0.6272484779840911,1.1945008690415777,-0.4772830887951325,-0.5649331779178107,-0.583841786474181,-0.33176258318033114,-0.8756685924448263,-0.8807817668439273,-0.563076530381092,1.7520252856378506,0.8083231089557912
558,-0.828706805873427,-1.005722845235477,-0.965124579438505,-0.8030739543824239,-1.1147955958432407,-1.1046912566282976,-1.407139064143496,-1.2828832964799683,-0.7096328659034838,0.8940875142798074,1.3614619545775486
574,-0.828706805873427,0.5795665488974782,-0.9517030077987949,-0.5173050226248881,-1.1147955958432407,-1.1046912566282976,-1.5561530497458866,-1.5275770645239923,-0.7096328659034838,-0.7050787116648334,-0.6913786393232053
581,0.16444740705470293,1.2540098437698315,0.4021489759050818,-0.23153609086735247,0.34532737992167367,1.1686283711598389,-1.233259015664166,0.19617278751395328,-0.16776009903779793,0.12380409759332081,-0.9688944499689229
597,0.28128907916389473,1.0147440296398578,-0.4432038121243677,-0.279164246160275,1.9381888080288532,1.623292296717466,1.7567184489846313,-0.11894930329613572,0.09786380628851876,1.101970085279959,0.8543041565319482
598,-0.828706805873427,-1.005722845235477,-0.9319459739309439,-0.7554457990895012,-1.1147955958432407,-1.1046912566282976,1.1613578142707415,0.3935780025623908,-0.4332413875021944,0.018578571401143617,-0.43447405522364724
604,-0.828706805873427,-0.6183400985488526,-0.9200832650887005,-0.8030739543824239,-1.1147955958432407,-1.1046912566282976,-0.6229852091506741,0.1528541173486848,-0.7096328659034838,-0.07981412841491817,0.04194648620312623
606,-0.22433182220541917,-0.27231494047645866,0.10638810493177076,-0.041023469695661965,-0.052887977105121164,0.031968557265770615,-0.1975026511822699,-1.003800623754547,-0.12340752381391618,0.4413325909627523,-1.1323942094309651
633,-0.2878489383233944,-0.6775578432652793,-0.501695663139973,-0.4696768673319655,0.4780658322639385,0.6230316604906861,-0.3081305701214201,-0.4952704445507752,-0.3161711116188456,0.7502219521282214,1.2090338503849043
657,-0.828706805873427,-0.19435425768711415,-1.0278642620902743,-1.0650288084934982,-1.1147955958432407,-1.1046912566282976,-0.6994522455025871,-0.15719841162949538,-0.38536254872401826,-0.16575063954910385,-0.2963831073831267
660,0.9161154928667467,0.052946441942352686,-0.1365417092609561,0.006604685597260696,0.07985047523714371,-0.058964227845754794,-0.503038600366009,0.6188265248456294,-0.004455977516632289,0.2058092461500638,0.536932844683671
666,-0.4272189325620553,0.4558914897807228,0.8766133066772969,0.7924692479304839,-0.716580238816446,-0.695493723626433,-0.28087056831147306,0.15746248651520275,-0.7096328659034838,2.8915678704116945,0.9585795916441279
668,3.9687330362370314,5.107045581294137,2.797540993070334,2.5547109937686208,1.2744965463175282,0.8958300158252624,-1.9950893975608912,-1.3405386812302258,2.0823895260824234,-1.8716545172874206,-1.6867869744644701
669,-0.3187086965319548,-1.005722845235477,-0.5349491016288114,-0.30297832380673634,0.4780658322639385,0.21383412748882144,0.13716782833969227,0.5649668713533998,-0.7096328659034838,0.2753254081183707,-0.11504746201088044
673,-0.828706805873427,-0.2590285653902445,-0.3422210106332065,-0.20772201322089115,-1.1147955958432407,-1.1046912566282976,0.3818323437288186,-0.7992149160662337,-0.7096328659034838,-0.7727062945994763,0.2053647392033842
693,0.23940244199267513,-0.5196671347701841,0.5876415231556517,0.2923736173547963,0.34532737992167367,0.3956996977118725,0.16326172532794747,0.4378991403701438,1.4271861581517684,-1.6672679206149998,-1.7285697535816138
703,-0.828706805873427,-0.09383071586696301,-0.6949115220903553,-0.8507021096753465,-1.1147955958432407,-1.1046912566282976,-1.034374092956614,-0.3968713075804723,0.748148736991813,1.0042276836785022,0.9528750626114422
708,-0.828706805873427,-1.005722845235477,-0.9323677168542313,-0.9221443426147303,-1.1147955958432407,-1.1046912566282976,-1.559897319900023,-0.8337659393464777,-0.7096328659034838,1.2411298573212897,0.08613088846416814
714,3.364610982045344,-0.2424353591714616,2.2724567572071677,3.173877012576615,1.5399734510020582,0.6230316604906861,-0.1807578131264042,-0.2620424791231072,2.035855819549325,-1.5506918617722114,-1.9278487152388701
720,1.3654711064096507,-1.005722845235477,0.9162884435140628,0.6019566267587932,1.4072349986597932,1.4414267264944154,1.0776362375138198,0.08334276289744054,0.24809574530098435,-0.8639810639257173,0.5538233572552026
723,-0.350987057882681,-0.13615482313723162,-0.9570263315715068,-0.6601894885036559,1.805450355686588,1.1686283711598389,0.2361674584671097,-0.03029064005890527,-0.36210265255502705,1.144988162713122,-0.6345906638039823
727,1.0821721860895572,-0.13615482313723162,1.1190699397862125,0.649584782051716,0.34532737992167367,0.48663248282339777,-0.5679027081775245,1.4282873680374708,0.506722880816115,-0.2262130554689429,-1.40159708640128
759,0.4019408057983862,-0.2590285653902445,0.21240760678747894,0.3161876950012576,0.8762811892907334,0.6230316604906861,-0.3853360519828494,-1.425452213020656,-0.11278749950069929,-0.45872108811720613,2.0165837099562416
762,1.8130834005153988,1.7421121045949783,2.636926991512189,1.959359052607088,0.6108042846062036,0.5775652679349234,0.8544080754872063,1.2999325033249896,-0.7096328659034838,-0.13845617750529077,0.7651960574360855
763,-0.3342981583895544,1.6941149875673722,-0.7992792786386497,-0.5411191002713495,1.1417580939752634,0.7139644456022116,1.350005559277605,-0.11500281258153308,-0.7096328659034838,0.682731682173142,1.5060773704427333
764,-0.828706805873427,-0.10968970942119805,-1.0394684153906395,-0.7554457990895012,-1.1147955958432407,-1.1046912566282976,-0.6001432027821162,-0.6489179647971725,-0.7096328659034838,0.3890389693849225,-1.1777479293715252
765,0.6303084038405785,1.1188918066952878,1.0512936010305483,0.649584782051716,0.4780658322639385,0.5320988753791606,0.6317552437750941,-0.055477425250259824,-0.28507275990562675,0.36184849789573653,1.24931944118371
783,0.013074460102831892,0.5265271267889406,0.2536439352202438,0.17330322912248988,-0.716580238816446,-0.7864265087379585,0.7725463593886648,0.515185001630669,-0.7096328659034838,0.46397521569035677,0.18516527112807396
786,-0.5384001897867429,-1.005722845235477,-0.13865402357989995,-0.588747255564272,-0.451103334131916,0.031968557265770615,0.6155236396532962,1.087204510759549,-0.7096328659034838,0.7948044669927792,0.18256617873236922
796,2.5678806023407774,0.5399343140441542,1.9079865229021458,2.6261532267080048,1.2744965463175282,0.48663248282339777,-0.31015354920310556,-0.4572893519291192,1.761306951004044,-1.4383549323418883,-1.8100280064343408
810,-0.828706805873427,-1.005722845235477,-0.8453006687755493,-0.7792598767359625,-1.1147955958432407,-1.1046912566282976,0.0176584305837622,0.22539984208329114,0.2827124420915074,0.825591895024127,0.6556897187881583
823,1.6207552673579704,0.48048596176416825,0.783035126633761,1.0067959467486356,1.805450355686588,1.1686283711598389,2.352864991172642,2.893176530976571,2.06225474921714,-1.4550203009936395,-0.7350758802259842
825,1.0902691309707566,0.15861399791302108,1.778259829335952,1.5068915773243232,0.4780658322639385,0.35023330515610973,2.371269030913314,-0.9499364349942472,0.4537097974239776,-1.0148474284120739,-1.237470712074316
826,-0.016126086204957035,1.952472674916927,1.819048810224844,1.4354493443849392,-0.716580238816446,-0.695493723626433,-0.5072020363734104,0.6372356110148671,0.27559034657958165,-1.1460332027853328,-1.177275231945491
829,1.2679520880859585,4.33728955721263,2.6774236842127475,3.531088177273534,-0.052887977105121164,-0.42269536829185667,0.7603020856132416,0.7622034110067925,0.5105843276310978,-1.5506918617722114,-0.7496416271935771
856,-0.828706805873427,-1.005722845235477,-0.9417689311520802,-0.8745161873218077,-1.1147955958432407,-1.1046912566282976,-0.19928261428269647,-1.5181550569792632,-0.7096328659034838,0.5166109115462229,-0.11746527061584348
861,4.317637752026884,-1.005722845235477,2.5134288129460254,3.650158565505841,1.4072349986597932,0.3956996977118725,-0.9584932666302437,-1.069376791281282,0.3114166452153294,-1.5135556867539228,-0.5743711512860126
862,-0.828706805873427,-1.005722845235477,-0.825540234385518,-0.7792598767359625,-1.1147955958432407,-1.1046912566282976,0.7750061465310486,-0.3060530447146262,-0.7096328659034838,1.9197168509859883,1.1439054785935014
885,0.8932639967700227,0.9532849612025852,1.4548239121882973,1.6497760432030908,0.07985047523714371,-0.19536340551304296,-1.325773659501639,0.702325918380377,1.7957560485781667,-1.2126437417048619,-1.054913099761532
918,-0.40624568544877476,0.5322444774308226,-0.6378652629896486,-0.5411191002713495,0.34532737992167367,0.3956996977118725,-0.4792283033983069,-0.6365801553646376,-0.40230204290503513,-0.41654397082854316,1.9748052533717122
948,0.8201220330655071,-0.005297499423417971,1.0693511294041829,0.5543284714658709,0.07985047523714371,0.21383412748882144,-0.2721228518389914,0.42285980905841525,0.4898524821098792,-1.4509753086024377,-1.6026570224219308
950,-0.07053997368275639,-1.005722845235477,-0.2983600740514685,-0.6363754108571947,0.7435427369484686,2.3052881850539073,-0.17025491247082786,-0.22889166348274192,-0.7096328659034838,0.9331865459760708,0.4744013233330705
975,-0.6235988705947916,-0.6323757053128607,-0.8176169684223654,-0.4696768673319655,-0.18562642944738605,-0.46816176084761935,-0.6154865706963496,-1.425452213020656,-0.7096328659034838,0.24774562646790088,-0.04161966589927831
976,0.6859364084918815,0.02816154224253722,0.7487517642931968,0.22093138441541255,0.7435427369484686,1.1686283711598389,-1.400358852462902,2.062207810017819,-0.020965135438732456,-0.9296988978406109,-0.8205704819922902
983,1.6761511647860157,-1.005722845235477,1.5306146873827866,0.8400974032234065,0.6108042846062036,0.8958300158252624,1.0267969241943802,-1.4675708276830772,2.9348211413347576,-0.7213016369010514,-1.8623100150189047
1000,1.3850838698713992,-0.43005909876261617,1.1322146834037476,1.0544241020415583,0.21258892757940878,0.031968557265770615,0.6604130460822178,1.0669022582102403,1.1309182081430922,-1.3875209028231386,-1.2489456684960913
1006,2.3877585428142662,-0.42024664853864696,1.17490434708409,1.2449367232132487,2.0709272603711177,1.5778259041617033,-0.7288182655173915,1.216130566859816,1.8642627767085245,-0.02520742234907237,-0.5861080135119658
1010,0.7180087716375949,1.8096818164760549,0.6592278512669069,1.26875080085971,0.8762811892907334,0.16836773493305893,0.8220109314322347,-0.22636178213087702,-0.25955275353417095,0.614490642236126,-0.02947289187783572
1038,1.768072558204711,-0.0603667845139901,0.53369967611899,0.24474546206187386,2.3364041650556477,2.6690193255000083,-0.20234175575804744,0.45211061858214385,2.3129234850537363,-0.2815642973038155,0.02862360527670834
1042,2.2520980995362825,1.0972120653490551,1.454258272032629,1.673590120849552,1.672711903344323,1.0322291934925505,-0.08473129284684872,-0.04517408912111289,0.41097476081194845,-1.4295120836695303,-0.8733018463470188
1043,-0.828706805873427,-1.005722845235477,-0.6743238605781153,-0.7316317214430399,-1.1147955958432407,-1.1046912566282976,1.0706516266869546,2.363949643443976,-0.12548633708373724,0.43313050901860295,-0.3306439697428192
1052,2.476974370004145,1.6267832654597587,3.256792426498103,3.102434779637231,0.07985047523714371,-0.14989701295728033,-0.833317596923969,0.21830641460569622,-0.5593323904224906,-1.5553774479841123,-1.1864013975795014
1087,-0.525980655408703,-0.4546864248149311,-0.14435121358549052,-0.4220487120390429,-0.451103334131916,-0.19536340551304296,0.4105498772581326,-0.540012954653013,0.1712725946696099,1.6040106025965293,1.3808520148256813
1110,-0.08870954918187915,0.3412550713480797,0.5573027134188295,0.3400017726477189,-0.18562642944738605,-0.10443062040151756,-1.2878871057612817,-0.005981006590632126,0.36702936368585304,-0.3140416302283171,-0.3338038314128853
1120,0.8301881431933397,-0.25082313374359355,0.6303381191295966,0.4114440055871029,1.0090196416329984,1.0322291934925505,-0.3617308705763364,0.7959697590330528,-0.7096328659034838,-0.9193477371873494,-1.0159867146009904
1136,0.9064591753343402,1.7579042594790613,0.4710521508720022,0.12567507382956722,-0.18562642944738605,-0.058964227845754794,-1.3165197598811496,-0.800654542036244,-0.07848604166145887,-1.1245862673813303,-1.393882941346422
1149,-0.828706805873427,0.5877381437125965,-0.7522704450149208,-0.7078176437965785,-1.1147955958432407,-1.1046912566282976,-0.1322495709233294,-0.2336645324249203,-0.7096328659034838,0.47352364865489444,-0.6247065604199963
1158,0.6321910041111771,2.9830698238732483,1.026203697970641,1.0782381796880196,0.4780658322639385,0.21383412748882144,3.067416676071728,1.4188771873400747,1.415906761543852,-0.7534620400086273,0.6674645939115913
1194,-0.828706805873427,-1.005722845235477,-1.1524645400309774,-0.9459584202611917,-1.1147955958432407,-1.1046912566282976,-0.8309876426575666,-0.7973267634120996,-0.5026864825778953,-0.4563543654552794,-1.2368256061699507
1195,-0.07641723594780042,0.7059683610542585,0.2987475149573816,0.030418763243722027,0.07985047523714371,0.21383412748882144,0.13970278362048472,0.7149894185630968,-0.7096328659034838,-0.00026096104425728223,-0.45271331027281253
1209,0.563337213886493,-0.16110144672201723,0.8683501168517559,0.10186099618310589,0.4780658322639385,1.1686283711598389,-0.277177884718581,0.6236783520957815,0.30304738692747035,-0.9837455317432968,0.5292787131085154
1235,-0.828706805873427,-1.005722845235477,-0.7256048475599476,-0.6840035661501173,-1.1147955958432407,-1.1046912566282976,-0.25664974044411787,-0.3467079660088448,-0.4882224880443864,0.6908699098098139,-0.18768571192773442
1282,-0.828706805873427,-1.005722845235477,-1.0211504060079382,-0.8507021096753465,-1.1147955958432407,-1.1046912566282976,0.08904146976913616,-1.371446427778715,-0.14290355009900493,1.1097646451818393,-0.3883041978323732
1294,-0.828706805873427,0.8343452015259887,-0.2983600740514685,0.22093138441541255,-1.1147955958432407,-1.1046912566282976,0.30237561703011057,2.548918060865088,-0.7096328659034838,1.0299052033299845,0.7787213939059937
1321,0.17620071134971052,1.4331839149690693,1.0216121661011757,1.0544241020415583,-0.052887977105121164,-0.19536340551304296,-0.27820484406098284,0.016746343042428016,0.021414417205252324,-1.7434593738124111,-1.0544018714385976
1325,-0.2737088633547661,-1.005722845235477,-0.4074714362121105,0.10186099618310589,0.34532737992167367,-0.19536340551304296,0.37280683319103447,1.462606850580915,0.5016121423845201,-1.6592527599611793,-1.596168568604271
1327,-0.45627397602537834,0.3501167681677082,-0.22128695119561348,-0.7554457990895012,-0.3183648817896511,1.1686283711598389,0.39192666472502485,2.508306807585149,-0.7096328659034838,-0.44632693522974803,0.2768602248909972
1339,1.2339980979003815,0.6630028327992126,0.7968687640694274,0.8639114808698679,0.4780658322639385,0.2593005200445842,-1.24754636230495,2.3421130633933984,-0.20944261956592755,-1.2576672511702693,-0.8845664412091743
1340,-0.0637096418612189,-0.30948088159600357,0.17921554667156914,0.38762992794064155,0.21258892757940878,-0.10443062040151756,2.4739212931155024,-0.05788535913099902,0.12514409926797826,0.7632753911651415,0.4990759236497937
1341,-0.828706805873427,-1.005722845235477,-0.7019554997648497,-0.9697724979076531,-1.1147955958432407,-1.1046912566282976,-0.3430095198056539,-0.005981006590632126,-0.39405945378247137,0.7015805657224464,1.130846533036349
1401,-0.37942275716784446,-0.5968188348440402,-0.37429137286501485,-0.11246570263504582,0.07985047523714371,-0.19536340551304296,0.1553350078520405,0.3369584655510752,-0.21936702921548223,0.5355653990766486,1.8832905389484558
1402,-0.43694355233084287,1.1335950222795836,-1.0317370624438955,-0.6601894885036559,1.805450355686588,0.7139644456022116,-1.4344189239041332,1.243315451093761,0.7153612614941679,-0.07248669052396399,-0.8492330320654233
1416,0.10699220465390209,0.6974806360643921,1.0675964785128806,0.887725558516329,-0.583841786474181,-0.6500273310706702,0.9664019807917592,0.7875979372083604,2.6938655044925603,-1.6926051020206718,-0.7621609469012601
1433,1.9327463715364956,1.5075408283899396,2.961394395222758,3.126248857283692,0.34532737992167367,-0.013497835289992152,-0.20944866369773482,0.8137279756017417,0.5459259841511546,-0.5506191973315289,-0.4633003575379699
1437,1.29948079325828,-0.2309573518622283,1.4229396697292973,1.7926605090818588,0.8762811892907334,0.304766912600347,2.0834464545178566,0.41276613834029463,2.077141363691472,-1.220076194061056,-0.38516940232027475
1445,-0.828706805873427,-0.008524677958295594,-1.0900750818649694,-0.9935865755541142,-1.1147955958432407,-1.1046912566282976,-1.3722610720145045,-0.6440696760465575,-0.7096328659034838,-0.0545917417093813,-0.35871577309559943
1461,-0.2895659474267279,-0.024353220296028658,-0.4871035882451406,-0.279164246160275,0.4780658322639385,0.21383412748882144,-1.7267847896272512,-1.3503037373861253,-0.7096328659034838,-0.11782286393645598,0.7651960574360855
1468,-0.5427987748789654,0.5555470126227363,0.11876900904112936,-0.350606479099659,-0.583841786474181,-0.33176258318033114,0.46087393601426335,0.16860636104514617,-0.7096328659034838,0.31672722486173327,1.7521357610584414
1470,-0.828706805873427,-0.3995827827728765,-1.018495064311706,-0.9221443426147303,-1.1147955958432407,-1.1046912566282976,-1.163335060339858,-0.9605631137521378,-0.4673838642458831,1.123210261012583,-0.05905385920064251
1487,3.229342666306029,0.840940427500044,1.9197436272345658,2.102243518485856,1.5399734510020582,0.986762800936788,-0.7878932316681113,-0.9971867067163412,0.47122248267836964,-1.638697751187672,-1.8572648804711798
1488,-0.828706805873427,-0.5951897352010463,-0.4138776390649057,-0.3982346343925815,-1.1147955958432407,-1.1046912566282976,-0.0870267475148861,1.3788932920660792,-0.7096328659034838,0.5451559166717242,1.9903436669174461
1491,-0.47489561751778075,-0.36169902886896393,-0.3471730518601769,-0.6125613332107334,-0.18562642944738605,0.3956996977118725,-0.9453689808523666,-0.41407897843926406,-0.45224330164228305,-1.1946239158100262,1.0018894456594705
1513,-0.6158880459602564,-0.6183400985488526,-0.8789775995655776,-0.7078176437965785,-0.052887977105121164,0.031968557265770615,-0.38418241529756864,-0.8218159613698519,-0.3999912848373776,1.6305789700542885,-0.2143230469109143
1515,-0.22217334012089054,0.09831798282140237,1.04887811346888,0.38762992794064155,-0.451103334131916,-0.2862961906245685,2.306329062114088,0.9748258837346511,-0.12131386187788198,-1.1752801843392435,-0.23567884133708417
1518,-0.828706805873427,0.4354493312490274,-1.219321012008776,-0.8983302649682691,-1.1147955958432407,-1.1046912566282976,-0.756581177739824,0.24918514610781303,-0.13365621860569185,-0.3566210034918527,2.1846943073687766
1533,-0.828706805873427,0.41231124584675355,-0.7202116804349842,-0.3982346343925815,-1.1147955958432407,-1.1046912566282976,0.08904146976913616,-1.2921613388065036,0.2349159937706476,-0.7784674910486921,-0.4925361486096434
1540,0.28859168367071925,0.3501167681677082,0.13838762213171074,-0.11246570263504582,0.7435427369484686,1.1686283711598389,-0.30458148401319995,-0.4481924311944128,-0.7096328659034838,-0.5888596934355153,0.2768602248909972
1576,-0.828706805873427,0.014512903463949596,-0.6144361877831044,-0.8268880320288852,-1.1147955958432407,-1.1046912566282976,1.8690756296728246,1.4961617901964108,0.9213505115932344,-0.15561655710709407,1.3351349882868502
1588,-0.6393764040777634,-0.6610947160761388,-0.5677293495844741,-0.6601894885036559,-0.451103334131916,-0.19536340551304296,-0.33812568916982344,-0.01882689986149189,-0.7096328659034838,1.3165029639171661,1.155304758829009
1589,1.20761658034612,-0.2644004666840951,1.2236215505740111,0.9829818691021743,0.8762811892907334,0.804897230713737,1.731827952297696,0.809178717118865,0.1791944063654111,-1.4040650371303713,-1.7740642340654353
1596,-0.6235988705947916,0.48766571445498796,-0.8176169684223654,-0.4696768673319655,-0.18562642944738605,-0.46816176084761935,0.3051155041576519,-1.174957294238887,-0.5604215243027878,0.7187234361913059,0.6993335494087092
1600,0.30348899686464126,0.02471526095094387,0.7599052848413269,0.6019566267587932,0.21258892757940878,0.21383412748882144,-1.262976696676997,1.0982840937056657,-0.7096328659034838,-0.3551059699780572,-0.4466740902676443
1620,-0.6182614893793623,-1.005722845235477,-0.8031842534708977,-0.7078176437965785,-0.18562642944738605,0.031968557265770615,-1.1952833545185875,-0.8341352114354393,-0.5565387012871562,1.6720595603340347,-0.49059875175504714
1628,0.42003856479355994,0.5096273109210242,1.2808833256420349,1.0306100243950969,0.07985047523714371,0.031968557265770615,1.6702239729975317,1.5049699618454788,-0.10401036175948186,-1.3937505633033775,-1.094935511190044
1648,-0.828706805873427,-1.005722845235477,-1.0918838671468802,-1.0650288084934982,-1.1147955958432407,-1.1046912566282976,-1.085623100376064,-1.630986505354415,-0.7096328659034838,-0.5754591777067681,-0.5165896757120904
1677,-0.828706805873427,-1.005722845235477,-1.1986883314120882,-1.0650288084934982,-1.1147955958432407,-1.1046912566282976,-0.1807578131264042,-0.005981006590632126,-0.7096328659034838,-0.08343400798839797,-0.7496416271935771
1690,-0.828706805873427,-1.005722845235477,-1.2065772975225861,-0.8745161873218077,-1.1147955958432407,-1.1046912566282976,-0.6085123125535159,-0.35515574186218873,-0.7096328659034838,0.5902749426303775,2.039036837692848
1694,0.38870803578040963,1.2102730820471481,0.6852476723304595,0.3400017726477189,0.34532737992167367,0.5320988753791606,0.1987018234621625,-0.06793136284848915,-0.4882224880443864,-0.47391392068892896,1.5226148997509168
1703,0.6876268585079143,0.8343452015259887,0.9707773489749467,1.0544241020415583,0.6108042846062036,0.2593005200445842,-0.642885441971766,0.07975386144479481,0.02576588912851855,-1.0979052584561126,-0.8443189824829309
1705,-0.828706805873427,-1.005722845235477,-0.6501819141066867,-0.3982346343925815,-1.1147955958432407,-1.1046912566282976,-0.5358747560470254,-0.9480939715686058,-0.7096328659034838,0.7853712394540517,-0.5495687254500365
1708,-0.3448624457289534,-1.005722845235477,0.7771942574942576,0.959167791455713,-0.583841786474181,-0.6500273310706702,3.6196763933221665,0.8803856290987039,1.0502957786175477,0.3503946362794127,1.231299960399059
1709,-0.828706805873427,-0.664518174312821,-1.0101890616989893,-0.8268880320288852,-1.1147955958432407,-1.1046912566282976,-0.6403814391664632,-1.010725526295873,-0.5732675338445695,0.854402474091757,0.21845000569888967
1713,-0.828706805873427,-0.2617242126099024,-1.135405722395744,-0.9697724979076531,-1.1147955958432407,-1.1046912566282976,0.1419883615315969,-1.1776702355975344,-0.5609601934060393,0.08366851947039736,0.2784792562373858
1716,-0.828706805873427,-0.32780303853388437,-1.0845059271811914,-0.8983302649682691,-1.1147955958432407,-1.1046912566282976,0.8098315539679598,-0.9030384679297299,-0.7096328659034838,1.5491316796509935,0.12736966390780657
1719,-0.828706805873427,0.3994200268369149,-0.9746416938739361,-0.9459584202611917,-1.1147955958432407,-1.1046912566282976,0.35393531115748517,0.037665835318312545,-0.335248045159919,-0.5914511981301657,-0.7152134979974484
1723,0.7887157694666703,2.6744132482874545,0.9707773489749467,1.483077499677862,0.21258892757940878,-0.19536340551304296,-0.7185063266919164,1.1600131986911733,0.17284564013491896,0.29484340744024157,0.9816014409546091
1727,-0.5857463331828544,-1.005722845235477,-0.5744781201968657,-0.350606479099659,-0.3183648817896511,-0.46816176084761935,0.1928389277895496,-0.29446227929352775,-0.5328846672691828,-0.10498238982709537,1.1487815655611933
1733,-0.828706805873427,-0.21001774393322153,-1.3300289563868708,-1.0650288084934982,-1.1147955958432407,-1.1046912566282976,0.4914278288304857,0.34251964618040026,-0.5506277296803482,0.052262558725561244,0.9816014409546091
1734,-0.828706805873427,-0.18791482445260338,-0.8515738225501623,-0.4934909449784268,-1.1147955958432407,-1.1046912566282976,-0.6848970445940717,0.8170737265494659,-0.7096328659034838,-0.8399888388456767,1.1619392605533783
1737,-0.6272484779840911,0.8277969166620687,-0.36054885004975185,-0.4696768673319655,-0.583841786474181,-0.46816176084761935,-0.8756685924448263,-0.08115919692489992,0.02314881170847575,0.36423302068774677,0.8083231089557912
1742,-0.3093509330577995,-0.5330448148747335,-0.6198987719106663,-0.30297832380673634,0.6108042846062036,0.21383412748882144,3.002873725040976,-0.9750209829176586,-0.5207230939686576,0.4141001739390117,0.9667111622721416
1744,-0.29465218194037596,-0.03361142430489125,-0.3923020313436996,-0.4934909449784268,0.34532737992167367,0.7139644456022116,0.3630150057207968,-1.6818550308302969,-0.32112031607525615,-0.13436844557184235,-0.33520490215338616
1767,0.7887157694666703,0.9570164046434196,0.8145758199870803,0.5305143938194096,0.7435427369484686,0.8503636232694997,-0.5168506341048494,-0.6095544775600373,0.46700514214771993,-1.2526551102223744,-1.61526316126767
1785,0.9403491359048045,-1.005722845235477,1.6175493049403316,0.4114440055871029,0.34532737992167367,1.1686283711598389,0.44416477588039177,1.7194332126223333,0.5773149554025203,-0.6868509647019804,-1.0218390236504695
1800,0.3568385373077961,2.7707518894791545,0.9176197605759345,0.6733988596981773,0.21258892757940878,0.21383412748882144,0.4597541598377522,3.2316548895660526,0.15282431277279107,-0.5105039886627114,0.35277951502382127
1801,0.17323638239035014,1.7299535428700645,0.030803546216104073,0.10186099618310589,0.7435427369484686,0.5320988753791606,-0.9406845012679327,0.13847845247083013,0.748148736991813,0.04560028335652807,0.2490787932038554
1816,-0.42435116203840273,-0.26969562653089074,-0.27883488292798525,-0.3744205567461203,-0.18562642944738605,0.031968557265770615,-0.34040190309116547,-0.7535890558595543,-0.7096328659034838,-0.014656296092281711,0.08892923394070082
1825,-0.5888348137679041,-0.13247021287410346,-0.8162740419879327,-0.9697724979076531,-0.052887977105121164,3.4419479989479753,-0.4698546040527787,-0.02225610018379807,-0.18612866740612624,0.6069659898162604,1.2979567685558395
1827,-0.2895659474267279,-0.5150380327657528,0.5021727620113471,-0.16009385792796849,-0.3183648817896511,0.031968557265770615,-0.5168506341048494,-0.6095544775600373,0.07479247279731865,-0.633655703157328,0.5487906739175626
1832,-0.49570804036223054,-1.005722845235477,-0.0858800530017972,-0.3744205567461203,-0.451103334131916,-0.19536340551304296,0.8294976664029212,0.4120016912197313,0.2593631407269193,-0.08747975574699303,0.1414393637650482
1837,1.2679520880859585,-0.05161348765545778,0.5513473174334532,0.9115396361627903,1.672711903344323,0.8958300158252624,-0.18075781312640468,-0.4860962675890227,-0.3283149929239271,-1.2698495381964037,-0.5813263289013924
1860,-0.42435116203840273,-0.26969562653089074,-0.6693387053976515,-0.5649331779178107,0.34532737992167367,0.3956996977118725,-0.26478101837101564,-0.19802711098998838,-0.7096328659034838,-0.633655703157328,0.007777215121254391
1871,2.5582037151378882,0.7557098149122509,0.40337863256602996,1.1734944902738647,3.796527140820562,1.805157866940517,-1.085623100376064,-1.4832587327395257,-0.3576471369992776,-0.9458007033012401,-1.4876394735516179
1884,-0.034183435530923074,0.4405060757279205,-0.06782579990928848,-0.30297832380673634,0.4780658322639385,0.8958300158252624,-0.8989351042698184,0.31746506397670454,0.012864156584097399,-0.579357509555131,0.28682626228987634
1893,-0.828706805873427,-1.005722845235477,-0.6993774609722412,-0.7792598767359625,-1.1147955958432407,-1.1046912566282976,-1.0675257946310708,-0.72984709240359,-0.07605855387591254,0.7948044669927792,0.881722033176829
1905,1.150656485626692,-0.28513675699322477,0.6922361609196603,-0.0648375473421233,1.4072349986597932,2.6690193255000083,-0.6085123125535161,-0.3551557418621889,-0.7096328659034838,-0.9626344090100799,-0.03989250222723165
1913,-0.6166851199674217,-0.2338590952831018,-0.47130792801041255,-0.5411191002713495,-0.451103334131916,-0.33176258318033114,-0.9473515508637562,-1.214360989328154,-0.7096328659034838,1.2117507688418367,-0.47731125692307574
1916,-0.828706805873427,-0.3344276620521409,-1.2297816506098174,-1.0650288084934982,-1.1147955958432407,-1.1046912566282976,0.08745958472284351,-0.12483690182150406,-0.7096328659034838,0.38658436190753676,-0.6361521589639931
1921,-0.6368092121890088,-1.005722845235477,-0.8162740419879327,-0.6601894885036559,-0.18562642944738605,-0.19536340551304296,-0.45191066530562424,-0.6960449749408611,-0.5700317463041885,1.0659697874280534,-1.032068992124531
1982,0.6876268585079143,-1.005722845235477,-0.5912379409037183,-0.4220487120390429,3.9292655931628273,3.4419479989479753,-0.07572880657064007,-0.6918599508740471,-0.7096328659034838,3.1577156651160814,-0.43855888838569973
1993,-0.4538075334436031,-1.005722845235477,-1.0826003665278017,-0.588747255564272,2.203665712713383,0.3956996977118725,-0.7104935177149466,-0.7817963952237927,-0.7096328659034838,0.42397242282136066,-1.6625570530299962
2000,-0.828706805873427,-1.005722845235477,-0.579918989527786,-0.7316317214430399,-1.1147955958432407,-1.1046912566282976,-1.3059381268368504,-0.9244623754571181,-0.11278749950069929,0.3262419280884682,1.0286460895455922
2020,-0.2510558861091066,-1.005722845235477,0.13398344368280463,0.2685595397083352,-0.18562642944738605,-0.2862961906245685,-1.2370495362015173,-0.9564132579547928,-0.4995189358943403,0.33905765080203065,-0.7573703908906672
2022,-0.828706805873427,1.8833559571563572,-0.1459905919196127,-1.0650288084934982,-1.1147955958432407,-1.1046912566282976,1.8200938407359275,-0.3111009855428801,-0.32475127448486574,1.9753978724159051,1.7703687266763297
2026,-0.828706805873427,-1.005722845235477,-1.0778657812120718,-1.0650288084934982,-1.1147955958432407,-1.1046912566282976,1.3756104809430103,-0.4639371016967892,-0.7096328659034838,-0.12179080885353959,2.192639260260191
2036,-0.828706805873427,-1.005722845235477,-0.9615748993021811,-0.9459584202611917,-1.1147955958432407,-1.1046912566282976,-1.936961145281377,-1.3584183615156755,-0.3229443186566094,0.7728969401266268,0.5091671529916354
2040,2.0743593549934145,1.6364261449861144,1.9360226947717627,1.2449367232132487,0.7435427369484686,0.804897230713737,-0.03597936716645874,0.644021192914881,-0.28724999121843636,0.1281897209227292,-0.2835377242306038
2041,0.7222463485622831,1.3468755707152555,1.473617887497531,1.4354493443849392,0.34532737992167367,0.07743494982153339,-0.503038600366009,0.7569418738999609,0.9827916662249602,-0.18989813736183797,-1.0194072422646125
2050,-0.828706805873427,0.30973005627910266,-0.6743238605781153,-0.8507021096753465,-1.1147955958432407,-1.1046912566282976,-1.0917838853105297,-0.6760993283245558,-0.35914494861163593,1.1706617174365306,0.829657235505433
2053,2.8834105801530265,-0.583412145978747,1.226845429282925,1.959359052607088,1.4072349986597932,0.48663248282339777,1.1980492106417246,1.1903717749135536,1.6532877240354094,-0.7173728360800595,-1.333226636845988
2065,-0.5641750762617288,-0.042696577771532206,-0.810212046961475,-0.7316317214430399,0.07985047523714371,0.3956996977118725,-0.3566568596197958,-0.7149362518032085,0.06013031693375238,0.5580627814725746,-0.9903167733496915
2090,-0.6182614893793623,-1.005722845235477,-0.9657732055772271,-0.8030739543824239,0.21258892757940878,0.3956996977118725,-0.09329871473052612,0.00115825379596102,-0.5565387012871562,0.544514171999935,0.10069476826768356
2102,-0.1466611415733859,0.6495994136985322,0.07685293609257826,0.07804691853664456,0.07985047523714371,0.031968557265770615,-0.7476613665840223,1.127785151911591,-0.37885109657182015,0.1295283047501791,0.5644344365815525
2107,1.1787325606834316,-1.005722845235477,0.41133215650067323,1.2925648785061714,1.805450355686588,0.5320988753791606,1.971666423352573,1.751036544297094,3.671466100244616,-1.2570451769391477,-1.7810204763031345
2177,1.4977229257801379,-0.2999433204502573,2.9714407682030997,3.0071784690513854,0.07985047523714371,-0.19536340551304296,0.9472249422122127,0.7964034022011984,0.9827916662249602,-1.1297031732026048,-0.08560319009564249
2183,-0.3093509330577995,0.8849892762074967,-0.5697423176485074,-0.5173050226248881,0.6108042846062036,0.7139644456022116,0.08904146976913616,-0.5785955380566024,-0.5207230939686576,-0.4803255748017662,0.9667111622721416
2270,-0.4574950672707817,0.6835199517914422,-0.5835558984944789,-0.279164246160275,0.07985047523714371,-0.19536340551304296,0.7988701142501122,-0.45303915125798594,-0.7096328659034838,0.6855233610796561,1.3115309600894067
2277,-0.5338641489103884,-1.005722845235477,-0.8597093188516138,-0.6840035661501173,0.34532737992167367,0.3956996977118725,0.3338843189968397,-1.206269159086608,-0.7096328659034838,0.15943728714476268,-0.7259722883712384
2291,-0.37942275716784446,2.2655092378960173,0.27654833125109557,-0.30297832380673634,-0.451103334131916,0.031968557265770615,-2.1973147389970737,-1.5149146840141448,-0.0559450836528151,1.0513982382975207,-0.2807632962367766
2313,2.245127952691464,-0.07319967221609167,1.5962902591752264,1.8402886643747813,1.2744965463175282,0.7594308381579742,1.0115352712496173,-0.9097273802346613,1.7128571506725236,-0.9893702945476487,-0.7222237505486964
2325,-0.3569585547325653,-1.005722845235477,-0.6433051172330072,-0.6601894885036559,0.6108042846062036,1.1686283711598389,0.4662208672571024,-1.4943383156856425,0.6631114768229205,1.5586338635313777,-0.18157749545745352
2327,-0.16660399725467373,-0.403127461500728,1.3133245616676361,1.1496804126274036,-0.451103334131916,-0.5136281534033821,1.8004209210623239,0.09509589046166039,1.6986905423884537,-1.3648713770002483,-1.467196319912891
2346,-0.30454208238358066,-0.5286681664454673,-1.068520390588866,-0.8507021096753465,3.2655733314515025,3.4419479989479753,-0.37681195869716416,-0.7261538980882178,-0.7096328659034838,2.0400778468041914,1.312220776885686
2347,-0.6092890146451193,-0.6063282304345387,-0.9908232476168652,-0.6125613332107334,0.34532737992167367,-0.19536340551304296,0.9134978830824863,0.8202638611740395,-0.7096328659034838,1.1513658427976896,-0.06268035160570679
2350,-0.17045343218850367,0.5918556139682761,0.8739081837111536,0.22093138441541255,-0.3183648817896511,-0.14989701295728033,0.2569444653571517,0.9542495154061483,-0.23076856030124976,1.487256993918257,2.4914064422466313
2351,-0.828706805873427,-1.005722845235477,-1.1456319686585812,-0.9459584202611917,-1.1147955958432407,-1.1046912566282976,-1.9848622822127722,-0.4040040208898159,-0.28287296661030115,0.4856748308618488,-0.6162103285474408
2354,-0.828706805873427,0.040407211806574576,-0.31768703988435815,-0.588747255564272,-1.1147955958432407,-1.1046912566282976,1.22844355808271,-0.0839692723365635,-0.29153814223046726,0.7677338174061782,0.619094960948961
2369,-0.828706805873427,-0.6886649664088859,-0.5984472422416197,-0.7078176437965785,-1.1147955958432407,-1.1046912566282976,-1.1652512456540338,-0.6500740951915497,-0.7096328659034838,3.194617552844959,0.8118064477323832
2370,-0.828706805873427,-1.005722845235477,-1.2968379511592532,-1.0650288084934982,-1.1147955958432407,-1.1046912566282976,-0.1969829837943293,-0.6152307170989345,-0.7096328659034838,-1.1245862673813303,-0.22728380490748634
2406,-0.828706805873427,-0.2250879163063703,-0.9580748650418897,-0.8745161873218077,-1.1147955958432407,-1.1046912566282976,0.033119436587151635,2.1327142469476525,0.22632918595542836,0.9185322039527504,1.5226148997509172
2409,-0.828706805873427,-1.005722845235477,-0.7356708615431838,-0.5649331779178107,-1.1147955958432407,-1.1046912566282976,-0.503038600366009,-0.7425962015470668,-0.5685974882261136,0.7251751870094351,-0.3968712074852992
2414,-0.5427987748789654,-1.005722845235477,-0.5439041442407284,-0.4696768673319655,-0.18562642944738605,-0.19536340551304296,0.24699668630070748,0.8669558315882593,-0.5016412988237257,1.8485944443661406,1.2930940384433922
2425,-0.14391095744314392,0.6562741002264919,-1.019532455870449,-0.588747255564272,2.203665712713383,0.7139644456022116,0.027944986997307547,-0.9507239395229489,0.1206560510681317,-0.2991963461141174,0.6674645939115913
2433,-0.828706805873427,0.19946792223402093,-1.2443612931044465,-1.0650288084934982,-1.1147955958432407,-1.1046912566282976,-0.9236998384471775,-0.20813480069521773,-0.4688005250742901,-0.3513050964259034,-0.802793826654267
2440,-0.06370964186121875,0.3867610820434701,0.3023473825854281,0.10186099618310589,0.07985047523714371,0.12290134237729615,-1.1027421733780844,-0.44716800318374766,1.3309330489600903,-1.0909345444125873,-1.138586438112004
2447,1.376869433226706,0.3325084615001343,1.929286731400491,1.959359052607088,0.21258892757940878,-0.058964227845754794,-0.47101979488051593,1.0477784623538868,1.0285823732630672,-0.042792632777056555,-0.3463406851817838
2486,1.3278566279133694,0.9570164046434196,1.5435162885971239,1.2211226455667874,0.7435427369484686,0.7139644456022116,0.6930835214175524,1.0365549887201582,3.212493827600529,-1.0463219745340255,-1.3988577777491467
2487,0.5520197828315343,0.5650669507804086,1.1946027106343897,0.959167791455713,0.07985047523714371,0.031968557265770615,1.0816396120121454,1.9730306789880991,1.0481495241730099,-1.0790333253138855,-0.8789570392961089
2496,-0.828706805873427,-1.005722845235477,-0.7591180888813317,-0.8507021096753465,-1.1147955958432407,-1.1046912566282976,0.23700242229540142,-0.4726350920470115,-0.7096328659034838,-0.04936654321742419,1.1332874574395555
2523,2.7500730303675933,0.7708945792238693,1.3927010192295286,1.3878211890920167,2.203665712713383,1.6687586892732287,0.8738782802887162,-0.4364291716236718,0.7104474886410725,-1.1245862673813303,-0.566816389393445
2536,-0.828706805873427,-1.005722845235477,-0.5409976830421238,-0.7792598767359625,-1.1147955958432407,-1.1046912566282976,0.43836054130757307,-0.5113654918520958,0.012864156584097399,1.4224358945792002,1.589055149076779
2545,0.5520197828315342,1.5075408283899394,1.4724001453180953,1.1734944902738647,0.07985047523714371,0.07743494982153339,-1.156246732551647,-0.02940126322470027,3.6429711476192623,-0.9028952826531002,-0.7865888877943005
2547,-0.828706805873427,1.1116157291201822,-0.24887842531387377,-0.8983302649682691,-1.1147955958432407,-1.1046912566282976,2.687541193306078,1.9802492512383254,-0.1454913551940026,0.6509800526009532,-0.08560319009564249
2551,-0.828706805873427,-0.6503993603436077,-0.8443921430564674,-0.8983302649682691,-1.1147955958432407,-1.1046912566282976,-2.0223146839358837,-1.1516353535247223,-0.7096328659034838,0.14542975745902342,-0.7757595183078816
2560,-0.828706805873427,-1.005722845235477,-1.200505684861627,-1.0650288084934982,-1.1147955958432407,-1.1046912566282976,0.2380384768886212,-0.569048118965708,-0.7096328659034838,-0.28364556722525985,-0.7179172777772491
2576,-0.5678321969476049,-1.005722845235477,-0.06216824594481545,-0.1839079355744298,-0.583841786474181,-0.5136281534033821,-0.4843255223972578,-0.4130833477136914,-0.14029189426580455,-0.5737525347316782,-0.06552138252211633
2578,-0.6243393324550032,-0.2617242126099024,-0.8196192377993354,-0.6363754108571947,-0.18562642944738605,-0.19536340551304296,-0.08733128888329872,-0.3665007693619866,-0.2636148484111503,0.47473312682196095,1.426912157942184
2579,1.4691075539270804,1.2756899359890708,1.6134515365080504,1.2925648785061714,0.4780658322639385,0.3956996977118725,-1.0488942510781074,0.24204901754137736,0.5060816811604906,-0.992264215737447,-0.8390785384632251
2584,-0.25880958973010415,2.1063385492872704,0.20549469017533237,-0.017209392049200634,-0.18562642944738605,-0.058964227845754794,1.3034641748186748,0.5675795065483845,-0.15684990910090488,-0.41762906445006337,2.0055329535758095
2590,-0.828706805873427,0.9203296896924125,-0.5547422565607587,-0.1839079355744298,-1.1147955958432407,-1.1046912566282976,0.23700242229540142,0.658103653481908,1.2147750911896067,-1.264225192597422,0.49620618820278145
2596,-0.828706805873427,-1.005722845235477,-0.4832937948551927,-0.6840035661501173,-1.1147955958432407,-1.1046912566282976,-0.29552121541172705,0.883988745503945,-0.37481717255558034,-0.28641213334035076,0.8760378392382562
2599,1.6037451140716414,0.6043366956808055,0.9341676156184155,1.4592634220314007,1.1417580939752634,0.3956996977118725,0.940426831856377,1.786949421200232,-0.22702743291373229,-0.4329644891479575,-0.6667989413153923
2614,-0.828706805873427,-0.4268250327711956,-0.3279769369915837,-0.9221443426147303,-1.1147955958432407,-1.1046912566282976,0.6783558584758004,0.6953109476766794,-0.47827145982599995,-0.6545208517100825,0.6715824926556011
2626,-0.46111076602340495,-1.005722845235477,-0.02323238094784,-0.6125613332107334,-0.451103334131916,0.3956996977118725,1.8663530055604873,-1.3652683688977634,-0.7096328659034838,0.23857073407069188,1.571797941459672
2627,-0.828706805873427,-0.20069307477733572,-1.0305547411820928,-1.0650288084934982,-1.1147955958432407,-1.1046912566282976,0.940426831856377,-1.11624754764941,-0.3878959105769828,1.1749831893608544,1.6409615938626094
2640,-0.20433412053993355,-0.24804776715722635,-0.12607897590308648,-0.3744205567461203,0.21258892757940878,0.6230316604906861,-0.7429719070425531,0.36116595770225446,0.19880089031251907,-0.7565452913246532,-1.2620131969947865
2650,-0.6592164162419797,1.1538779761133091,0.16638624161228105,0.14948915147602854,-0.8493186911587108,-0.8318929012937212,-0.6315649502471926,-0.5292203928283989,-0.46303208577299204,1.436471056398531,-0.8358150284150246
2680,-0.828706805873427,0.040407211806574576,-1.0947301790118158,-0.9459584202611917,-1.1147955958432407,-1.1046912566282976,1.22844355808271,-1.2245476588708109,-0.7096328659034838,0.4378102755694783,0.9651238736816251
2723,-0.587814081886604,2.0636672582985423,0.20971032475746965,-0.0648375473421233,-0.716580238816446,-0.6500273310706702,-1.2719868446436533,-0.38190104073405284,-0.7096328659034838,0.5253219100708441,-0.3306439697428192
2730,-0.36085730060976245,-0.1541211045855424,-0.5589648977244069,-0.6840035661501173,0.34532737992167367,1.1686283711598389,0.6164210267150316,-0.4979999517460074,-0.7096328659034838,-0.6183086104201779,-0.9499507425165075
2736,1.9462829067198777,0.004510592202190595,1.0932883521026853,2.4118265278898527,1.1417580939752634,0.12290134237729615,1.8259140297743117,-1.0791798252929166,7.365333856016544,-1.446851002634938,-1.3733983208646146
2748,-0.37582848477819975,-0.18137236028634032,-0.10388917046157488,-0.11246570263504582,-0.18562642944738605,-0.19536340551304296,0.17684494839466117,-0.6819832940763659,-0.5449035447763153,-0.5717557624508234,0.9166798258990518
2790,-0.828706805873427,-0.5330448148747335,-1.071306860270097,-0.8507021096753465,-1.1147955958432407,-1.1046912566282976,-0.6879804649700209,-1.2921613388065036,-0.7096328659034838,0.31471953519003654,-1.5348556563823472
2793,-0.828706805873427,-0.2999433204502573,-0.6233341454902662,-0.7316317214430399,-1.1147955958432407,-1.1046912566282976,-0.503038600366009,0.6780188172974856,-0.4275621105487432,-0.2393615603008258,1.4707368968526413
2795,-0.828706805873427,-1.005722845235477,-0.7647951953346811,-0.8507021096753465,-1.1147955958432407,-1.1046912566282976,-0.37681195869716416,-0.16601942692342925,-0.7096328659034838,1.7391753572586828,-0.7917204517666232
2797,-0.6150849563002067,-1.005722845235477,-1.2072024608747391,-0.8030739543824239,2.203665712713383,0.3956996977118725,-1.0951839411470037,-1.404656408442547,-0.7096328659034838,-0.23656174390805282,-0.5495687254500365
2804,-0.20433412053993355,0.5096273109210242,-0.6084660507185564,-0.4458627896855042,1.0090196416329984,0.8503636232694997,0.19116843361812505,-0.8461827133378154,-0.7096328659034838,-0.9954972683166748,0.15814713234552236
2805,-0.32773521174153847,-0.5497767805512199,-0.5013875038752996,-0.7554457990895012,0.34532737992167367,1.9415570446078054,-0.09747817606979847,-1.391092290532891,-0.7096328659034838,2.442168784161464,0.2490787932038554
2833,-0.6109768438084139,-0.6094004967022382,-0.6993774609722412,-0.6125613332107334,-1.1147955958432407,-1.1046912566282976,-0.7417742912211932,-0.19802711098998838,-0.551239287896591,0.378170250698998,0.35735514234348403
20,-0.8913013896202944,-0.20198022526556786,-1.1358132164074224,-0.9209633285853115,-1.1584277677495953,-1.1614923360190987,-0.3461702190398327,-0.45044824774957776,0.15079093350071254,0.95017012046548,-0.7200366469021504
24,1.1161261585014843,0.13783301515647295,1.3751418444627137,1.1838353529242587,0.36494083493357565,0.2953702189158387,-0.846472943303043,-0.6305709515642283,1.163864850310687,-1.5807006005698514,-1.0985175187906007
37,-0.672422996522904,-0.23671580766852185,-0.7088347924799793,-0.6811761370209302,-0.4659874938026993,-0.27854533302822754,0.16523735541146242,-0.0059172565112298745,-0.7036087553751694,0.7570724494419357,0.6178954071911412
52,-0.8913013896202944,-0.9453216886887824,-0.4307716830704407,-0.4147459241716174,-1.1584277677495953,-1.1614923360190987,0.5551104239343324,0.8538885729772019,-0.7036087553751694,1.829380792785446,0.9842339458119238
62,-0.44235593157389014,-0.9453216886887824,-0.5546607703980253,-0.6012470731661362,0.08796472535481728,0.2953702189158387,-0.8986211106483695,-0.8157736831608057,-0.42517818583734207,0.9628105294924444,-0.2968152246626694
66,-0.8913013896202944,-0.23450141429033355,-0.47087092027898153,-0.6012470731661362,-1.1584277677495953,-1.1614923360190987,1.1586465687831038,0.7473677326178483,-0.431268854545982,2.095891527832436,1.5894436733382284
69,-0.47058304121153827,-0.9453216886887824,-0.5076085447874051,-0.46803196674147995,-0.05052332943456183,-0.0578085822805098,2.065468661390611,-0.385882273390248,-0.7036087553751694,1.266054194352893,2.427807730386284
124,-0.8913013896202944,-0.15825425682890817,-0.8247654811116951,-0.8410342647305176,-1.1584277677495953,-1.1614923360190987,-1.376205239581736,0.9050390365351149,-0.25127950832323187,0.0968185855666894,-0.06384689997480626
161,-0.8913013896202944,-0.9453216886887824,0.37861599720041433,-0.25488779646202975,-1.1584277677495953,-1.1614923360190987,-1.4318271306909987,-0.09079910838118019,-0.7036087553751694,0.4648458293448585,0.5405038569452778
170,0.3456698108068582,0.25606469057620174,0.8176979898702922,0.7575470123653583,0.08796472535481728,-0.0578085822805098,-0.93961909311085,-0.08180469560050659,0.5238386849817315,0.12823197433537073,-0.6954872945743229
174,-0.5328321845985481,-0.3650602402002528,-0.24659756823955567,-0.28153081774696104,-0.4659874938026993,-0.4109873834768582,0.07819369886199702,-0.6984497044796015,-0.7036087553751694,0.4858930562557018,0.5463091274614611
175,0.09365137931796173,-0.41386727792358696,-0.0871463002337716,0.38454471437632076,0.5034288897229547,-0.0578085822805098,-0.6018740062654803,-0.58616429077847,-0.09275290304802009,0.7221505302142738,-0.12057358370450644
182,-0.25832873931162526,1.10388991318062,-0.7642372731622563,-0.14831571132230473,1.1958691636698509,-0.0578085822805098,1.5468671160101517,-0.38229371117106126,0.0815152830513168,1.9481930458016579,0.02113262806195557
218,0.9102361535659172,1.3876269042086908,0.7547827722177454,0.9440481613598773,0.641916944512334,0.2953702189158387,1.910002643262528,1.762242112744877,-0.03323361487255429,-0.8826459733707573,-0.04786279075478128
221,-0.8913013896202944,-0.34673619445850973,-0.43893532187750056,-0.8143912434455864,-1.1584277677495953,-1.1614923360190987,1.6122516292273381,0.23970611212971488,-0.4742698915190116,-0.035471317451113864,1.129382350358864
226,-0.13851605907462733,2.304142422846984,0.001066256098460557,-0.6278900944510676,0.08796472535481728,1.4873486729535146,-0.21327730790741756,-0.5355406974827057,-0.081117553479884,-0.9668231490035892,0.510026186735313
234,-0.3727776687032297,-0.9453216886887824,-0.4716172626770481,-0.4147459241716174,0.08796472535481728,0.11878081831766434,-1.2265460922244023,-0.8935698097234234,-0.06044441393354608,-0.4465095637918835,0.947072728594072
236,-0.39300377129219316,-0.9453216886887824,-0.8882986355550778,-0.6278900944510676,1.1958691636698509,0.6044016699626437,0.6085297933507343,-1.1562702294620124,-0.5490896627061269,0.2206123285404016,-1.02166287365909
237,-0.1632188592134316,0.8225214807995879,0.3294311308540457,0.5444028420859083,-0.18901138422394093,-0.4109873834768582,-0.4936039881718023,-0.2711300941574333,-0.7036087553751694,-0.6419756307046144,-0.14927056521599572
239,-0.6091328587598034,0.881686245508034,-0.6108545807420552,-0.25488779646202975,-0.32749943901332024,-0.5875767840750324,1.0251414649346287,-0.5122601934707665,-0.7036087553751694,0.20337069397683405,1.5983686938983759
242,1.5314559960439216,1.0155618268931457,0.38853520222115523,0.2779726292365956,1.7498213828273672,1.7963801240003197,-0.8367687956341443,1.7834159624606543,-0.7036087553751694,-1.0432126969496158,-0.2071527067750309
262,-0.2315834160591464,-0.9453216886887824,-0.28380527893822477,-0.3614598816017548,0.22645278014419656,0.2953702189158387,-0.6852838613661284,-0.9562614937215589,0.5238386849817315,0.1019175704103012,-0.6676646952694517
266,-0.8913013896202944,-0.9453216886887824,-1.1315829672074005,-1.1074644775798304,-1.1584277677495953,-1.1614923360190987,0.3542535949286611,-0.07306012761929617,-0.7036087553751694,2.647046718043015,-0.2180514905027321
267,-0.8913013896202944,-0.20198022526556786,-0.4307716830704407,-0.22824477517709846,-1.1584277677495953,-1.1614923360190987,-1.8912227498526877,-0.5374040357980298,-0.13400896279124805,-0.22211077596114165,-0.7200366469021504
291,1.6870459198939167,1.1414901260589572,0.6319652336934682,1.4769085870585024,0.9188930540910922,0.11878081831766434,0.2662989990232138,0.4940990279326896,1.6949811968818937,0.780780908367138,-0.2658961511789255
299,-0.12203170877070753,-0.5302441561933378,0.6211296995140779,0.06482845895714544,-0.32749943901332024,-0.0578085822805098,-1.4565592489397037,1.3810183684096065,-0.5445781563508264,-0.29644793134585895,-0.12461629715831475
302,1.1904753269504391,0.7395856284038371,1.768957900940942,1.450265565773571,-0.05052332943456183,-0.14610328257959687,-0.6380134748600388,-0.49682466804208547,-0.05806232378005862,-0.6910231345317904,-1.0608907654449653
304,-0.8913013896202944,1.0043567782326774,-0.7925587098913605,-0.9476063498702427,-1.1584277677495953,-1.1614923360190987,-1.634449734017599,-1.2007524760533634,0.04338068689917312,0.10612787503831246,0.05286113358584262
305,-0.6168484045255199,-0.05679634569072132,-0.46244347070081293,-0.6811761370209302,-0.4659874938026993,-0.0578085822805098,1.6973025780606321,-0.5414800883628009,-0.5333963173569273,-0.2862198874844725,1.4968465850267039
306,-0.8913013896202944,-0.3650602402002528,-0.6318524060986922,-0.574604051881205,-1.1584277677495953,-1.1614923360190987,-0.625357007133142,-0.7663284573949748,-0.481290468983996,1.057828570137312,0.4253659917076331
310,-0.1398579224089333,-0.9453216886887824,-0.885843945497038,-0.5479610305962738,2.3037736019848842,1.0458751714580792,-0.5334493136838151,-1.2251452685448772,-0.4705906584090198,-0.00896879479266504,0.04054692339999857
311,-0.8913013896202944,-0.013098378002291999,-1.037858675505276,-1.0008923924401054,-1.1584277677495953,-1.1614923360190987,-0.2744054840020769,-0.7629901580712678,-0.7036087553751694,0.058347819649120954,0.8000914451088383
344,1.6269768965539801,-0.5376828216502454,1.5524419203806823,1.956482970187265,0.08796472535481728,-0.19025063272914047,-0.6992064155965334,2.233961080068762,-0.07888640221861046,-0.7231663204015525,-0.7550216737320579
345,-0.8913013896202944,-0.9453216886887824,-0.9070344331409324,-0.8410342647305176,-1.1584277677495953,-1.1614923360190987,1.384787867138684,0.6591253538278631,-0.7036087553751694,-0.6579779715075196,-0.17934968706150745
349,1.8748389325947552,2.636764733476629,0.5213119623413102,0.7841900336502896,2.026797492406126,1.3107592723553407,0.10193556745575903,0.9333127573364182,2.3843397264675854,-1.510927470162457,-0.4345682727467506
352,1.5826410112340108,-0.1443974358454597,0.9316466038849665,1.1571923316393273,1.1958691636698509,0.6926963702617306,3.4303226159575497,3.0100246977560716,0.8307005450709568,-1.2138026258431691,-1.1128262841473915
365,1.221780239981578,-0.9453216886887824,1.3291816181917993,1.0772632677845335,0.5034288897229547,0.42781226936446926,2.5009472578527774,1.1199863604638178,0.27927208972264966,-1.6874618964944186,-1.579743890526885
369,-0.8913013896202944,-0.42361873500184755,-0.7040561306253716,-0.3881029028866861,-1.1584277677495953,-1.1614923360190987,-1.812080150797289,-0.9705874569935291,-0.3038437633323256,-0.761870844671335,0.06031744434057397
378,0.2748390947658012,0.47041993666912396,-0.317848018394891,-0.12167269003737345,1.1958691636698509,0.7809910705608177,-0.8184476869646475,-1.0288305226112728,-0.7036087553751694,1.1033935571353495,-0.7373943632368469
382,-0.8913013896202944,0.03091216456230617,-0.7454683331436,-0.7611052008757239,-1.1584277677495953,-1.1614923360190987,-1.0131510504744237,-0.2675798522828762,-0.7036087553751694,-0.9176808786692122,-0.28316353749397777
398,1.1751681452109486,-0.9453216886887824,-0.07825091640194984,0.46447377823111435,2.3037736019848842,1.0458751714580792,2.100162954747187,0.3756317387107162,0.5779907779386536,-1.028053892254444,-0.25523557616194814
403,-0.8913013896202944,-0.5391386747468117,-1.0391218061212077,-0.8143912434455864,-1.1584277677495953,-1.1614923360190987,0.9827588922843192,-0.3454801893196606,-0.5479859549013479,1.515376981242601,-0.2519155685138041
428,-0.8913013896202944,-0.9453216886887824,-1.0904891178357592,-0.9476063498702427,-1.1584277677495953,-1.1614923360190987,1.3345342452818885,0.3989234676522658,-0.44423742125213384,0.8481188817140553,-0.28013563352303084
434,2.5830924436674003,1.5542660894156533,1.616173076354071,1.3703365019187779,0.22645278014419656,0.11878081831766434,0.4956853265953766,-0.7767713424588781,-0.7036087553751694,0.6530742064672497,0.09974985698578838
446,0.35591690950862165,1.746542072346764,0.18457521732722096,-0.14831571132230473,0.641916944512334,1.0458751714580792,1.1950730106615506,4.008479913362168,0.5855742071298596,-0.49350420834393194,0.6908683784808298
447,-0.20695108912423335,0.531707452918384,-0.4367233323778309,0.011542416387282862,0.5034288897229547,-0.14610328257959687,-0.6801791400678283,-0.673766521601284,-0.4206582090591306,-0.23162604297759154,0.8871488736767947
453,0.5724478642185028,0.23937876864196578,0.9561772082909032,1.2637644167790525,0.22645278014419656,-0.1019559324300534,1.4664500026559772,3.0617503788949283,-0.022759003302200966,1.1150221215254736,1.3425181045074965
456,-0.6939419396645015,-0.9453216886887824,-0.8625105995520755,-0.8943203073003801,-0.32749943901332024,0.2953702189158387,-0.21090578867372614,-0.7587016312247081,-0.5812087999463212,0.39078467866640015,-0.4497731029605162
462,-0.039665460114085116,3.190359907811284,-0.17054726258424574,-0.46803196674147995,0.36494083493357565,1.0458751714580792,0.5691563560326309,0.2736563145448043,-0.1754344022518969,0.21483028543423552,1.1898732074121345
463,-0.4792194882463221,-0.9453216886887824,-0.5564799681932808,-0.6278900944510676,-0.05052332943456183,0.2953702189158387,-0.16644270079278511,-1.1517046029790292,-0.44804051999294076,2.06014136513922,0.9442510580063148
476,-0.567522752826459,-0.9453216886887824,-0.9496432631345697,-0.8676772860154488,0.641916944512334,1.0458751714580792,1.0054540763486783,-1.1517046029790292,-0.302001528345953,0.5855205328673374,-0.14813855525406755
486,1.0076165613057129,-0.9453216886887824,0.3533488330597431,0.9440481613598773,1.1958691636698509,0.3836649192149257,2.0792838664929594,-0.6220096674127397,-0.3110467361619263,-0.7785481609203995,-0.4059818693749867
499,0.985873225989766,-0.0771442543089975,1.2465275067346764,0.917405140074946,0.36494083493357565,0.3836649192149257,0.09660723969502177,0.9581027617070261,1.2921645636784174,-1.601889865409842,-1.3906275046876326
501,0.0624537803018177,0.598541350728663,-0.07825091640195007,-0.25488779646202975,-0.6044755485920785,-0.5434294339254888,-0.5739664255058308,-0.8584715609000063,-0.7036087553751694,0.4429331941270378,0.24531942309673052
509,-0.6594203197052374,-0.1946204087960312,-0.5641013195727808,-0.7611052008757239,-0.4659874938026993,-0.0578085822805098,-0.25948410344967265,-0.7905228643747118,-0.27217920950714986,0.0883695604686812,1.0149138844746433
528,1.0076165613057129,0.07928411224591878,1.0822093371175687,1.2904074380639838,0.5034288897229547,0.16292816846720792,1.0144503655273434,1.415575960641527,3.222011436757261,-1.485481066366859,-1.4737681129673428
546,-0.6539366457545436,-0.9453216886887824,-1.0557814747853866,-1.0275354137250365,0.641916944512334,3.253242678935257,-0.538431823380847,-0.7718321400637888,-0.7036087553751694,0.35759400854712436,-0.11234065238708915
556,-0.6864618438935822,-0.6137437181239084,-0.8755850586218191,-0.7877482221606551,-0.18901138422394093,-0.0578085822805098,0.10691005420873793,-0.2620862928807735,-0.7036087553751694,0.992464511407986,0.23531249266590343
563,1.014976708402325,-0.5045029138680389,1.412174092442972,1.6634097360530213,0.08796472535481728,-0.19025063272914047,0.5955333099149012,1.2553007573404045,-0.196929870111565,-1.600563167253492,-1.0118884820180913
567,-0.5175781758742185,-0.9453216886887824,-0.7735418753417179,-0.8143912434455864,0.22645278014419656,1.0458751714580792,-0.020175092857688235,-1.2978046504344927,-0.7036087553751694,1.1746494410578114,-0.09700542442060298
568,0.02116567770778686,1.5163935473231618,2.0615959191935382,1.5568376509132962,-0.6044755485920785,-0.5875767840750324,0.19392931283522344,0.7228902429301833,-0.1377076627430918,-1.0080718315198993,0.5536390144768445
595,-0.18635191619960276,-0.564949635498977,-0.33715914503205213,-0.3881029028866861,0.36494083493357565,0.5161069696635564,-0.29492683800116765,0.7329066069967473,-0.5578750291789487,-1.0126162466702304,0.10541274628529879
599,-0.8913013896202944,-0.9453216886887824,-0.7941392425595004,-0.8676772860154488,-1.1584277677495953,-1.1614923360190987,-0.009428000785748875,-0.21633651069605297,-0.7036087553751694,0.2287664918952514,0.7220384700097584
607,-0.4828132257583045,-0.6147076075732248,0.03242420801722753,-0.49467498802641113,-0.4659874938026993,-0.0578085822805098,1.0727479360743952,-1.2327975617320164,-0.7036087553751694,0.13741141756504605,0.8486669668460315
621,0.49540842980593447,0.5511420468868994,0.14300224899393182,0.3046156505215269,-0.4659874938026993,-0.5875767840750324,-0.3317700583908094,-0.7493587691661314,-0.5602719654650709,-0.35996946690604853,0.4587844897448751
644,1.2377884341452288,1.3522791982556988,0.8863740905727384,1.0506202464996024,0.9188930540910922,0.5161069696635564,0.4497659331970923,0.16614734023035452,1.7171903631064962,-1.0080718315198993,-0.9172249799434482
648,2.176819317116049,1.0412502572282802,1.007944074695374,1.7966248424776778,0.5034288897229547,-0.1019559324300534,0.9919757137602382,1.1496901401813249,1.199202778802559,-1.5895585246858634,-1.5968666144120511
649,1.8319530361263043,0.8179534105941916,0.9104468617427008,1.1571923316393273,-0.18901138422394093,-0.36684003332731474,-1.3133251947230733,-0.9620718378951209,0.647534938661109,-0.8184746040851498,-0.6443713563165362
652,-0.020310098079853088,1.4044974002317099,0.7031215598004407,0.6509749272256334,-0.18901138422394093,-0.3226926831777711,-0.6627357341340643,0.3982689893183711,-0.16343043968091345,-1.2242413976481556,-0.6451306892208781
658,-0.540001568698983,-0.3766654691700233,-0.9697759353065633,-0.9742493711551741,0.7804049993017134,3.253242678935257,0.12442703097024936,-1.0487040695229273,-0.4857368347118195,-0.23017020712407465,0.13752132861352223
659,-0.8913013896202944,0.4852599956351399,0.1452339469954329,0.06482845895714544,-1.1584277677495953,-1.1614923360190987,0.19071124213884766,-0.6604546792628203,1.2147603573838863,0.14560941088966164,0.8673028588332564
663,-0.3590289336789136,-0.9453216886887824,-0.6118391677683473,-0.7078191583058614,0.36494083493357565,1.0458751714580792,-1.3410904093359892,-1.2785045021200636,-0.04339081397107878,-1.0080718315198993,0.5792936190306873
664,-0.46288697386259764,-0.9453216886887824,-0.7553487304298439,-0.3881029028866861,0.36494083493357565,-0.19025063272914047,-1.5740473319419186,-1.1752565542266133,0.09348363729562302,-0.04698344692179861,-0.5967509970411822
685,-0.33588665298581005,-0.49579108037355785,-0.2814032001184162,-0.14831571132230473,-0.05052332943456183,-0.19025063272914047,0.034494897247392305,-0.3713975313418941,-0.5313779880523631,-0.8899170376112873,0.32163215590296657
687,-0.3858340213881918,0.691099086904769,-0.41606218345405765,0.22468658666673305,-0.05052332943456183,-0.5434294339254888,0.15773180539793263,-0.24087854274071868,0.5503303563563408,-1.2035797638866674,-0.9206702026173456
696,0.28953834456898725,0.01040304999820759,1.4627684350345957,1.130549310354396,-0.32749943901332024,-0.27854533302822754,-0.05187449888500341,2.7793381654786384,0.3949051303223931,-0.9338527487915905,-1.1184375646794664
718,0.7480977746791584,5.120344652844648,0.9898870066035772,0.8374760762201522,0.36494083493357565,0.2512228687662951,0.15725939725002241,-0.5608820985711117,0.022630980169330225,0.5545253179214952,0.33506178367810846
737,-0.8913013896202944,-0.9453216886887824,-0.7331115576864774,-0.9209633285853115,-1.1584277677495953,-1.1614923360190987,-1.3432147940839527,-1.2021052198837054,-0.7036087553751694,1.6635510218496514,0.4163275367224714
741,-0.689404940814943,-0.29169385016147303,-0.5723877841631275,-0.8143912434455864,-0.6044755485920785,-0.0578085822805098,-1.2896290201827398,0.44534629292197525,-0.45318126035982464,0.30971062209447026,-0.8883266897563614
744,-0.8913013896202944,-0.9453216886887824,-0.7902435634478877,-0.6012470731661362,-1.1584277677495953,-1.1614923360190987,-1.0552260166311782,-0.3941106949294539,-0.7036087553751694,0.6282056489116895,0.11136808526694339
766,2.996601766821096,-0.49579108037355785,1.424072761945745,2.0630550553269904,1.6113333280379885,0.7368437204112742,0.26808485496909856,0.6277347842978288,0.5020066158844744,-1.3329975147685826,-1.1774890841128631
774,0.5425754304666905,-0.17163975737074275,0.34045742278389046,-0.20160175389216717,0.641916944512334,1.4873486729535146,0.14519852800439131,-0.40430844184631737,-0.1107599916653737,-0.6198489372487453,-0.6631222300768195
780,0.04549813283653577,3.6039280674612906,1.7449864888074846,2.0896980766119215,-0.4659874938026993,-0.6758714843741196,-1.090370521381358,1.966922659997387,0.16787892727823026,-0.9401328250224474,-1.1662456748127443
788,-0.8913013896202944,-0.028134237852074213,-1.3473256764085169,-1.1074644775798304,-1.1584277677495953,-1.1614923360190987,0.006865977516867796,-0.6152434912284988,-0.7036087553751694,0.12059230867970525,-0.9674307651993548
791,-0.3246887752310826,-0.48672796327042833,0.17505231190581233,0.06482845895714544,-0.7429636033814577,-0.7641661846732067,0.16573226596738294,0.5649709546226678,-0.3522024317246051,0.8438139907493547,1.2310033314871651
794,-0.8913013896202944,-0.9453216886887824,-1.0537981808967938,-0.9209633285853115,-1.1584277677495953,-1.1614923360190987,-0.7928690799891274,-0.9473384651693032,-0.7036087553751694,2.582989940488275,1.1107104276459923
803,-0.192197268383854,-0.9453216886887824,-0.8643196110328832,-0.8410342647305176,1.8883094376167466,3.253242678935257,0.7972455220467944,0.007691948983310922,-0.27003279385606516,-0.23742041453387755,1.5415327420725637
807,1.0971881627644866,-0.9453216886887824,0.6879829009605057,0.14475752281193918,0.9188930540910922,1.4873486729535146,1.181877016622566,0.8038479779681872,3.407182200537093,-1.264445440944246,-0.32539422834914855
809,0.5543768857760485,0.45876774222173383,0.11759395396943395,0.5444028420859083,0.9188930540910922,0.2953702189158387,-0.7515080743456743,-0.5406246205405649,-0.1656533957125771,-0.026730626556704842,0.5194328750717218
811,1.6636063988983334,0.08859871043623416,1.4965554903334717,1.3170504593489152,0.7804049993017134,0.6044016699626437,0.33037551036155366,1.9266067946294685,1.6731758336795566,-0.6683767990326397,-1.898941180870481
816,-0.662441571430515,-0.5748616108263986,-0.43375720096405,-0.574604051881205,-0.6044755485920785,-0.4109873834768582,-0.7383048868764285,0.2392499408431928,-0.561672650708492,-0.665057303601168,-0.10686259592566227
819,-0.5364530856593739,0.7778789765195786,0.12364734087182203,0.09147148024207673,-0.6044755485920785,-0.6758714843741196,-0.7441382951582954,-0.7073630760745494,-0.2634634611057757,-0.8948401540241461,-0.5580605161896558
836,1.9190971777501964,1.0043567782326774,2.166198444866807,2.409414332031097,0.5034288897229547,0.16292816846720792,0.7294806381260691,2.2203366708814474,-0.20561579385894108,-1.0468941209470148,-1.4371582989013194
837,0.7646573621973347,0.9693457170982854,0.7229326442082568,0.3312586718064582,0.36494083493357565,0.5161069696635564,0.5160939458835029,0.9276692416243735,0.029966735073820208,-0.10221841155387357,0.6790615256289627
844,-0.8913013896202944,0.02674022501849812,-0.5175460256349923,-0.8676772860154488,-1.1584277677495953,-1.1614923360190987,-0.6829124372939163,-0.10262509555576974,-0.7036087553751694,-0.7293477022995837,-0.0883839097423885
845,-0.2803451793223617,0.04364564960471165,-0.503115075186757,-0.8676772860154488,0.36494083493357565,3.253242678935257,0.37709350190589463,-0.6553614526289733,1.1909296851756994,0.4570476129468902,-0.25927732460316744
855,0.3861525046390195,0.08859871043623416,-0.07248239476555633,-0.14831571132230473,0.9188930540910922,1.0458751714580792,3.912088195427717,2.7732399673557606,2.4654373633644653,-0.6683767990326397,2.8420297406795796
857,-0.39651290944943335,0.25606469057620174,-0.09389092224710123,-0.44138894545654866,-0.32749943901332024,0.11878081831766434,-0.93961909311085,0.5271920030909406,-0.7036087553751694,-0.2664840845406704,0.47306187623026985
872,-0.4965824897087086,-0.9453216886887824,-0.5595011765167998,-0.8143912434455864,-0.05052332943456183,1.0458751714580792,1.227815879765772,0.36244181580449025,0.03079097719792013,-0.1760098418320049,0.016333588764911186
896,-0.8913013896202944,-0.0704659663522299,-0.9324358510217546,-0.8943203073003801,-1.1584277677495953,-1.1614923360190987,0.6472193248097142,-1.0691721242481784,-0.03323361487255429,-0.6526985667639968,0.43839063709650683
903,-0.3177506615855004,0.44730578768368884,0.6339849182956133,0.8641190975050834,-0.6044755485920785,-0.6758714843741196,-0.846472943303043,-0.7120254550626762,-0.7036087553751694,0.05122206570567768,-0.27610419566456973
906,-0.25832873931162526,-0.9453216886887824,0.4019395333302648,-0.01510060489764843,-0.32749943901332024,-0.19025063272914047,0.5707697401250035,1.3556469715811075,1.8480443695109103,-0.6775577458566197,-1.0466536155304005
923,-0.6858628978534457,-0.9453216886887824,-1.0949950223721234,-0.8676772860154488,0.641916944512334,0.2953702189158387,-0.17336829125155323,-0.06372382195514656,-0.7036087553751694,1.000300553536355,2.806743407398505
924,-0.3669732986929641,-0.9453216886887824,-0.502065062001158,-0.01510060489764843,0.22645278014419656,-0.36684003332731474,0.8462490538076499,-0.5880200915277257,-0.05324481309651304,0.8222252838219025,2.6619114424388717
925,-0.6056917791151633,-0.020677429308686338,-0.9965245232359699,-1.0008923924401054,0.641916944512334,3.253242678935257,-1.0134947369214011,-0.2828992902903654,-0.5264771125594377,0.31756731964989443,0.8727572662441514
936,-0.8913013896202944,-0.9453216886887824,-0.617946410426095,-0.8143912434455864,-1.1584277677495953,-1.1614923360190987,-0.7823772206216354,-1.2967972880076424,-0.7036087553751694,-0.6502436122450637,-0.9334150743949835
937,-0.49878762322776776,-0.9453216886887824,-0.7446924104836107,-0.8143912434455864,0.22645278014419656,1.0458751714580792,-0.9392315838699996,-0.09436672462379371,-0.5818925985800019,1.1933037980064765,0.534147247888451
938,-0.2284715388253673,1.2005508377971013,0.3826866143551524,0.2779726292365956,-0.32749943901332024,-0.36684003332731474,-0.11902806238731417,0.23904552446479863,-0.7036087553751694,0.7448827229190729,-0.437209580272499
939,-0.612492007936714,-0.9453216886887824,-0.7052342799766229,-0.7877482221606551,-0.18901138422394093,0.2953702189158387,0.9827588922843192,0.26693700365015105,-0.7036087553751694,3.294731913318723,1.6482354754407842
946,-0.8913013896202944,0.3926929454730037,-1.1569644624075317,-1.0275354137250365,-1.1584277677495953,-1.1614923360190987,-2.1294183483530027,-1.0721821322960094,-0.7036087553751694,-0.6983498901344567,0.4652060834853646
949,0.4098090582364141,0.10774538449410476,-0.3485168375144596,-0.3614598816017548,1.6113333280379885,1.7963801240003197,-0.1637681841522041,-1.2113113931735326,-0.3001422356282252,-0.8570962615255617,-0.7975034920255176
965,-0.22215887357970143,1.2209877190017284,-1.1418564295503109,-0.8410342647305176,5.765974971719363,3.253242678935257,-0.4712459001056352,-1.3274594814953935,-0.28861462077831246,0.02071883829865841,0.14316534161536754
970,0.27002033243362733,-0.9453216886887824,-0.09922735871610786,0.19804356538180176,0.7804049993017134,0.2953702189158387,0.23269243713247637,-0.921159331813512,-0.7036087553751694,0.5359964979676447,-0.155360965920252
987,-0.8913013896202944,-0.9453216886887824,-1.082068247062882,-1.1074644775798304,-1.1584277677495953,-1.1614923360190987,1.1788304005124728,0.2729953987191006,-0.7036087553751694,2.35546586720641,0.8000914451088383
992,-0.8913013896202944,-0.9453216886887824,-0.8766143108788085,-0.8143912434455864,-1.1584277677495953,-1.1614923360190987,-1.1739438173662349,-0.3713975313418941,-0.7036087553751694,0.4322351062260816,0.81634216510819
996,-0.8913013896202944,-0.36208454046441413,0.1462776949838273,-0.4147459241716174,-1.1584277677495953,-1.1614923360190987,1.8089799777863034,0.6023856783139869,-0.48015037520763104,0.9569332794833258,1.2893341358362616
998,0.3485803312784515,1.73070757963479,1.6350000096069155,2.809059651305066,-0.32749943901332024,-0.6317241342245761,-0.1015369016611307,-0.4069703537253518,1.346950497926947,-1.028053892254444,-0.859476968124211
1039,0.11721484268969024,-0.4011530575703527,-0.4182900865472501,-0.22824477517709846,1.1958691636698509,0.7368437204112742,-0.27286031028116864,0.01054224582786151,-0.07813912667655724,0.7797967605183094,-0.07287343357488334
1048,-0.8913013896202944,-0.9453216886887824,-0.6281833124047956,-0.5479610305962738,-1.1584277677495953,-1.1614923360190987,-0.81760932459555,0.4659319801456471,-0.7036087553751694,2.3366177191238884,-0.7772429325317137
1072,-0.007528255227058377,-0.2300308465268213,-0.2618277684783715,0.22468658666673305,0.641916944512334,-0.0578085822805098,-0.428767366913476,0.17628969629775532,-0.7036087553751694,-0.1364015594771199,-0.9217427719403513
1101,-0.46548342486718974,-0.25604142260543805,-0.36667699822162425,-0.3081738390318923,-0.18901138422394093,-0.27854533302822754,-0.2665766038161401,0.6768149682239907,-0.43952157881353315,-0.7363158055300916,1.0462074219106172
1102,0.5138978940649509,0.8743782137712468,0.42176453904063743,0.49111679951604564,-0.4659874938026993,-0.5875767840750324,0.14412645073811328,0.015634776190124825,0.3421764638089101,-1.418423430764509,-1.7351621853987516
1122,-0.24671456224174157,2.1848960334328273,-0.06078658484222653,-0.12167269003737345,-0.05052332943456183,-0.0578085822805098,-0.9084370421796791,-0.7264730428391594,-0.7036087553751694,-1.2760880956841592,-0.809585477044758
1124,-0.19565817987512343,-0.9453216886887824,-0.06568581976822155,-0.574604051881205,-1.1584277677495953,-1.1614923360190987,1.7559680840215515,-1.4491483877119964,0.15925033636086985,-1.4654829643740312,1.8754861639639286
1135,-0.8913013896202944,-0.9453216886887824,-0.8423959314697338,-0.8676772860154488,-1.1584277677495953,-1.1614923360190987,0.06365222530343485,-0.9015082717115478,-0.7036087553751694,0.6976308847991066,-0.1978771461557108
1144,-0.5009682552632818,0.3183587991306822,-0.4483977214038652,-0.06838664746751086,-0.18901138422394093,-0.5434294339254888,-1.9877885330284906,-1.5808734923794534,-0.46152884352700285,-0.8155779797771189,-0.007341671767174071
1148,0.017232630003786657,0.03512006910218162,-0.4174002057140496,-0.4147459241716174,0.9188930540910922,1.0458751714580792,0.8614570464230883,-0.4913024757551004,-0.7036087553751694,1.211659501457194,-0.07091791017876467
1159,-0.5704796353542566,-0.9453216886887824,-0.904018739693894,-0.7344621795907925,0.36494083493357565,0.2953702189158387,0.7032661460670722,-0.3051248759425757,-0.7036087553751694,1.2813796203120427,1.5657658790667888
1197,1.8639913234880292,0.913031969869254,0.7677989236024281,1.0772632677845335,1.3343572184592298,0.7809910705608177,-0.1530386526882261,0.7234548909045238,2.144390207544437,-1.6874618964944186,-2.0369730139993893
1204,-0.8913013896202944,-0.9453216886887824,-1.1886913314076961,-1.1074644775798304,-1.1584277677495953,-1.1614923360190987,-0.6229921308104692,-1.033052027674206,-0.5754488020437871,0.818288519617485,-1.068637449957302
1215,-0.25832873931162526,1.10388991318062,-0.0839674693749524,-0.3881029028866861,-0.05052332943456183,0.2953702189158387,-0.5827998859210809,0.5765701137956525,-0.7036087553751694,0.9382888951638588,1.9431478665281965
1225,1.093443361347566,-0.302772288102614,1.5779991941150955,1.7433387999078154,0.22645278014419656,-0.013661232130966204,-0.5316638138408112,2.703541352651901,-0.45742579417364404,-0.8008002862734358,-1.0430340011453416
1228,-0.8913013896202944,-0.4088535570673115,-1.0420293898031636,-0.6012470731661362,-1.1584277677495953,-1.1614923360190987,-0.583637019176557,-0.4512685853726763,-0.49806920757955625,2.119686203457133,-0.5490249321958495
1253,-0.5468898004817538,-0.3878155911213715,-0.5541539514044125,-0.7078191583058614,-0.18901138422394093,0.2953702189158387,-1.2796394564059324,-0.27653667165267365,-0.27640891093722836,0.18086078218550958,-1.1848377176423524
1257,-0.8913013896202944,-0.9453216886887824,-1.1733396206011648,-1.1074644775798304,-1.1584277677495953,-1.1614923360190987,1.5955288620220207,-1.4378171959126456,-0.7036087553751694,1.446498725807396,0.6893601482455586
1298,-0.04818181940914726,-0.9453216886887824,-0.9589887998465074,-0.46803196674147995,3.411678040299918,1.0458751714580792,0.06532877166665761,-0.2504499352381382,-0.5293112188444894,1.2719612265345877,-0.8817874195197407
1305,-0.5063152845010491,0.3010481075167169,-0.9631263312558439,-0.8143912434455864,0.9188930540910922,1.0458751714580792,-0.6999801935615894,-0.9976741248654523,-0.7036087553751694,-0.21327852263190009,0.15862839093549166
1314,-0.8913013896202944,0.1535309094150999,-0.5135374282882603,-0.46803196674147995,-1.1584277677495953,-1.1614923360190987,-1.0123341725424766,-0.87388512868117,-0.7036087553751694,1.020252130577941,0.17588425756809425
1329,-0.6905586348081165,-0.9453216886887824,-0.7309179358338986,-0.8676772860154488,-0.4659874938026993,0.2953702189158387,-0.17106426554770934,-0.4405104434011833,-0.5791105149961123,0.6826388730309759,0.18831744563013011
1337,1.5957769885836794,-0.44208609619430533,3.3302817354740952,2.0630550553269904,-0.32749943901332024,-0.19025063272914047,-0.007192986062823761,1.0093316631169125,5.080601527722615,-0.9930410778700206,-1.6948849103130166
1342,-0.6790356367977498,-0.6017227645082633,-0.8258931466172991,-0.7078191583058614,-0.32749943901332024,-0.27854533302822754,-0.7495487372807518,0.7101882223351981,-0.7036087553751694,1.2250894696652272,1.3231221383757767
1346,-0.6803105061840713,-0.6037864217105487,-0.7966310733426041,-0.8676772860154488,-0.32749943901332024,0.2953702189158387,0.00877428128203963,-0.781820304907192,-0.18019272975751194,-0.7448846892324729,0.23468987678042696
1348,0.19800038067834533,-0.5045029138680389,-0.4693030226830432,-0.49467498802641113,1.472845273248609,1.7963801240003197,-0.5497817928678834,-0.6011042061125934,-0.7036087553751694,-0.557778416362369,-1.0118884820180913
1357,-0.8913013896202944,-0.9453216886887824,-0.8690782914799339,-0.9742493711551741,-1.1584277677495953,-1.1614923360190987,-1.2734554407345757,-0.1390351545908359,-0.27430447820600706,0.41094978202293897,-1.063485713951561
1359,1.7109195060931226,-0.9453216886887824,0.3506493497113805,0.8641190975050834,2.165285547195505,1.0458751714580792,0.018633850735424524,0.26693700365015105,0.10332428411871906,-1.4798704877522044,-1.2364822810579306
1380,-0.8913013896202944,-0.9453216886887824,-1.107611555073943,-1.1074644775798304,-1.1584277677495953,-1.1614923360190987,0.6752811763308876,-0.5953745611636644,-0.380835539577614,0.13934250043706653,1.0462074219106172
1390,0.49540842980593447,-0.9453216886887824,-0.5311937172595568,-0.22824477517709846,2.442261656774263,1.4873486729535146,-0.9149765646762537,0.7823788788584093,-0.7036087553751694,-0.8024669434355053,-0.7108629415585936
1391,-0.37657637728137666,0.30447220036343536,-0.5175460256349924,-0.6278900944510676,0.22645278014419656,0.6044016699626437,0.8564805604390373,1.0020000800926971,-0.38438249799297175,-0.04498042073184457,0.2299963108745261
1394,-0.8913013896202944,-0.9453216886887824,0.14055507670263048,-0.20160175389216717,-1.1584277677495953,-1.1614923360190987,0.6673740930451187,-0.8599543234851447,-0.059652339621425916,0.30050706210097267,-0.5963949827643626
1396,-0.25257444249063743,-0.9453216886887824,-0.8570013373150704,-0.8676772860154488,1.6113333280379885,3.253242678935257,0.33037551036155366,-1.2180307040681857,-0.307477990532715,0.35070829842913925,0.9025416364091003
1421,-0.1248290530647061,-0.9453216886887824,-0.9158402580062841,-0.5213180093113424,2.5807497115636426,1.0458751714580792,-0.8157725488596187,-1.145462146405932,-0.22825183756422418,0.513761914023024,-0.8214477896091037
1422,2.6393500769255485,1.9122472536165402,4.019138698192117,3.4484921621434164,0.22645278014419656,0.11878081831766434,1.9196480233833741,0.2242237962042408,5.208493614384074,-1.349473874220663,-0.6850013903136928
1455,0.8164060731916355,2.608779683303462,1.3120028571469107,1.2904074380639838,0.22645278014419656,0.03048611801857739,0.3378374117887746,0.5903038404553319,2.019790252916704,-1.1425344485461062,-0.8798120149690948
1458,-0.8913013896202944,-0.03547173745876784,-1.0021373416867305,-0.8943203073003801,-1.1584277677495953,-1.1614923360190987,0.3805194879524798,-1.10192101180858,-0.5293112188444894,0.2854868521915855,0.25604560165227386
1459,-0.8913013896202944,-0.9453216886887824,-0.9324358510217546,-0.6012470731661362,-1.1584277677495953,-1.1614923360190987,-0.6408196600121562,0.8497080062441033,-0.7036087553751694,-0.3940077343313916,-0.06305821037513425
1467,2.178308696099901,0.7109585623367295,1.9516526438998163,2.0097690127571277,0.36494083493357565,0.11878081831766434,-0.7180578629854837,0.6149712135819406,1.2001264737220627,-1.1432902425099736,-1.7692235298836745
1489,-0.22533016512491752,0.6717102151560301,-0.06922905791849085,-0.22824477517709846,-0.05052332943456183,0.11878081831766434,-0.014215804836755235,-0.19370201099988316,0.9485005956265359,0.756410422537146,2.0423355934211354
1503,-0.8913013896202944,0.04364564960471165,-0.22171154144617053,-0.4147459241716174,-1.1584277677495953,-1.1614923360190987,2.261385827527659,-0.6553614526289733,-0.32470106726499565,1.2368692527437297,1.3897560394142447
1516,-0.6310793000489526,-0.5240948594156276,-1.0277068479624185,-0.7078191583058614,0.641916944512334,-0.0578085822805098,-1.586504056275708,0.6364991028560721,-0.7036087553751694,-0.3588768805442476,-0.7097077342190349
1517,-0.6803105061840713,-0.262251154732315,0.1427891318874824,-0.14831571132230473,-0.8814516581708368,-0.8083135348227501,0.7186632819257834,0.17704352005952195,-0.7036087553751694,0.8709619517880056,2.5838196126836106
1519,0.7815549004811881,-0.042692768817736274,1.1354277231281402,0.17140054409687047,0.22645278014419656,1.0458751714580792,1.0609311929504455,0.4253207604526886,-0.35778030987778864,-0.7977844304563576,-0.6093697252973405
1551,-0.6146873573987894,-0.9453216886887824,-1.0075733784540029,-0.8943203073003801,0.641916944512334,1.0458751714580792,-0.7511889106800791,-0.5856747685335877,-0.5320560619394609,0.9605544984850074,-0.061263475774304965
1564,-0.8913013896202944,-0.16096828245601125,-0.9753554881307299,-0.7344621795907925,-1.1584277677495953,-1.1614923360190987,-1.3122720314101695,-0.4798333071590546,-0.40309576135675573,0.16797579819461342,-0.6431040558830824
1565,-0.5215121044399667,-0.9453216886887824,-0.9499048963011971,-0.6811761370209302,0.7804049993017134,0.2953702189158387,-0.15032803421311572,-0.3904945202003819,-0.7036087553751694,0.5545253179214952,-0.6172911470543163
1608,-0.3154000438476528,-0.9453216886887824,-0.021038529680342317,-0.44138894545654866,-0.18901138422394093,0.2953702189158387,1.8247130158522724,-0.49036237996853926,-0.7036087553751694,-0.03353690225317069,0.02288309731374629
1611,5.143296761175237,0.45015369663332583,3.285186484351651,3.95470956655711,1.0573811088804717,0.3836649192149257,-1.0847306057013968,-0.19331518125047437,3.038976384854154,-1.274826212859588,-1.6781541914954503
1612,0.8085364535473408,0.43045948756627983,1.044982590942572,0.49111679951604564,-0.4659874938026993,-0.27854533302822754,0.32459855441789853,-0.1860746018280746,-0.5279055935498873,-0.2410185323551195,-0.29834212707737034
1618,-0.06471357568779719,-0.27631437160788935,-0.7127882964052333,-0.46803196674147995,1.6113333280379885,1.0458751714580792,1.578707725597849,0.06259090173628902,-0.06280898871825791,1.4117557234334621,-0.16227536201390805
1621,0.9370248159181288,0.3230564961114239,1.219130343827812,0.6776179485105647,0.08796472535481728,0.2953702189158387,0.17459098093674272,1.1887814964649204,-0.7036087553751694,-0.4372831523963254,0.0004914069962299289
1629,-0.8913013896202944,-0.15825425682890817,-1.1606970352310806,-0.9209633285853115,-1.1584277677495953,-1.1614923360190987,-0.9672207461312742,-1.0744839031561153,-0.7036087553751694,-0.29106847575094297,-0.1458706183407242
1639,-0.8913013896202944,-0.9453216886887824,-1.1194284483791686,-1.1074644775798304,-1.1584277677495953,-1.1614923360190987,2.4592244583867946,0.2929625035942302,-0.7036087553751694,0.5229480332114119,2.225885632437158
1645,-0.30088152252565353,-0.9453216886887824,-0.531491902118581,-0.20160175389216717,0.36494083493357565,-0.0578085822805098,-0.30018651276564073,-1.1895724461614194,-0.3374374601426486,0.8559689770026263,0.6743665653184558
1652,-0.598551538852535,1.424079225972714,-0.8529153011559586,-0.6545331157359987,0.08796472535481728,-0.0578085822805098,0.009513748991043267,-0.08414699059547376,-0.7036087553751694,-0.7533005571544545,0.6511265117814458
1664,4.0854460734316165,1.8979594089050131,2.787742916612881,3.235347991863966,1.3343572184592298,0.7809910705608177,1.3228084001819695,1.0245393070222888,0.7488707157138298,-1.1269650928904402,-0.8304269012029485
1669,-0.6639228647521317,-0.2091971326774437,-0.7887685004832964,-0.49467498802641113,-0.32749943901332024,-0.5434294339254888,-1.1324469519534943,-0.805869478510726,-0.5625913309975966,0.7068933810371397,-0.8870040218282422
1672,-0.8913013896202944,-0.22091886127635044,-0.11058403130657582,-0.25488779646202975,-1.1584277677495953,-1.1614923360190987,2.358491801459527,2.232442435732597,-0.7036087553751694,2.0253831719650566,3.774027209044516
1681,-0.6539366457545436,-0.5610945133382695,-0.9464523991767128,-0.7344621795907925,0.08796472535481728,-0.0578085822805098,-0.937744386242953,0.17204943763782002,-0.7036087553751694,0.35759400854712436,0.12791125242119114
1712,0.22393613711402718,0.8599361510533099,0.12520392607529343,0.2513296079516643,0.5034288897229547,0.20707551861675152,0.2166703457562784,-1.11628113909201,0.26471089201749676,0.16306723286474817,-0.3083556985322573
1715,1.3751490679365526,0.15530325231526743,2.167192650899992,1.8232678637626092,0.22645278014419656,0.11878081831766434,-1.00987826856643,1.5520594002436439,-0.0007961080740407123,-0.02405202773422455,-1.1203653110558083
1718,-0.054873244569553205,-0.9453216886887824,-0.06314288354472886,0.17140054409687047,0.22645278014419656,-0.0578085822805098,0.5137250882875593,-0.23461155955788446,0.5932479152400085,-1.5540102765887096,-1.6911388839843582
1761,-0.8913013896202944,1.10388991318062,-0.47269307153912604,-0.8676772860154488,-1.1584277677495953,-1.1614923360190987,-0.05038313543827279,0.45671213567481334,-0.3110467361619263,0.13036557465361964,0.4482471254988981
1766,-0.3033518985386017,-0.9453216886887824,-0.8959810964898633,-0.7611052008757239,1.6113333280379885,1.7963801240003197,-0.39196152486936264,0.47877803959664156,-0.15664995873077636,0.7515200104015549,-0.32913700163528575
1773,-0.645637179185811,0.24766338722469824,-0.8570013373150704,-0.6545331157359987,-0.05052332943456183,-0.27854533302822754,-0.8130173852557218,0.0472672244018764,-0.2465347959415682,0.8994464278316355,0.4549674585005283
1778,0.7332064527903936,-0.28791565456304935,1.333869842564895,1.0506202464996024,0.08796472535481728,0.11878081831766434,0.6533507582634732,-0.27352086397469283,0.052016402994830235,0.2564576535771829,1.5851617270579268
1782,-0.4409170038237413,0.14824796423190822,-0.6558426340972463,-0.4147459241716174,0.22645278014419656,-0.0578085822805098,-1.0827938214706407,-0.17369473001844687,-0.7036087553751694,0.8275878632670232,-0.06305821037513398
1796,-0.8913013896202944,0.15886514532822554,1.0614521447689962,0.9440481613598773,-1.1584277677495953,-1.1614923360190987,0.5251094039185488,2.681648583898547,3.1038617028192945,-1.4697932349006408,0.41714655529717876
1802,0.13439151817915482,-0.11516662369789313,-0.48120531100257513,-0.3348168603168236,1.3343572184592298,1.0458751714580792,-0.09054108985425093,-0.4155389897739218,0.2505748387708886,-0.5419209840191341,-0.0381022292468174
1809,1.0298695060431269,-0.5010590171897519,0.8438112139153214,0.9706911826448086,0.22645278014419656,-0.0578085822805098,-0.8420757513905732,-0.5414800883628009,0.14745343471604114,0.1516682403311356,-1.0958718876959856
1814,-0.1887017477776717,-0.9453216886887824,-0.2146764531026558,-0.8410342647305176,0.22645278014419656,3.253242678935257,-0.7620468585836261,-0.45001346880933546,-0.4857368347118195,0.4424259572006993,-1.1662456748127443
1829,-0.4452063789265657,-0.2232185527919455,-0.6624281868811633,-0.5213180093113424,0.22645278014419656,0.11878081831766434,-1.0340864649017467,-0.73616012276592,-0.7036087553751694,1.515376981242601,-0.3083556985322573
1865,-0.18398631393980183,-0.9453216886887824,-0.514761530162598,-0.574604051881205,0.641916944512334,1.0458751714580792,-0.41962070288720005,-0.018295489025559705,-0.7036087553751694,1.6980892662141758,-0.8416959875656932
1879,-0.6840448581032965,-0.2743408986961463,-0.4563528360499241,-0.25488779646202975,-0.6044755485920785,-0.7641661846732067,-0.5011312398293224,-0.5997351759035571,-0.060918723919859974,0.36273290134904235,0.12318653452918954
1887,0.12206347842194969,-0.9453216886887824,-0.10265620024823012,-0.09502966875244216,0.641916944512334,0.5161069696635564,-0.07256716670838978,-0.10973205900203742,-0.4941165239681022,-0.0706441937906347,-0.1770238575277798
1896,-0.8913013896202944,-0.9453216886887824,-1.1128227316246946,-1.0275354137250365,-1.1584277677495953,-1.1614923360190987,-0.17962923066417144,-0.8578172113243907,-0.7036087553751694,2.881805524190188,0.7842516010641013
1897,1.1751681452109486,2.399714896715683,0.4505302336007864,-0.06838664746751086,1.3343572184592298,2.149558925196668,1.134505122989153,-0.6678377178707077,-0.7036087553751694,-1.4676592284144272,-0.9524371822722514
1909,-0.25257444249063743,0.08859871043623416,1.0062311512400253,1.7966248424776778,-0.6044755485920785,-0.8083135348227501,1.0467180473747861,0.5961832374881535,1.6731758336795566,-1.2798278575097073,-1.2524451461136545
1919,-0.8913013896202944,0.10774538449410476,-0.7480403730720826,-0.8676772860154488,-1.1584277677495953,-1.1614923360190987,1.1130460600611962,0.26693700365015105,0.10332428411871906,1.4264092346387949,0.9584116641041347
1926,-0.8913013896202944,-0.9453216886887824,-0.9688296953539267,-0.7877482221606551,-1.1584277677495953,-1.1614923360190987,-0.9221766450007656,-0.8806505675682349,-0.7036087553751694,0.4103039181637462,-1.2826905746402897
1932,2.365783042762725,1.31423944847185,0.7243758357876339,1.716695778622884,-0.18901138422394093,-0.5875767840750324,-1.3608570356332637,0.35749195511120474,1.604967887415293,-1.3905099475651586,-1.8004682749141432
1939,-0.3200821686100321,-0.48299955899873437,-0.6895735142099914,-0.46803196674147995,0.641916944512334,0.2953702189158387,-0.6931789683382483,-0.7155573576533948,-0.7036087553751694,-0.6849472884222622,0.8727572662441514
1940,1.3043224911379012,0.8317289973073398,1.6022816759504963,1.6101236934831589,0.36494083493357565,0.20707551861675152,0.3891379841009203,0.8097313368588475,0.9985156248072516,-1.1619961431156889,-1.003274799384461
1949,-0.8913013896202944,-0.9453216886887824,-0.8117941287461712,-0.9209633285853115,-1.1584277677495953,-1.1614923360190987,1.2372346795591567,-0.6373106858962511,-0.7036087553751694,1.9696803681556538,0.9117117929304739
1959,0.9102361535659177,-0.9453216886887824,1.2342110148868928,0.49111679951604564,-0.6044755485920785,-0.5434294339254888,0.4956853265953766,0.35222056500536386,3.3931282143630344,-1.4958390576554517,-1.7092286692466827
1966,-0.8913013896202944,0.16245016751659253,-0.9970940056274837,-0.8410342647305176,-1.1584277677495953,-1.1614923360190987,0.023371565927310992,-1.0193310818977295,-0.7036087553751694,1.515376981242601,0.348402178046106
1969,-0.3246887752310826,1.8062406638213422,-0.7383744810827851,-0.6811761370209302,0.7804049993017134,1.0458751714580792,-1.42293061853777,-1.0444123806289232,-0.3522024317246051,0.48220314971453,-0.5850944005582208
1972,1.404775871303309,-0.20198022526556786,1.1203196902709187,1.1571923316393273,0.7804049993017134,0.5161069696635564,1.0701279342052838,0.8538885729772019,0.7203907260846338,-1.1013214482811078,-0.2552355761619484
1987,-0.8913013896202944,-0.9453216886887824,-0.7795817048266317,-0.574604051881205,-1.1584277677495953,-1.1614923360190987,-0.3317700583908094,-0.7055948363654302,-0.7036087553751694,0.6725246449960168,1.3165259393674191
2002,1.294564162778976,0.06562270156678936,2.727814386279237,2.1962701617516465,-0.32749943901332024,-0.36684003332731474,-0.6088291492780181,-0.3982747749205066,3.169669834195495,-1.3885302679056302,-1.7983751310194191
2004,-0.3106405285933335,-0.9453216886887824,-0.4558268780567962,-0.6811761370209302,0.22645278014419656,1.0458751714580792,0.06988731508401451,-0.371397531341894,-0.7036087553751694,-0.019868100647871048,0.4323627020404992
2009,2.0984843203483123,-0.46135894867281724,2.416696058589684,2.409414332031097,-0.18901138422394093,-0.3226926831777711,-0.7746209563077947,0.9101323167362008,2.634003646276148,-1.0196359177322316,-0.6013640330961413
2046,-0.6858628978534457,0.3848682984896014,-0.43262705552659075,-0.574604051881205,-0.7429636033814577,-0.5434294339254888,-0.17336829125155323,2.620464056487857,0.31567508398553185,-0.4419134440411334,0.311495553951105
2060,-0.4755619565773224,-0.27235574842989585,0.18457521732722096,-0.01510060489764843,-0.6044755485920785,-0.5434294339254888,-0.903090041536971,3.6148634763381096,-0.4457721628741636,0.5677915144565006,-0.15072409280024585
2062,0.08907020364848135,1.1706084304507864,-0.14318032272786727,-0.3614598816017548,0.641916944512334,1.0458751714580792,-0.5192400567936757,-1.2095924996888539,-0.5009372012697276,-0.33184172033595927,-0.1298473803343589
2068,0.20995196749980385,-0.5887974131284318,-0.4681234132064751,-0.6012470731661362,1.472845273248609,2.502737726393016,-0.6823846281743959,-0.4548096665858636,-0.15722149352350814,-0.28182727930575785,-0.18238274375752792
2070,-0.4575979070013915,-0.9453216886887824,0.1841812098957045,0.19804356538180176,-0.6044755485920785,-0.5875767840750324,1.9642555562034636,1.2113734793986157,-0.16565339571257703,-0.3035191715463236,-0.7975034920255174
2071,1.7434472672895405,1.1871391345065643,2.7315599194250897,2.8889887151598597,0.22645278014419656,-0.0578085822805098,0.7892824481356557,0.12373169020785675,-0.7036087553751694,0.2042148156690086,2.033909697233547
2074,-0.594845844539019,0.014435643832329951,-0.6645955839999207,-0.7611052008757239,-0.18901138422394093,0.2953702189158387,0.04172271591107378,-1.2440574019639306,-0.1520342726831443,-0.7414757300742019,-0.7141530890446794
2077,2.3316327472724696,1.1414901260589572,0.8298943247036668,1.5834806721982275,0.7804049993017134,0.03048611801857739,-0.7277084204561571,1.5926138916273536,-0.7036087553751694,-0.8647142948739,-0.809585477044758
2078,-0.8913013896202944,-0.34356907544141824,-0.9478021408508939,-1.1074644775798304,-1.1584277677495953,-1.1614923360190987,0.48766765473218404,-0.5249817803625365,-0.7036087553751694,0.6850113462737445,0.14316534161536779
2082,0.8328695106070003,0.45015369663332583,0.770394168510417,0.8641190975050834,-0.32749943901332024,-0.4109873834768582,-0.11788791770807662,1.602348515504675,0.6330287947067319,0.3757165216797349,-1.3872970797439128
2083,-0.46025866456347064,-0.9453216886887824,-0.8840744603325001,-0.28153081774696104,0.7804049993017134,-0.27854533302822754,0.6072440982869132,-0.6014205668766447,-0.7036087553751694,0.6508069774362889,0.06698847901377429
2084,1.0133361936880199,-0.6027577010268793,1.0245444699290576,0.6509749272256334,0.36494083493357565,0.42781226936446926,2.6272027111163303,1.2643094159649255,0.8713689843598899,-1.4173429549985255,-1.4004382143110004
2105,-0.2002197746931246,0.5462356084096022,-0.7107078459789931,-0.3081738390318923,1.1958691636698509,0.2953702189158387,0.24230060826976269,-0.5776032689614125,-0.5607419221533005,-0.14379856853592068,0.838951862498593
2110,-0.8913013896202944,-0.5490455775258841,-1.1218106493690223,-1.1074644775798304,-1.1584277677495953,-1.1614923360190987,0.8283209324317273,-0.09747440427763858,0.5110082239327045,-0.8281636610039987,0.5286101319852912
2115,0.6196655820842703,-0.333863388130977,1.37845586457333,1.0506202464996024,0.08796472535481728,0.03048611801857739,1.0659745671869698,1.2802524369567083,2.5761835986967645,-1.2053141084479857,-1.9869944042423786
2121,-0.6481873266989716,-0.15825425682890817,-0.11557664463743719,-0.3614598816017548,-0.7429636033814577,-0.5875767840750324,2.0319988725054436,-0.5220588967306556,0.3518261544126849,-0.05833623896036359,2.068769777539062
2123,1.3352467711485803,0.25606469057620174,1.4254239312818877,1.716695778622884,0.5034288897229547,0.16292816846720792,-1.5638964801206214,-0.03495879570116456,1.2909933352047946,-1.529575472944002,-1.6971008695496879
2129,-0.5175781758742185,-0.34036826366882594,0.7182960074319591,0.17140054409687047,-0.7429636033814577,-0.6758714843741196,0.5037456456493303,0.4713756117215114,-0.24005147736804194,0.10135768947572528,1.0378014450993582
2131,0.08453144627223708,2.2138795308598795,0.07597691901551483,-0.17495873260723602,0.36494083493357565,0.6044016699626437,0.20103588562305313,-1.2113113931735324,-0.09840897575475299,2.049183460865437,0.025581737410257054
2133,0.4343583119695595,-0.2300308465268213,0.3487648047323351,0.5710458633708395,0.5034288897229547,0.16292816846720792,1.677459903864425,-0.5767802417067628,-0.7036087553751694,0.9916423219900066,0.7182157229354558
2136,-0.3154000438476528,1.3852365880274435,0.8189433299141681,0.3046156505215269,-0.6044755485920785,-0.49928208377594535,-1.001023426259352,-0.0541579350041734,-0.7036087553751694,-1.228038286982961,-1.1429294243788917
2138,-0.8913013896202944,-0.9453216886887824,-1.080976652703435,-1.0275354137250365,-1.1584277677495953,-1.1614923360190987,1.6602521647240829,-0.718561927565638,-0.7036087553751694,0.8036350084121523,-0.8706666235309196
2150,-0.39300377129219316,-0.9453216886887824,0.10625995296070696,-0.9209633285853115,-0.4659874938026993,3.253242678935257,-0.15988728979289293,-1.2978046504344927,-0.7036087553751694,0.6976308847991066,-0.09700542442060298
2158,2.2488087415199183,1.5961586220095825,1.9068939595859764,2.6225585023105467,0.9188930540910922,0.2512228687662951,-1.3244157692751597,0.12860929053955514,0.026688185395835926,-1.3117098493856063,-1.0550050163182736
2167,0.5983091584559374,0.6621870590674271,0.40606029943094496,0.011542416387282862,0.641916944512334,1.0458751714580792,-0.09867063813223789,1.0047553289199225,0.37420286628097843,-0.10301863542310144,0.4822049919028952
2173,-0.6939419396645015,-0.9453216886887824,-0.31709363808857904,-0.7344621795907925,-0.7429636033814577,-0.27854533302822754,-0.1555703398875917,0.6240419534446364,-0.7036087553751694,1.0835335370533397,1.214893653201724
2176,-0.43058031300218114,-0.9453216886887824,0.032012956188784726,-0.3081738390318923,-0.4659874938026993,-0.19025063272914047,-0.40358200707003705,-1.0574281584222147,-0.7036087553751694,1.1058336493352445,0.37262685382153776
2181,-0.6339388834508355,-0.9453216886887824,-0.6360859757454959,-0.8143912434455864,-0.32749943901332024,0.2953702189158387,-0.947495608779268,-0.26506997432760326,-0.2247693693018729,0.28351587442067033,-0.030496596902949622
2208,-0.3590289336789136,2.5010796417279395,-0.8570013373150704,-0.7078191583058614,1.1958691636698509,1.0458751714580792,-1.6395664664248362,0.23334044917688573,0.28671815673096657,1.0300983634036587,0.5792936190306873
2216,-0.4100687582212378,2.170602801824966,-0.017404866264648676,-0.01510060489764843,-0.32749943901332024,-0.4109873834768582,-0.24122658252914234,1.4262482463646156,-0.4051540695349641,-0.30541498349830737,-0.6531816983710255
2250,-0.15942676270089579,4.385830369299584,1.1809091970420658,0.5444028420859083,-0.6044755485920785,-0.4109873834768582,-0.07256716670838978,0.6364991028560721,-0.022759003302200966,-1.2203812268244365,-0.015572524061531522
2251,-0.4100687582212378,-0.9453216886887824,-1.1256722080512056,-0.7344621795907925,3.411678040299918,1.0458751714580792,-0.5110816478423462,-0.851874282986952,-0.7036087553751694,0.9230711613871248,2.269334623132437
2259,-0.8913013896202944,-0.9453216886887824,-1.0193384495824953,-0.7344621795907925,-1.1584277677495953,-1.1614923360190987,-1.3370569491050588,-0.906672365449733,-0.7036087553751694,0.7363080650362985,-0.9932643033507828
2271,-0.6563182318133971,-0.18457758230917162,-0.7700876584791085,-0.7611052008757239,-0.32749943901332024,-0.0578085822805098,-0.09727379685203166,-1.0914200098191034,-0.7036087553751694,0.2620922029976805,1.3738999493756163
2279,0.2928553101144628,0.3325574562971931,1.561564784730131,1.42362254448864,-0.32749943901332024,-0.36684003332731474,0.010436006470812123,2.156271331051207,0.27559088805561666,-0.5538728554976083,-0.2500130922210474
2282,-0.18517109631112588,-0.373807900227718,-0.534225013590239,-0.574604051881205,0.641916944512334,1.0458751714580792,-0.5551534549914875,-0.5111862102557828,-0.2656752465041143,0.7911169335131245,-0.6850013903136928
2303,-0.8913013896202944,-0.9453216886887824,-0.4928991053149866,-1.1074644775798304,-1.1584277677495953,-1.1614923360190987,-1.3647320772242149,0.9219034963022289,-0.7036087553751694,-1.0215251001332561,1.1713815716545135
2309,-0.21136625235324025,0.15530325231526743,0.1489544035347098,-0.14831571132230473,-0.18901138422394093,0.03048611801857739,-0.8827852378060177,1.1658073997832619,-0.42248369645471795,0.4822031497145302,0.7913165121498614
2326,0.34132956098079786,0.05232080169500543,1.0182742051826712,0.9973342039297399,-0.05052332943456183,-0.19025063272914047,0.4026381347093796,-0.4138352843607559,-0.32137731561490646,0.2791935547476109,-0.450941290157823
2331,-0.22215887357970143,0.13783301515647295,-0.11451019525928044,-0.09502966875244216,-0.05052332943456183,-0.0578085822805098,0.27920818628917987,0.319731589250997,1.786356052205972,-1.473939304645284,-1.6629188189751316
2366,-0.8913013896202944,-0.013098378002291999,0.33263804278050435,0.19804356538180176,-1.1584277677495953,-1.1614923360190987,1.501771708182373,0.8182509549245577,1.7965608260075345,-0.9523841212760862,-0.3657210765837996
2379,0.15735479223436616,-0.3794946045905147,-0.2739788644626643,-0.3081738390318923,0.9188930540910922,1.0458751714580792,0.5032243314816617,-0.9189712251449683,-0.27003279385606516,2.551120896928701,0.5980559417640939
2380,3.921024924370271,-0.16634056606034534,2.864090222380399,2.915631736444791,0.7804049993017134,0.42781226936446926,0.973121211380276,0.1504996299277378,1.684028731346473,-1.2267795921623814,-1.3026297698162392
2416,0.25113705240023015,-0.9453216886887824,0.3189798011610812,0.4111877356612518,0.36494083493357565,0.11878081831766434,0.5080051638485746,-0.2828992902903654,-0.34934546974370617,0.1352919363640478,1.7400080445764798
2427,-0.5195555473755205,-0.9453216886887824,-1.00487693164484,-0.8143912434455864,1.1958691636698509,1.0458751714580792,-0.2419404848183304,-1.0881240267715588,-0.47305645837691557,0.09189303558170354,-0.2331021918409862
2438,2.22506798952037,-0.9453216886887824,2.0454024118348455,1.9031969276174026,0.7804049993017134,0.5602543198131,-0.07256716670838978,0.6186170657977208,2.4590481574799097,-1.2354483452008878,-1.254183038680205
2453,0.31591448983438364,-0.5544926718374017,-0.5318034079506886,-0.01510060489764843,2.026797492406126,0.6926963702617306,0.037438184228994566,-0.8950881536468168,-0.25438830039919025,0.6238651286766262,0.08497964056541582
2462,-0.8913013896202944,-0.3305582081279617,-0.6476195925130043,-0.5213180093113424,-1.1584277677495953,-1.1614923360190987,0.23357246481922497,-0.3583221155468934,-0.7036087553751694,1.0998735592659066,0.960784522423229
2470,-0.25063302319845004,-0.5996340172488073,-0.2653333658254103,-0.6278900944510676,-0.32749943901332024,0.2953702189158387,-0.7386949628101704,-0.4081597186074733,-0.4387188822282394,1.515376981242601,1.9924802400923423
2482,-0.29587796432993624,0.982326513069723,0.48100236766874055,-0.44138894545654866,-0.4659874938026993,0.2953702189158387,-0.8655522844825722,1.463316002774403,0.7734890118339824,-1.307464063542569,-1.712662662381226
2484,0.8799582116636281,1.443990158028693,1.0095274493179645,0.917405140074946,0.5034288897229547,0.2953702189158387,-1.9555999386365563,0.7110326354690307,0.3949051303223931,-0.8396516053287371,-0.6204364174578214
2492,0.10765544712277093,0.6717102151560301,-0.2737245168768951,-0.22824477517709846,0.7804049993017134,0.7368437204112742,-1.6947350267398364,-0.9503410008432851,-0.2905814176247431,-1.262440623619364,-0.9909870341108938
2514,0.36334082795581746,1.0855933810210716,0.9642033507463015,0.5710458633708395,-0.05052332943456183,0.11878081831766434,1.1586465687831042,1.7451854004738347,0.0745052469939374,-0.6865747472015999,0.4253659917076331
2517,0.5878557511010163,-0.9453216886887824,0.5262294298117045,0.14475752281193918,0.08796472535481728,0.2953702189158387,1.3012081592084348,0.23970611212971488,1.3604410193302507,-1.451463242345375,-1.2411031104161663
2521,-0.17436297957680197,0.21520120828827685,-0.13652475742265968,-0.28153081774696104,0.08796472535481728,0.2953702189158387,0.4802226737163623,0.11609533050487722,-0.7036087553751694,-0.6579779715075196,0.9091385347229455
2527,0.36334082795581746,0.07013584616614457,1.0605170602110858,1.2637644167790525,-0.05052332943456183,-0.27854533302822754,-0.07256716670838978,0.08215595404719064,1.2416762505475978,-1.2871070367772912,-1.0561874212767608
2552,-0.8913013896202944,-0.9453216886887824,-0.9123605368901371,-1.1074644775798304,-1.1584277677495953,-1.1614923360190987,0.006865977516867796,-0.8298279359287111,-0.7036087553751694,1.747841093336417,0.1795783287240469
2561,-0.8913013896202944,-0.9453216886887824,-0.29492221689087583,-0.9476063498702427,-1.1584277677495953,-1.1614923360190987,-0.13262637331773056,0.20384103549304275,0.8905760299664154,0.7732557778645113,0.9209378650403922
2563,0.4685688849138139,0.5221782326499508,-0.23381491924146458,-0.06838664746751086,1.472845273248609,1.0458751714580792,-0.374413114764369,-0.4650343799383503,-0.42248369645471795,-0.38566286876904926,-0.43215985470176715
2572,-0.47183891687843005,-0.9453216886887824,-0.8965200153912588,-0.7877482221606551,0.7804049993017134,1.0458751714580792,-1.476518351656899,-0.5483059554936565,-0.7036087553751694,2.060337626111288,-0.48694237859064615
2587,0.13814863505754102,0.7210701633808414,0.35174694184203337,0.17140054409687047,0.08796472535481728,0.20707551861675152,-0.08158704755448128,1.1969339346188972,-0.5439956266840705,0.8583843909375712,-0.3778204739395842
2588,-0.11351580824469738,0.3136957715003521,0.6429207184357302,0.3579016930913895,-0.32749943901332024,-0.27854533302822754,0.22728562496112503,-0.9917560501028563,-0.22123549929395192,-0.6947000303323905,0.6846573639326299
2589,3.4375115695996548,2.288742119000843,2.43584031432196,2.5426294384557533,1.3343572184592298,0.8251384207103614,1.479579059077095,1.0043097229188367,2.3940962777530275,-1.5812065782756548,-0.6539511866073351
2602,-0.8913013896202944,-0.1443974358454597,-1.0054798343644944,-0.9209633285853115,-1.1584277677495953,-1.1614923360190987,-0.037885089652291204,-1.2529521930840588,-0.3967468952859442,0.5229480332114119,1.2242720574617936
2616,-0.6135940213030523,-0.9453216886887824,-0.11085560391199997,-0.25488779646202975,-0.7429636033814577,-0.5875767840750324,-0.7441382951582954,-0.5817411767397305,0.15754508123886182,0.5279404892920573,0.5090223109049452
2622,-0.10186358979712291,0.3325574562971931,0.3495270925890276,0.2513296079516643,-0.6044755485920785,-0.6758714843741196,-0.7642602765350716,-0.45973004535025525,-0.21400893365977638,0.20185317183359847,0.6822002912298074
2636,-0.503124791917188,-0.9453216886887824,-0.8109487750797745,-0.8143912434455864,0.36494083493357565,1.0458751714580792,0.4035928414927403,-0.1107922137702655,-0.46286630160351205,0.29440525437047743,0.24294899689661048
2665,-0.8913013896202944,-0.9453216886887824,-0.6138004651247211,-0.6811761370209302,-1.1584277677495953,-1.1614923360190987,-0.5650526609049872,-0.676185473523359,-0.7036087553751694,0.6442048064981317,0.7301426938072798
2667,-0.8913013896202944,-0.9453216886887824,-0.2479997696512359,0.09147148024207673,-1.1584277677495953,-1.1614923360190987,1.229225700117011,-0.9876910146731345,-0.4260649073963797,0.5973658379421813,0.6033141723390617
2669,-0.8913013896202944,-0.17163975737074275,-0.5034341268123133,-0.6545331157359987,-1.1584277677495953,-1.1614923360190987,-0.99388356741631,-0.40430844184631737,-0.2589721825928227,-0.16230052614345697,0.4656803702922428
2671,-0.5790348821346842,1.076567091822361,-0.8199546094724546,-0.8676772860154488,0.08796472535481728,1.0458751714580792,0.441806571674723,-0.45740471079345385,-0.5099448258966361,0.7039911322158894,1.1515623312783965
2674,-0.8913013896202944,0.15886514532822554,-1.0331372649505803,-1.1074644775798304,-1.1584277677495953,-1.1614923360190987,1.0988789117204096,0.35663654229236463,-0.28055648224245117,0.05388739625580561,1.1075792137753426
2677,-0.5660237776561172,1.6873459942684355,-0.3485168375144596,-0.12167269003737345,-0.4659874938026993,-0.5875767840750324,0.5658399553983103,-0.04103141235478294,-0.5018754955016973,0.18086078218550933,0.19019878329741188
2681,1.2104924107636192,0.02674022501849812,0.0356404082140242,0.49111679951604564,2.026797492406126,1.0458751714580792,-0.9354691009844793,-0.38690363340647815,3.579343531169316,-1.4000276382359682,-1.1014118844325724
2685,-0.694494767255414,-0.9453216886887824,-0.6221400992619073,-0.6545331157359987,-0.6044755485920785,-0.4109873834768582,-1.265844344523675,0.13339775771859966,-0.5815516569643292,1.2013731696997556,0.4087659534669117
2697,-0.8913013896202944,-0.6068358437371402,-1.1546982574789486,-0.9476063498702427,-1.1584277677495953,-1.1614923360190987,0.16194973528999,0.28013565005036245,-0.5739230883136516,0.44776402199692766,1.6247187545997614
2721,-0.8913013896202944,-0.9453216886887824,-0.7602706853850708,-0.7344621795907925,-1.1584277677495953,-1.1614923360190987,0.547227502858757,-1.2188534768307961,-0.7036087553751694,-0.46733280021364915,1.4332254563228675
2722,0.5309650918425044,-0.48487130851164956,1.4913941815009095,1.0506202464996024,-0.05052332943456183,-0.0578085822805098,0.09691164708396147,2.0818310374023055,1.7661943938449913,-0.4166999126149533,0.9566344220432748
2726,3.6625851778781855,0.10774538449410476,3.5468376341723635,3.341920077003691,0.5034288897229547,0.2953702189158387,-0.893376323702719,0.6364991028560718,2.9275899223473285,-1.27227907900999,-1.4559716755741372
2727,0.7716563425515935,0.06412722169954746,0.21648981928004876,0.22468658666673305,-0.32749943901332024,-0.36684003332731474,0.029426870551260982,0.1904004742288067,-0.18793557037315778,-0.22818027764382365,0.6207356725407404
2728,-0.09740348923315018,0.3397771124835545,-0.2503288499621624,-0.041743626182579575,0.36494083493357565,0.11878081831766434,-0.8655522844825719,-0.6788914197412734,0.5273060506324572,0.08586132394754713,-1.578736930134049
2729,0.29954546096042184,2.9099747148282282,0.5724187698726034,0.46447377823111435,0.22645278014419656,0.11878081831766434,0.6369458334053522,-0.3406481425019562,-0.7036087553751694,-0.5474683976388693,0.09533472295566155
2742,-0.8913013896202944,-0.5865480486138556,-1.1091239470066534,-1.1074644775798304,-1.1584277677495953,-1.1614923360190987,-0.35997983682312323,-1.0352739263593558,-0.5661501303509738,-0.06078347594028554,0.4280366603204937
2755,0.4002420696492326,-0.9453216886887824,-0.35586102015338633,0.17140054409687047,1.6113333280379885,0.5161069696635564,0.07228150805531526,1.2071464619240382,-0.38320887204671367,0.20833611569550842,1.371568171428759
2792,1.3462770875855103,1.2278867935485136,1.9850059784494911,2.2761992256064407,0.08796472535481728,-0.14610328257959687,-1.0920435081981614,0.7918564184458222,0.2677947125505945,-1.1876558295864124,-1.0575355135542717
2799,0.009467381972811661,-0.9453216886887824,0.22003588616369638,0.49111679951604564,0.08796472535481728,-0.23439798287868405,-0.009428000785748875,3.081294528372165,0.41368314546252255,0.2287664918952514,0.012918887726629798
2807,-0.22533016512491752,1.2107208497709676,0.5953811836963225,-0.22824477517709846,-0.4659874938026993,0.11878081831766434,-0.5743888788044489,1.634842214455005,-0.0840677487495299,0.0126231950058002,0.13246579090096874
2808,1.1161261585014843,-0.1329556608048409,0.42484657774351053,0.5976888846557709,1.1958691636698509,0.7809910705608177,-0.0022120961088756778,0.12967108108795203,-0.7036087553751694,0.3943833740346442,0.25604560165227386
2809,0.5082994905442925,1.7733534643889501,1.746992065121439,1.2371213954941211,-0.18901138422394093,-0.14610328257959687,2.2525137521082157,1.6524267859321096,0.33800998883208105,-1.3301730973843129,-0.13116517082492252
2810,-0.39651290944943335,0.6565268169978631,-1.1194284483791686,-0.9209633285853115,3.411678040299918,3.253242678935257,-0.31534170610107853,-1.1124144933860325,-0.3967468952859442,-0.5822569316415034,0.8904008658033385
2811,0.8223562734104924,-0.020677429308686338,1.6344841255581324,2.142984119181784,0.08796472535481728,-0.27854533302822754,-0.132626373317731,1.0150749117987226,1.7762342440450731,-1.505186513208572,-1.7289950687528328
2812,-0.8913013896202944,0.9823265130697233,-0.6769387269135224,-0.8143912434455864,-1.1584277677495953,-1.1614923360190987,-1.088144598243746,-1.2050476287802117,-0.7036087553751694,0.59252510121668,0.16229758907925015
2813,-0.151722819259639,0.251849299771763,0.05310945349346675,-0.25488779646202975,-0.05052332943456183,0.2953702189158387,-1.2908207576157624,-1.2074212658134702,0.3666392759535669,-0.2714699716001574,-0.9499908608473031
2819,-0.8913013896202944,-0.03547173745876784,-0.9158402580062841,-0.8943203073003801,-1.1584277677495953,-1.1614923360190987,1.562484674024314,-0.410100762095096,-0.0064186092524497074,-0.6113080335747801,1.109420367531285
2821,-0.8913013896202944,0.9191249326841981,-0.10945767279555405,-0.09502966875244216,-1.1584277677495953,-1.1614923360190987,1.4479481569040558,-0.12685867583156807,0.9631709655466331,-1.3199230088852525,0.47625463352754965
2825,0.9657901747214394,0.5577343981449421,0.030766518929010653,0.06482845895714544,1.1958691636698509,1.0458751714580792,-0.9729261098431383,-0.5259120814303928,-0.7036087553751694,-0.9961002004190267,-0.13033308578682784
2832,-0.8913013896202944,0.1807302311503446,-0.7599074087817148,-0.9742493711551741,-1.1584277677495953,-1.1614923360190987,0.19561800339866847,-0.4612101027060692,-0.4878939824411596,0.5323274247094564,-0.11947684757941392
