Rk,Player,Nation,Pos,Squad,Comp,Age,Born,MP,Starts,Min,90s,Gls,Ast,G+A,G-PK,PK,PKatt,CrdY,CrdR,G+A-PK,GA,GA90,SoTA,Saves,Save%,W,D,L,CS,CS%,PKatt_stats_keeper,PKA,PKsv,PKm,Sh,SoT,SoT%,Sh/90,SoT/90,G/Sh,G/SoT,Mn/MP,Min%,Mn/Start,Compl,Subs,Mn/Sub,unSub,PPM,onG,onGA,+/-,+/-90,On-Off,2CrdY,Fls,Fld,Off,Crs,Int,TklW,OG
1,Brenden Aaronson,us USA,"MF,FW",Leeds United,eng Premier League,24.0,2000.0,37,30,2449,27.2,4,5,9,4,0,0,3,0,0.33,,,,,,,,,,,,,,,47,17,36.2,1.73,0.62,0.09,0.24,66,71.6,77.0,2,7,21.0,1,1.19,35,31,4,0.15,1.17,0,20,51,5,37,17,27,0
6,Himad Abdelli,dz ALG,MF,Angers,fr Ligue 1,25.0,1999.0,13,11,943,10.5,2,0,2,0,2,2,1,0,0.0,,,,,,,,,,,,,,,11,5,45.5,1.05,0.48,0.0,0.0,73,30.8,81.0,4,2,25.0,0,1.38,12,13,-1,-0.1,0.67,0,16,12,1,9,13,17,0
7,Ali Abdi,tn TUN,"MF,DF",Nice,fr Ligue 1,31.0,1993.0,22,13,1187,13.2,3,0,3,3,0,0,4,1,0.23,,,,,,,,,,,,,,,16,4,25.0,1.21,0.3,0.19,0.75,54,38.8,76.0,7,9,23.0,2,0.68,19,17,2,0.15,1.35,1,22,18,1,33,10,11,0
8,Salis Abdul Samed,gh GHA,MF,Nice,fr Ligue 1,25.0,2000.0,18,12,911,10.1,0,0,0,0,0,0,3,0,0.0,,,,,,,,,,,,,,,1,0,0.0,0.1,0.0,0.0,,51,29.8,67.0,2,6,18.0,12,1.06,15,17,-2,-0.2,0.68,0,19,10,0,2,11,7,0
9,Saud Abdulhamid,sa KSA,MF,Lens,fr Ligue 1,26.0,1999.0,25,14,1352,15.0,2,4,6,2,0,0,4,1,0.4,,,,,,,,,,,,,,,8,3,37.5,0.53,0.2,0.25,0.67,54,44.2,83.0,8,11,18.0,6,1.84,35,17,18,1.2,0.51,0,26,14,1,47,9,22,0
11,Laurent Abergel,fr FRA,MF,Lorient,fr Ligue 1,32.0,1993.0,28,27,2318,25.8,1,0,1,1,0,0,7,0,0.04,,,,,,,,,,,,,,,22,5,22.7,0.85,0.19,0.05,0.2,83,75.8,85.0,19,1,22.0,0,1.39,40,41,-1,-0.04,0.2,0,24,27,1,9,28,23,0
12,Matthis Abline,fr FRA,"FW,MF",Nantes,fr Ligue 1,22.0,2003.0,33,28,2584,28.7,6,4,10,6,0,1,6,0,0.35,,,,,,,,,,,,,,,84,22,26.2,2.93,0.77,0.07,0.27,78,84.4,88.0,20,5,26.0,0,0.61,25,49,-24,-0.84,-1.02,0,32,42,5,62,9,13,0
13,Abner,br BRA,"DF,MF",Lyon,fr Ligue 1,25.0,2000.0,26,25,2150,23.9,3,2,5,3,0,0,4,1,0.21,,,,,,,,,,,,,,,17,7,41.2,0.71,0.29,0.18,0.43,83,70.3,86.0,17,1,3.0,2,1.81,35,25,10,0.42,0.12,0,23,6,1,61,8,24,0
15,Abdel Abqar,ma MAR,DF,Getafe,es La Liga,26.0,1999.0,23,17,1437,16.0,0,2,2,0,0,0,10,1,0.13,,,,,,,,,,,,,,,7,1,14.3,0.44,0.06,0.0,0.0,62,42.0,75.0,7,6,26.0,0,1.17,15,14,1,0.06,0.38,0,30,36,1,2,20,17,0
20,Francesco Acerbi,it ITA,DF,Inter,it Serie A,37.0,1988.0,18,15,1378,15.3,0,1,1,0,0,0,3,0,0.07,,,,,,,,,,,,,,,3,1,33.3,0.2,0.07,0.0,0.0,77,40.3,88.0,12,3,22.0,18,2.11,34,18,16,1.04,-0.63,0,17,13,3,3,18,9,0
21,Ragnar Ache,de GER,FW,Köln,de Bundesliga,27.0,1998.0,29,18,1718,19.1,7,4,11,7,0,0,3,0,0.58,,,,,,,,,,,,,,,52,22,42.3,2.72,1.15,0.13,0.32,59,56.1,78.0,3,11,29.0,0,1.03,27,38,-11,-0.58,-0.38,0,18,29,10,1,4,8,0
23,Akor Adams,ng NGA,FW,Sevilla,es La Liga,25.0,2000.0,32,21,2064,22.9,10,3,13,7,3,3,3,0,0.44,,,,,,,,,,,,,,,61,30,49.2,2.66,1.31,0.11,0.23,65,60.4,85.0,14,11,25.0,1,1.13,32,40,-8,-0.35,0.05,0,36,12,41,17,1,4,0
24,Che Adams,sct SCO,FW,Torino,it Serie A,29.0,1996.0,33,19,1893,21.0,6,2,8,6,0,0,0,0,0.38,,,,,,,,,,,,,,,53,18,34.0,2.52,0.86,0.11,0.33,57,55.4,76.0,4,14,32.0,2,1.18,26,30,-4,-0.19,0.69,0,18,15,9,14,1,9,0
25,Tyler Adams,us USA,MF,Bournemouth,eng Premier League,26.0,1999.0,25,21,1773,19.7,2,2,4,2,0,0,8,0,0.2,,,,,,,,,,,,,,,10,6,60.0,0.51,0.3,0.2,0.33,71,51.8,79.0,10,4,28.0,1,1.52,25,28,-3,-0.15,-0.53,0,36,13,1,3,30,24,0
29,Karim Adeyemi,de GER,"MF,FW",Dortmund,de Bundesliga,23.0,2002.0,28,15,1195,13.3,7,4,11,7,0,0,5,0,0.83,,,,,,,,,,,,,,,31,14,45.2,2.33,1.05,0.23,0.5,43,39.1,69.0,0,13,12.0,1,2.29,27,14,13,0.98,-0.13,0,21,25,5,11,8,4,0
34,Amine Adli,ma MAR,MF,Bournemouth,eng Premier League,25.0,2000.0,31,10,1093,12.1,3,1,4,3,0,0,2,0,0.33,,,,,,,,,,,,,,,20,9,45.0,1.65,0.74,0.15,0.33,35,32.0,73.0,2,21,17.0,6,1.48,18,17,1,0.08,-0.03,0,29,23,5,39,6,17,0
37,Michel Aebischer,ch SUI,MF,Pisa,it Serie A,28.0,1997.0,35,33,2892,32.1,1,2,3,1,0,0,8,0,0.09,,,,,,,,,,,,,,,19,5,26.3,0.59,0.16,0.05,0.2,83,84.6,85.0,25,2,45.0,1,0.51,23,49,-26,-0.81,2.43,0,44,38,0,43,35,37,0
38,David Affengruber,at AUT,DF,Elche,es La Liga,24.0,2001.0,36,33,2949,32.8,1,1,2,1,0,0,7,1,0.06,,,,,,,,,,,,,,,14,4,28.6,0.43,0.12,0.07,0.25,82,86.2,87.0,27,3,31.0,0,1.14,45,49,-4,-0.12,0.64,0,34,35,2,8,50,50,0
40,Emmanuel Agbadou,ci CIV,DF,Wolves,eng Premier League,28.0,1997.0,14,12,1101,12.2,0,0,0,0,0,0,1,1,0.0,,,,,,,,,,,,,,,10,3,30.0,0.82,0.25,0.0,0.0,79,32.2,85.0,11,2,38.0,4,0.14,6,27,-21,-1.72,-0.94,0,10,5,1,13,14,21,0
41,Julen Agirrezabala,es ESP,GK,Valencia,es La Liga,24.0,2000.0,18,18,1620,18.0,0,0,0,0,0,0,1,0,0.0,30.0,1.67,79.0,52.0,65.8,3.0,7.0,8.0,4.0,22.2,4.0,3.0,1.0,0.0,0,0,,0.0,0.0,,,90,47.4,90.0,18,0,,4,0.89,17,30,-13,-0.72,-0.92,0,0,1,0,0,0,1,0
42,Lucien Agoume,fr FRA,MF,Sevilla,es La Liga,23.0,2002.0,34,31,2686,29.8,1,3,4,1,0,0,12,0,0.13,,,,,,,,,,,,,,,15,2,13.3,0.5,0.07,0.07,0.5,79,78.5,84.0,20,3,26.0,1,1.18,39,48,-9,-0.3,0.31,0,58,16,8,18,49,40,0
45,Marc Aguado,es ESP,MF,Elche,es La Liga,25.0,2000.0,35,30,2500,27.8,1,2,3,1,0,0,3,0,0.11,,,,,,,,,,,,,,,3,2,66.7,0.11,0.07,0.33,0.5,71,73.1,80.0,9,5,21.0,0,1.03,32,38,-6,-0.22,-0.02,0,25,23,0,2,42,26,0
47,Nayef Aguerd,ma MAR,DF,Marseille,fr Ligue 1,29.0,1996.0,16,16,1396,15.5,1,0,1,1,0,0,4,0,0.06,,,,,,,,,,,,,,,10,2,20.0,0.64,0.13,0.1,0.5,87,45.6,87.0,13,0,,1,1.94,33,17,16,1.03,0.92,0,21,6,0,2,21,16,0
49,Ruben Aguilar,fr FRA,MF,Lens,fr Ligue 1,32.0,1993.0,26,20,1720,19.1,2,2,4,2,0,0,6,1,0.21,,,,,,,,,,,,,,,13,3,23.1,0.68,0.16,0.15,0.67,66,56.2,79.0,6,6,25.0,1,2.08,30,21,9,0.47,-1.01,1,26,12,5,86,24,24,0
52,Honest Ahanor,it ITA,DF,Atalanta,it Serie A,17.0,2008.0,22,15,1377,15.3,0,0,0,0,0,0,2,1,0.0,,,,,,,,,,,,,,,13,4,30.8,0.85,0.26,0.0,0.0,63,40.3,74.0,10,7,38.0,14,1.64,17,15,2,0.13,-0.44,0,24,28,0,2,24,20,0
53,Lucas Ahijado,es ESP,DF,Oviedo,es La Liga,30.0,1995.0,20,11,1098,12.2,0,1,1,0,0,0,3,0,0.08,,,,,,,,,,,,,,,10,2,20.0,0.82,0.16,0.0,0.0,55,32.1,83.0,7,9,21.0,11,0.5,8,24,-16,-1.31,-0.61,0,14,3,2,16,17,29,0
55,Ola Aina,ng NGA,DF,Nottingham Forest,eng Premier League,28.0,1996.0,18,18,1588,17.6,0,0,0,0,0,0,3,0,0.0,,,,,,,,,,,,,,,12,1,8.3,0.68,0.06,0.0,0.0,88,46.4,88.0,15,0,,0,1.39,27,19,8,0.45,0.99,0,13,15,0,39,26,21,0
56,Abdelhamid Ait Boudlal,ma MAR,DF,Rennes,fr Ligue 1,19.0,2006.0,20,17,1403,15.6,2,1,3,2,0,0,3,1,0.19,,,,,,,,,,,,,,,13,4,30.8,0.83,0.26,0.15,0.5,70,45.8,80.0,14,3,13.0,5,1.85,33,28,5,0.32,0.1,0,14,10,1,2,18,11,0
57,Rayan Aït-Nouri,dz ALG,DF,Manchester City,eng Premier League,24.0,2001.0,17,12,974,10.8,0,2,2,0,0,0,2,0,0.18,,,,,,,,,,,,,,,10,2,20.0,0.92,0.18,0.0,0.0,57,28.5,77.0,7,5,11.0,9,1.94,23,9,14,1.29,0.26,0,17,10,0,22,13,21,0
58,Tosin Aiyegun,bj BEN,"FW,MF",Lorient,fr Ligue 1,27.0,1998.0,27,11,1073,11.9,5,0,5,5,0,1,1,0,0.42,,,,,,,,,,,,,,,30,12,40.0,2.52,1.01,0.17,0.42,40,35.1,68.0,1,16,20.0,3,1.04,13,16,-3,-0.25,-0.25,0,11,13,3,6,1,5,0
60,Kristoffer Ajer,no NOR,DF,Brentford,eng Premier League,27.0,1998.0,27,20,1810,20.1,0,1,1,0,0,0,4,0,0.05,,,,,,,,,,,,,,,10,3,30.0,0.5,0.15,0.0,0.0,67,52.9,83.0,13,7,20.0,9,1.37,29,32,-3,-0.15,-0.48,0,23,5,0,7,15,23,0
61,Ludovic Ajorque,fr FRA,FW,Brest,fr Ligue 1,31.0,1994.0,32,32,2820,31.3,8,9,17,8,0,0,9,1,0.54,,,,,,,,,,,,,,,55,17,30.9,1.76,0.54,0.15,0.47,88,92.2,88.0,28,0,,0,1.22,41,49,-8,-0.26,1.24,0,65,55,14,9,11,20,0
62,Manuel Akanji,ch SUI,DF,Inter,it Serie A,30.0,1995.0,33,31,2821,31.3,2,0,2,2,0,0,4,0,0.06,,,,,,,,,,,,,,,23,6,26.1,0.73,0.19,0.09,0.33,85,82.5,90.0,30,2,21.0,2,2.39,73,26,47,1.5,0.45,0,26,18,2,3,37,24,0
66,Ebenezer Akinsanmiro,ng NGA,MF,Pisa,it Serie A,20.0,2004.0,24,16,1444,16.0,0,1,1,0,0,0,2,0,0.06,,,,,,,,,,,,,,,13,3,23.1,0.81,0.19,0.0,0.0,60,42.2,75.0,7,8,31.0,6,0.5,10,29,-19,-1.18,0.0,0,30,28,1,9,27,25,0
67,Maghnes Akliouche,fr FRA,"MF,FW",Monaco,fr Ligue 1,23.0,2002.0,31,28,2400,26.7,6,6,12,6,0,0,3,0,0.45,,,,,,,,,,,,,,,48,19,39.6,1.8,0.71,0.13,0.32,77,78.4,82.0,16,3,33.0,1,1.55,48,38,10,0.37,0.92,0,29,36,9,53,18,26,0
68,Clément Akpa,ci CIV,DF,Auxerre,fr Ligue 1,23.0,2001.0,26,21,1944,21.6,0,0,0,0,0,0,4,1,0.0,,,,,,,,,,,,,,,6,0,0.0,0.28,0.0,0.0,,75,63.5,85.0,18,5,31.0,4,1.0,16,29,-13,-0.6,-0.84,1,12,30,1,30,23,19,2
69,Jean-Daniel Akpa-Akpro,ci CIV,MF,Hellas Verona,it Serie A,32.0,1992.0,22,17,1504,16.7,1,0,1,1,0,0,9,0,0.06,,,,,,,,,,,,,,,13,4,30.8,0.78,0.24,0.08,0.25,68,44.0,76.0,7,5,41.0,1,0.5,10,19,-9,-0.54,0.73,0,39,15,0,17,22,32,0
77,Omar Alderete,py PAR,DF,Sunderland,eng Premier League,28.0,1996.0,33,32,2798,31.1,1,1,2,1,0,0,6,0,0.06,,,,,,,,,,,,,,,24,9,37.5,0.77,0.29,0.04,0.11,85,81.8,86.0,27,1,38.0,2,1.39,30,40,-10,-0.32,-0.9,0,34,10,5,11,36,18,0
78,Alexandre Alemão,br BRA,FW,Rayo Vallecano,es La Liga,27.0,1998.0,26,11,1136,12.6,4,0,4,4,0,0,3,0,0.32,,,,,,,,,,,,,,,26,12,46.2,2.06,0.95,0.15,0.33,44,33.2,73.0,0,15,22.0,5,1.42,14,12,2,0.16,0.36,0,23,27,4,5,1,2,0
79,Carles Aleñá,es ESP,MF,Alavés,es La Liga,27.0,1998.0,34,23,1989,22.1,0,4,4,0,0,0,5,0,0.18,,,,,,,,,,,,,,,29,5,17.2,1.31,0.23,0.0,0.0,59,58.2,73.0,4,11,27.0,3,1.06,23,35,-12,-0.54,-0.54,0,38,36,1,121,12,24,0
80,Trent Alexander-Arnold,eng ENG,DF,Real Madrid,es La Liga,26.0,1998.0,21,14,1163,12.9,0,4,4,0,0,0,4,0,0.31,,,,,,,,,,,,,,,10,2,20.0,0.77,0.15,0.0,0.0,55,34.0,76.0,6,7,15.0,3,2.05,25,14,11,0.85,-0.38,0,10,5,0,126,13,10,0
83,Mohamed Ali Cho,fr FRA,"FW,MF",Nice,fr Ligue 1,21.0,2004.0,24,20,1667,18.5,4,3,7,4,0,0,1,0,0.38,,,,,,,,,,,,,,,32,14,43.8,1.73,0.76,0.13,0.29,69,54.5,76.0,4,4,37.0,0,0.67,21,35,-14,-0.76,-0.17,0,14,32,5,39,4,9,0
84,Alisson,br BRA,GK,Liverpool,eng Premier League,32.0,1992.0,26,26,2340,26.0,0,0,0,0,0,0,1,0,0.0,31.0,1.19,86.0,57.0,66.3,13.0,8.0,5.0,8.0,30.8,2.0,2.0,0.0,0.0,0,0,,0.0,0.0,,,90,68.4,90.0,26,0,,0,1.81,44,31,13,0.5,0.75,0,1,7,0,0,0,0,0
87,Thiago Almada,ar ARG,"MF,FW",Atlético Madrid,es La Liga,24.0,2001.0,27,16,1311,14.6,3,1,4,3,0,0,2,1,0.27,,,,,,,,,,,,,,,21,10,47.6,1.44,0.69,0.14,0.3,49,38.3,65.0,3,11,25.0,4,1.78,18,17,1,0.07,-0.66,0,13,16,2,40,9,18,0
88,Domingos André Ribeiro Almeida,pt POR,MF,Valencia,es La Liga,25.0,2000.0,22,11,1017,11.3,0,2,2,0,0,0,0,0,0.18,,,,,,,,,,,,,,,9,3,33.3,0.8,0.27,0.0,0.0,46,29.7,75.0,3,11,17.0,15,1.23,14,14,0,0.0,0.34,0,12,22,0,65,8,11,0
90,Marcos Alonso,es ESP,DF,Celta Vigo,es La Liga,34.0,1990.0,32,31,2768,30.8,1,0,1,0,1,1,5,0,0.0,,,,,,,,,,,,,,,24,3,12.5,0.78,0.1,0.0,0.0,87,80.9,88.0,28,1,33.0,0,1.41,40,37,3,0.1,-0.18,0,23,20,0,19,30,24,0
92,Sergi Altimira,es ESP,MF,Real Betis,es La Liga,23.0,2001.0,24,13,1186,13.2,1,2,3,1,0,0,3,0,0.23,,,,,,,,,,,,,,,7,3,42.9,0.53,0.23,0.14,0.33,49,34.7,74.0,5,11,21.0,11,1.5,14,19,-5,-0.38,-1.02,0,14,22,0,3,20,36,0
93,Carlos Álvarez,es ESP,MF,Levante,es La Liga,21.0,2003.0,30,23,1890,21.0,3,1,4,3,0,0,3,0,0.19,,,,,,,,,,,,,,,30,11,36.7,1.43,0.52,0.1,0.27,63,55.3,76.0,7,7,21.0,1,0.93,20,35,-15,-0.71,-0.77,0,22,49,2,54,13,13,0
94,Hugo Álvarez,es ESP,"FW,MF",Celta Vigo,es La Liga,22.0,2003.0,28,15,1340,14.9,4,2,6,4,0,0,2,0,0.4,,,,,,,,,,,,,,,14,8,57.1,0.94,0.54,0.29,0.5,48,39.2,70.0,4,13,22.0,6,1.43,25,23,2,0.13,0.0,0,16,17,2,23,10,9,0
95,Julián Álvarez,ar ARG,FW,Atlético Madrid,es La Liga,25.0,2000.0,29,22,1895,21.1,8,4,12,6,2,3,2,0,0.47,,,,,,,,,,,,,,,54,26,48.1,2.56,1.23,0.11,0.23,65,55.4,74.0,6,7,38.0,3,1.97,35,20,15,0.71,0.54,0,14,18,2,86,3,13,0
102,Aurele Amenda,ch SUI,DF,Eintracht Frankfurt,de Bundesliga,22.0,2003.0,24,18,1678,18.6,0,0,0,0,0,0,5,0,0.0,,,,,,,,,,,,,,,10,2,20.0,0.54,0.11,0.0,0.0,70,54.8,90.0,17,6,11.0,7,1.17,28,34,-6,-0.32,-0.45,0,22,13,0,6,29,12,1
103,Kelvin Amian,fr FRA,DF,Nantes,fr Ligue 1,27.0,1998.0,23,22,1961,21.8,0,1,1,0,0,0,3,0,0.05,,,,,,,,,,,,,,,10,2,20.0,0.46,0.09,0.0,0.0,85,64.1,89.0,21,1,1.0,2,0.65,21,40,-19,-0.87,-0.54,0,23,18,2,29,8,18,0
104,Mohamed Amine Sbai,fr FRA,"MF,FW",Angers,fr Ligue 1,24.0,2000.0,25,23,1818,20.2,3,1,4,3,0,1,3,1,0.2,,,,,,,,,,,,,,,34,16,47.1,1.68,0.79,0.09,0.19,73,59.4,77.0,5,2,28.0,1,1.2,17,26,-9,-0.45,0.28,1,15,24,5,59,4,10,0
105,Michael Amir Murillo,pa PAN,"DF,MF",Marseille,fr Ligue 1,29.0,1996.0,16,11,989,11.0,2,1,3,2,0,0,4,0,0.27,,,,,,,,,,,,,,,9,2,22.2,0.82,0.18,0.22,1.0,62,32.3,80.0,7,5,21.0,2,2.0,26,13,13,1.18,0.97,0,22,16,2,28,6,13,0
106,Nadiem Amiri,de GER,MF,Mainz 05,de Bundesliga,28.0,1996.0,26,24,2083,23.1,12,2,14,4,8,8,6,0,0.26,,,,,,,,,,,,,,,54,22,40.7,2.33,0.95,0.07,0.18,80,68.1,85.0,13,2,28.0,0,1.08,32,33,-1,-0.04,0.69,0,20,26,3,136,19,18,0
107,Samuel Amo-Ameyaw,eng ENG,"MF,DF",Strasbourg,fr Ligue 1,19.0,2006.0,25,9,1047,11.6,2,2,4,2,0,0,2,0,0.34,,,,,,,,,,,,,,,17,5,29.4,1.46,0.43,0.12,0.4,42,34.2,77.0,5,16,22.0,5,1.4,13,18,-5,-0.43,-1.15,0,15,26,2,50,3,12,0
110,Mohamed Amoura,dz ALG,"FW,MF",Wolfsburg,de Bundesliga,25.0,2000.0,30,23,1919,21.3,8,3,11,7,1,1,2,0,0.47,,,,,,,,,,,,,,,60,19,31.7,2.81,0.89,0.12,0.37,64,62.7,78.0,8,7,18.0,0,0.97,32,32,0,0.0,1.89,0,21,11,12,34,7,22,0
111,Ethan Ampadu,wls WAL,MF,Leeds United,eng Premier League,24.0,2000.0,35,35,3119,34.7,1,1,2,1,0,0,10,0,0.06,,,,,,,,,,,,,,,26,6,23.1,0.75,0.17,0.04,0.17,89,91.2,89.0,31,0,,0,1.29,45,49,-4,-0.12,0.78,0,50,36,0,25,50,46,0
112,Sofyan Amrabat,ma MAR,MF,Real Betis,es La Liga,28.0,1996.0,17,14,1295,14.4,0,0,0,0,0,0,4,0,0.0,,,,,,,,,,,,,,,8,1,12.5,0.56,0.07,0.0,0.0,76,37.9,86.0,11,3,28.0,1,1.53,24,18,6,0.42,0.21,0,22,19,0,6,11,13,0
113,Joachim Andersen,dk DEN,DF,Fulham,eng Premier League,29.0,1996.0,33,33,2875,31.9,0,1,1,0,0,0,7,1,0.03,,,,,,,,,,,,,,,16,4,25.0,0.5,0.13,0.0,0.0,87,84.1,87.0,31,0,,1,1.36,41,44,-3,-0.09,0.07,0,30,13,0,15,34,26,0
114,Elliot Anderson,eng ENG,MF,Nottingham Forest,eng Premier League,22.0,2002.0,38,37,3331,37.0,4,4,8,3,1,1,8,0,0.19,,,,,,,,,,,,,,,44,10,22.7,1.19,0.27,0.07,0.3,88,97.4,89.0,33,1,45.0,0,1.16,46,50,-4,-0.11,-1.12,0,57,80,2,175,41,60,0
115,Tomoya Ando,jp JPN,DF,St Pauli,de Bundesliga,26.0,1999.0,15,14,1260,14.0,0,1,1,0,0,0,3,0,0.07,,,,,,,,,,,,,,,8,2,25.0,0.57,0.14,0.0,0.0,84,41.2,88.0,12,1,27.0,2,0.6,12,29,-17,-1.21,-0.51,0,12,12,0,6,14,23,0
117,André,br BRA,MF,Wolves,eng Premier League,24.0,2001.0,35,30,2762,30.7,1,0,1,1,0,0,12,0,0.03,,,,,,,,,,,,,,,15,1,6.7,0.49,0.03,0.07,1.0,79,80.8,86.0,24,5,34.0,0,0.51,19,53,-34,-1.11,-0.15,0,47,43,0,40,25,42,0
118,Benjamin André,fr FRA,MF,Lille,fr Ligue 1,34.0,1990.0,27,26,2332,25.9,2,2,4,2,0,0,9,0,0.15,,,,,,,,,,,,,,,27,6,22.2,1.04,0.23,0.07,0.33,86,76.2,89.0,23,1,18.0,0,1.93,38,20,18,0.69,1.07,0,35,44,3,22,31,40,0
119,Robert Andrich,de GER,"DF,MF",Leverkusen,de Bundesliga,30.0,1994.0,32,29,2546,28.3,2,0,2,2,0,0,6,1,0.07,,,,,,,,,,,,,,,12,3,25.0,0.42,0.11,0.17,0.67,80,83.2,86.0,24,3,16.0,1,1.81,58,43,15,0.53,-0.52,1,30,22,0,13,33,30,0
124,Samuele Angori,it ITA,MF,Pisa,it Serie A,21.0,2003.0,35,30,2599,28.9,0,2,2,0,0,0,2,0,0.07,,,,,,,,,,,,,,,14,3,21.4,0.48,0.1,0.0,0.0,74,76.0,81.0,19,5,35.0,3,0.37,19,52,-33,-1.14,0.17,0,17,54,3,165,23,25,0
127,Ilyas Ansah,de GER,"MF,FW",Union Berlin,de Bundesliga,20.0,2004.0,33,23,1892,21.0,5,1,6,5,0,0,1,0,0.29,,,,,,,,,,,,,,,33,12,36.4,1.57,0.57,0.15,0.42,57,61.8,73.0,3,10,22.0,1,1.18,28,31,-3,-0.14,0.7,0,21,43,9,19,4,9,0
131,Jaidon Anthony,eng ENG,MF,Burnley,eng Premier League,25.0,1999.0,37,32,2722,30.2,8,2,10,8,0,0,4,0,0.33,,,,,,,,,,,,,,,55,23,41.8,1.82,0.76,0.15,0.35,74,79.6,82.0,13,5,17.0,1,0.59,30,59,-29,-0.96,0.07,0,27,47,9,80,16,21,0
132,Waldemar Anton,de GER,DF,Dortmund,de Bundesliga,29.0,1996.0,32,32,2880,32.0,2,0,2,2,0,0,3,0,0.06,,,,,,,,,,,,,,,16,6,37.5,0.5,0.19,0.13,0.33,90,94.1,90.0,32,0,,0,2.16,67,33,34,1.06,0.06,0,26,16,0,12,33,42,0
135,Antony,br BRA,"MF,FW",Real Betis,es La Liga,25.0,2000.0,32,30,2447,27.2,8,6,14,8,0,0,6,1,0.51,,,,,,,,,,,,,,,90,34,37.8,3.31,1.25,0.09,0.24,76,71.5,80.0,13,2,27.0,0,1.53,45,36,9,0.33,0.15,0,20,44,2,66,22,23,0
136,Youssef El-Arabi,ma MAR,FW,Nantes,fr Ligue 1,38.0,1987.0,25,11,941,10.5,3,0,3,3,0,1,0,0,0.29,,,,,,,,,,,,,,,15,9,60.0,1.43,0.86,0.2,0.33,38,30.8,69.0,1,14,13.0,9,0.56,12,14,-2,-0.19,0.7,0,22,23,10,2,4,9,0
137,Mauro Arambarri,uy URU,MF,Getafe,es La Liga,29.0,1995.0,37,37,3249,36.1,6,2,8,4,2,3,6,0,0.17,,,,,,,,,,,,,,,58,19,32.8,1.61,0.53,0.07,0.21,88,95.0,88.0,31,0,,0,1.38,32,37,-5,-0.14,0.39,0,60,67,4,19,21,43,0
138,Jon Aramburu,ve VEN,DF,Real Sociedad,es La Liga,23.0,2002.0,35,31,2773,30.8,1,0,1,1,0,0,11,0,0.03,,,,,,,,,,,,,,,21,5,23.8,0.68,0.16,0.05,0.2,79,81.1,86.0,22,4,28.0,0,1.26,45,49,-4,-0.13,-0.41,0,69,45,3,48,47,66,0
140,Ronald Araújo,uy URU,DF,Barcelona,es La Liga,26.0,1999.0,24,11,1071,11.9,3,0,3,3,0,0,2,0,0.25,,,,,,,,,,,,,,,12,5,41.7,1.01,0.42,0.25,0.6,45,31.3,76.0,7,13,18.0,8,2.5,31,15,16,1.34,-0.3,0,17,3,0,6,10,15,0
141,Carlens Arcus,ht HAI,DF,Angers,fr Ligue 1,29.0,1996.0,26,24,2040,22.7,0,3,3,0,0,0,7,0,0.13,,,,,,,,,,,,,,,9,1,11.1,0.4,0.04,0.0,0.0,78,66.7,84.0,17,2,16.0,2,1.15,19,27,-8,-0.35,0.62,0,33,16,0,38,29,29,0
143,Alphonse Areola,fr FRA,GK,West Ham United,eng Premier League,32.0,1993.0,20,20,1800,20.0,0,1,1,0,0,0,0,0,0.05,37.0,1.85,108.0,76.0,70.4,4.0,5.0,11.0,0.0,0.0,6.0,5.0,0.0,1.0,0,0,,0.0,0.0,,,90,52.6,90.0,20,0,,18,0.85,25,37,-12,-0.6,-0.21,0,1,1,0,0,1,0,0
144,Jesús Areso,es ESP,DF,Athletic Club,es La Liga,26.0,1999.0,26,14,1506,16.7,0,1,1,0,0,0,3,0,0.06,,,,,,,,,,,,,,,3,0,0.0,0.18,0.0,0.0,,58,44.0,83.0,7,12,29.0,11,1.12,18,23,-5,-0.3,0.17,0,19,7,1,86,20,16,0
148,Jhon Arias,co COL,"FW,MF",Wolves,eng Premier League,27.0,1997.0,23,14,1124,12.5,1,0,1,1,0,0,1,0,0.08,,,,,,,,,,,,,,,16,3,18.8,1.28,0.24,0.06,0.33,49,32.9,71.0,2,9,15.0,1,0.35,11,21,-10,-0.8,0.41,0,26,9,3,30,7,27,0
150,Adam Armstrong,eng ENG,"FW,MF",Wolves,eng Premier League,28.0,1997.0,14,14,1140,12.7,2,2,4,1,1,1,3,0,0.24,,,,,,,,,,,,,,,18,6,33.3,1.42,0.47,0.06,0.17,81,33.3,81.0,7,0,,0,0.86,9,20,-11,-0.87,0.32,0,12,3,5,5,1,4,0
152,Maximilian Arnold,de GER,MF,Wolfsburg,de Bundesliga,31.0,1994.0,25,20,1859,20.7,1,4,5,1,0,0,5,0,0.24,,,,,,,,,,,,,,,13,5,38.5,0.63,0.24,0.08,0.2,74,60.8,90.0,20,5,12.0,2,0.92,31,41,-10,-0.48,0.56,0,17,26,0,81,24,15,0
153,Tolu Arokodare,ng NGA,FW,Wolves,eng Premier League,24.0,2000.0,33,13,1419,15.8,3,1,4,3,0,1,1,0,0.25,,,,,,,,,,,,,,,46,16,34.8,2.92,1.01,0.07,0.19,43,41.5,82.0,7,20,18.0,2,0.61,16,28,-12,-0.76,0.54,0,18,17,6,0,5,4,0
155,Kervin Arriaga,hn HON,MF,Levante,es La Liga,27.0,1998.0,27,16,1532,17.0,3,3,6,3,0,0,8,1,0.35,,,,,,,,,,,,,,,16,6,37.5,0.94,0.35,0.19,0.5,57,44.8,80.0,10,11,22.0,4,1.19,23,29,-6,-0.35,0.03,1,22,22,1,5,14,26,0
157,Arthur,br BRA,MF,Leverkusen,de Bundesliga,22.0,2003.0,20,13,1136,12.6,1,3,4,1,0,0,3,0,0.32,,,,,,,,,,,,,,,10,2,20.0,0.79,0.16,0.1,0.5,57,37.1,73.0,7,7,26.0,3,1.8,25,18,7,0.55,-0.1,0,19,10,3,33,18,12,0
159,Raúl Asencio,es ESP,DF,Real Madrid,es La Liga,22.0,2003.0,23,18,1708,19.0,2,0,2,2,0,0,4,0,0.11,,,,,,,,,,,,,,,14,4,28.6,0.74,0.21,0.14,0.5,74,49.9,85.0,14,5,34.0,10,2.22,37,17,20,1.05,-0.1,0,17,23,0,1,10,12,0
160,Fisnik Asllani,xk KVX,"FW,MF",Hoffenheim,de Bundesliga,22.0,2002.0,33,31,2335,25.9,10,7,17,10,0,0,2,0,0.66,,,,,,,,,,,,,,,73,28,38.4,2.81,1.08,0.14,0.36,71,76.3,74.0,4,2,24.0,1,1.76,50,41,9,0.35,-0.15,0,26,37,14,10,5,7,0
161,Kristjan Asllani,al ALB,MF,Torino,it Serie A,23.0,2002.0,15,13,1129,12.5,0,0,0,0,0,1,3,0,0.0,,,,,,,,,,,,,,,20,4,20.0,1.59,0.32,0.0,0.0,75,33.0,82.0,5,2,29.0,4,1.27,13,20,-7,-0.56,-0.09,0,7,14,0,52,12,14,0
163,Iago Aspas,es ESP,"FW,MF",Celta Vigo,es La Liga,37.0,1987.0,32,11,1140,12.7,5,3,8,3,2,2,4,0,0.47,,,,,,,,,,,,,,,28,12,42.9,2.21,0.95,0.11,0.25,36,33.3,69.0,1,21,18.0,4,1.36,22,12,10,0.79,0.99,0,5,17,0,24,12,11,0
165,Lorenz Assignon,tg TOG,"DF,MF",Stuttgart,de Bundesliga,25.0,2000.0,24,12,1094,12.2,0,0,0,0,0,0,3,1,0.0,,,,,,,,,,,,,,,12,4,33.3,0.99,0.33,0.0,0.0,46,35.8,80.0,4,12,11.0,6,2.0,28,13,15,1.23,0.91,0,19,7,1,40,15,15,0
166,Dehmaine Assoumani,fr FRA,MF,Nantes,fr Ligue 1,20.0,2005.0,27,14,1276,14.2,1,0,1,1,0,0,5,0,0.07,,,,,,,,,,,,,,,29,7,24.1,2.05,0.49,0.03,0.14,47,41.7,74.0,2,13,19.0,1,0.7,14,19,-5,-0.35,0.56,0,23,20,0,88,16,18,0
168,Otavio Ataide,br BRA,DF,Paris FC,fr Ligue 1,23.0,2002.0,23,21,1901,21.1,1,0,1,1,0,0,6,1,0.05,,,,,,,,,,,,,,,12,3,25.0,0.57,0.14,0.08,0.33,83,62.1,88.0,17,2,26.0,6,1.39,27,31,-4,-0.19,-0.27,0,24,33,1,6,27,29,0
170,Arthur Atta,fr FRA,MF,Udinese,it Serie A,22.0,2003.0,32,29,2557,28.4,5,3,8,5,0,0,3,0,0.28,,,,,,,,,,,,,,,57,20,35.1,2.01,0.7,0.09,0.25,80,74.8,85.0,19,3,31.0,0,1.34,31,36,-5,-0.18,-0.38,0,23,32,8,56,23,17,0
171,Noah Atubolu,de GER,GK,Freiburg,de Bundesliga,23.0,2002.0,34,34,3060,34.0,0,0,0,0,0,0,1,0,0.0,57.0,1.68,156.0,100.0,63.5,13.0,8.0,13.0,6.0,17.6,1.0,0.0,1.0,0.0,0,0,,0.0,0.0,,,90,100.0,90.0,34,0,,0,1.38,51,57,-6,-0.18,,0,0,6,0,0,1,0,0
172,Pierre-Emerick Aubameyang,ga GAB,FW,Marseille,fr Ligue 1,36.0,1989.0,30,23,2039,22.7,10,5,15,10,0,0,1,0,0.66,,,,,,,,,,,,,,,60,34,56.7,2.65,1.5,0.17,0.29,68,66.6,79.0,8,7,31.0,3,1.67,43,26,17,0.75,0.66,0,19,16,9,30,7,6,0
173,Emil Audero,id IDN,GK,Cremonese,it Serie A,28.0,1997.0,34,34,3060,34.0,0,0,0,0,0,0,0,0,0.0,50.0,1.47,167.0,123.0,72.5,8.0,7.0,19.0,11.0,32.4,6.0,4.0,2.0,0.0,0,0,,0.0,0.0,,,90,89.5,90.0,34,0,,2,0.91,28,50,-22,-0.65,0.1,0,0,6,0,0,0,0,0
174,Carlos Augusto,br BRA,"MF,DF",Inter,it Serie A,26.0,1999.0,34,18,1763,19.6,1,1,2,1,0,0,6,0,0.1,,,,,,,,,,,,,,,20,6,30.0,1.02,0.31,0.05,0.17,52,51.5,81.0,12,16,19.0,2,2.29,41,19,22,1.12,-0.61,0,26,13,0,46,19,22,0
175,Yann Aurel Bisseck,de GER,DF,Inter,it Serie A,24.0,2000.0,23,21,1922,21.4,3,1,4,3,0,0,2,0,0.19,,,,,,,,,,,,,,,25,12,48.0,1.17,0.56,0.12,0.25,84,56.2,89.0,19,2,24.0,12,2.3,50,19,31,1.45,0.07,0,21,16,3,12,23,18,0
176,Leon Avdullahu,xk KVX,MF,Hoffenheim,de Bundesliga,21.0,2004.0,33,32,2834,31.5,0,1,1,0,0,0,5,0,0.03,,,,,,,,,,,,,,,14,2,14.3,0.44,0.06,0.0,0.0,86,92.6,88.0,27,1,30.0,0,1.85,63,44,19,0.6,2.99,0,27,12,1,15,33,30,0
178,Arthur Avom,cm CMR,MF,Lorient,fr Ligue 1,20.0,2004.0,31,22,2119,23.5,2,1,3,2,0,0,3,0,0.13,,,,,,,,,,,,,,,21,6,28.6,0.89,0.25,0.1,0.33,68,69.2,87.0,17,9,23.0,1,1.29,30,31,-1,-0.04,0.15,0,23,38,0,45,28,31,1
179,Chidozie Awaziem,ng NGA,DF,Nantes,fr Ligue 1,28.0,1997.0,27,26,2321,25.8,1,2,3,1,0,0,7,0,0.12,,,,,,,,,,,,,,,11,4,36.4,0.43,0.16,0.09,0.25,86,75.8,89.0,24,1,12.0,5,0.67,22,40,-18,-0.7,-0.09,0,23,21,1,2,20,20,1
181,Yasin Ayari,se SWE,MF,Brighton,eng Premier League,21.0,2003.0,29,20,1929,21.4,3,3,6,3,0,0,1,0,0.28,,,,,,,,,,,,,,,41,10,24.4,1.91,0.47,0.07,0.3,67,56.4,86.0,15,9,22.0,2,1.55,32,24,8,0.37,0.49,0,24,28,0,24,26,25,0
182,Neil El Aynaoui,ma MAR,MF,Roma,it Serie A,24.0,2001.0,25,8,999,11.1,1,2,3,1,0,0,5,0,0.27,,,,,,,,,,,,,,,6,4,66.7,0.54,0.36,0.17,0.25,40,29.2,69.0,3,17,26.0,5,2.04,18,11,7,0.63,-0.15,0,23,10,2,17,18,10,0
184,César Azpilicueta,es ESP,DF,Sevilla,es La Liga,35.0,1989.0,17,17,1213,13.5,0,1,1,0,0,0,4,0,0.07,,,,,,,,,,,,,,,1,0,0.0,0.07,0.0,0.0,,71,35.5,71.0,10,0,,4,1.24,18,16,2,0.15,0.8,0,24,9,1,12,22,19,0
186,Mio Backhaus,de GER,GK,Werder Bremen,de Bundesliga,21.0,2004.0,32,32,2880,32.0,0,0,0,0,0,0,1,0,0.0,56.0,1.75,151.0,100.0,66.2,7.0,8.0,17.0,5.0,15.6,5.0,5.0,0.0,0.0,0,0,,0.0,0.0,,,90,94.1,90.0,32,0,,0,0.91,36,56,-20,-0.62,0.87,0,0,13,0,0,0,0,1
187,Loïc Bade,fr FRA,DF,Leverkusen,de Bundesliga,25.0,2000.0,23,19,1653,18.4,0,0,0,0,0,0,4,0,0.0,,,,,,,,,,,,,,,12,4,33.3,0.65,0.22,0.0,0.0,72,54.0,83.0,15,4,21.0,4,1.83,37,24,13,0.71,0.2,0,11,4,0,4,21,19,1
189,Alex Baena,es ESP,"MF,FW",Atlético Madrid,es La Liga,24.0,2001.0,27,21,1560,17.3,2,3,5,2,0,0,5,0,0.29,,,,,,,,,,,,,,,29,7,24.1,1.67,0.4,0.07,0.29,58,45.6,68.0,4,6,24.0,3,1.67,27,20,7,0.4,-0.13,0,26,29,9,117,16,11,0
190,Samson Baidoo,at AUT,DF,Lens,fr Ligue 1,21.0,2004.0,23,20,1827,20.3,2,1,3,2,0,0,2,0,0.15,,,,,,,,,,,,,,,16,4,25.0,0.79,0.2,0.13,0.5,79,59.7,87.0,18,3,30.0,1,2.22,38,14,24,1.18,0.67,0,20,5,1,0,25,23,0
193,Eric Bailly,ci CIV,DF,Oviedo,es La Liga,31.0,1994.0,15,15,1234,13.7,1,0,1,1,0,0,3,0,0.07,,,,,,,,,,,,,,,6,1,16.7,0.44,0.07,0.17,1.0,82,36.1,82.0,13,0,,16,0.93,13,22,-9,-0.66,0.37,0,13,7,0,1,17,10,0
200,Ridle Baku,de GER,DF,RB Leipzig,de Bundesliga,27.0,1998.0,32,28,2504,27.8,2,3,5,2,0,0,4,0,0.18,,,,,,,,,,,,,,,30,6,20.0,1.08,0.22,0.07,0.33,78,81.8,86.0,14,4,26.0,0,1.94,50,36,14,0.5,-0.31,0,23,22,4,59,31,40,0
206,Alejandro Balde,es ESP,DF,Barcelona,es La Liga,21.0,2003.0,28,21,1869,20.8,0,2,2,0,0,0,2,0,0.1,,,,,,,,,,,,,,,10,1,10.0,0.48,0.05,0.0,0.0,67,54.6,78.0,8,7,33.0,3,2.29,49,24,25,1.2,-0.77,0,14,25,4,25,6,21,0
208,Carlos Baleba,cm CMR,MF,Brighton,eng Premier League,21.0,2004.0,31,23,1652,18.4,0,0,0,0,0,0,5,0,0.0,,,,,,,,,,,,,,,20,2,10.0,1.09,0.11,0.0,0.0,53,48.3,66.0,3,8,16.0,1,1.39,20,20,0,0.0,-0.31,0,31,24,0,0,28,21,0
209,Leonardo Balerdi,ar ARG,DF,Marseille,fr Ligue 1,26.0,1999.0,26,21,2001,22.2,0,1,1,0,0,0,5,0,0.04,,,,,,,,,,,,,,,20,5,25.0,0.9,0.22,0.0,0.0,77,65.4,89.0,19,5,26.0,1,1.73,46,33,13,0.58,0.16,0,23,21,0,2,27,28,0
210,Daniel Ballard,nir NIR,DF,Sunderland,eng Premier League,25.0,1999.0,29,24,2149,23.9,2,0,2,2,0,0,4,1,0.08,,,,,,,,,,,,,,,26,9,34.6,1.09,0.38,0.08,0.22,74,62.8,82.0,20,5,35.0,0,1.21,29,34,-5,-0.21,-0.14,0,29,29,3,1,20,17,0
214,Folarin Balogun,us USA,FW,Monaco,fr Ligue 1,24.0,2001.0,30,26,2230,24.8,13,4,17,10,3,3,4,1,0.57,,,,,,,,,,,,,,,77,32,41.6,3.11,1.29,0.13,0.31,74,72.9,79.0,8,4,41.0,1,1.6,43,36,7,0.28,0.39,0,44,37,17,14,4,6,0
218,Lameck Banda,zm ZAM,"MF,FW",Lecce,it Serie A,24.0,2001.0,32,21,1752,19.5,5,4,9,5,0,0,6,1,0.46,,,,,,,,,,,,,,,38,15,39.5,1.95,0.77,0.13,0.33,55,51.2,68.0,2,11,29.0,3,1.09,20,22,-2,-0.1,0.98,0,44,49,3,90,7,17,0
219,Noahkai Banks,us USA,DF,Augsburg,de Bundesliga,18.0,2006.0,23,20,1725,19.2,1,1,2,1,0,0,8,0,0.1,,,,,,,,,,,,,,,9,5,55.6,0.47,0.26,0.11,0.2,75,56.4,83.0,14,3,21.0,9,1.09,22,31,-9,-0.47,0.0,0,29,18,3,4,18,29,0
221,Tommaso Barbieri,it ITA,MF,Cremonese,it Serie A,22.0,2002.0,29,18,1707,19.0,0,1,1,0,0,0,8,0,0.05,,,,,,,,,,,,,,,16,2,12.5,0.84,0.11,0.0,0.0,59,49.9,82.0,10,11,21.0,5,0.86,19,25,-6,-0.32,0.68,0,40,26,1,78,14,26,0
222,Valentín Barco,ar ARG,MF,Strasbourg,fr Ligue 1,21.0,2004.0,27,24,2168,24.1,2,4,6,2,0,0,5,1,0.25,,,,,,,,,,,,,,,27,10,37.0,1.12,0.42,0.07,0.2,80,70.8,86.0,18,3,36.0,0,1.81,45,33,12,0.5,0.6,0,24,61,2,103,14,33,0
223,Bradley Barcola,fr FRA,FW,Paris Saint-Germain,fr Ligue 1,22.0,2002.0,29,21,1743,19.4,11,1,12,11,0,0,2,0,0.62,,,,,,,,,,,,,,,66,30,45.5,3.41,1.55,0.17,0.37,60,57.0,72.0,6,8,30.0,2,2.31,41,15,26,1.34,0.04,0,20,10,6,26,12,16,0
224,Melvin Bard,fr FRA,"DF,MF",Nice,fr Ligue 1,24.0,2000.0,29,26,2394,26.6,2,1,3,2,0,0,4,0,0.11,,,,,,,,,,,,,,,15,5,33.3,0.56,0.19,0.13,0.4,83,78.2,88.0,23,3,39.0,0,0.9,25,51,-26,-0.98,-1.38,0,26,27,3,77,41,29,0
226,Nicolò Barella,it ITA,MF,Inter,it Serie A,28.0,1997.0,34,31,2517,28.0,3,8,11,3,0,0,7,0,0.39,,,,,,,,,,,,,,,35,5,14.3,1.25,0.18,0.09,0.6,74,73.6,78.0,11,3,29.0,1,2.26,61,25,36,1.29,-0.51,0,33,22,4,102,9,31,0
230,Harvey Barnes,eng ENG,"FW,MF",Newcastle United,eng Premier League,27.0,1997.0,37,19,1966,21.8,7,1,8,7,0,0,1,0,0.37,,,,,,,,,,,,,,,58,21,36.2,2.66,0.96,0.12,0.33,53,57.5,79.0,7,18,26.0,1,1.24,35,31,4,0.18,0.55,0,17,23,3,74,3,5,0
231,Ander Barrenetxea,es ESP,MF,Real Sociedad,es La Liga,23.0,2001.0,30,22,1763,19.6,3,5,8,3,0,0,5,0,0.41,,,,,,,,,,,,,,,35,11,31.4,1.79,0.56,0.09,0.27,59,51.5,69.0,5,8,30.0,0,1.27,29,27,2,0.1,0.32,0,37,30,5,72,17,18,0
232,Pablo Barrios,es ESP,MF,Atlético Madrid,es La Liga,22.0,2003.0,23,20,1661,18.5,1,1,2,1,0,0,0,0,0.11,,,,,,,,,,,,,,,23,6,26.1,1.25,0.33,0.04,0.17,72,48.6,78.0,13,3,34.0,0,1.96,30,16,14,0.76,0.55,0,12,23,0,30,26,16,0
233,Thierno Barry,fr FRA,FW,Everton,eng Premier League,22.0,2002.0,38,21,1914,21.3,8,0,8,8,0,0,3,0,0.38,,,,,,,,,,,,,,,38,14,36.8,1.79,0.66,0.21,0.57,50,56.0,76.0,3,17,19.0,0,1.29,24,34,-10,-0.47,-0.89,0,46,8,13,4,5,4,0
234,Davide Bartesaghi,it ITA,"MF,DF",Milan,it Serie A,19.0,2005.0,31,27,2441,27.1,2,0,2,2,0,0,3,0,0.07,,,,,,,,,,,,,,,22,7,31.8,0.81,0.26,0.09,0.29,79,71.4,86.0,20,4,30.0,7,1.77,34,27,7,0.26,-0.75,0,18,14,4,139,15,35,1
235,Marc Bartra,es ESP,DF,Real Betis,es La Liga,34.0,1991.0,25,21,1978,22.0,1,0,1,1,0,0,3,0,0.05,,,,,,,,,,,,,,,16,5,31.3,0.73,0.23,0.06,0.2,79,57.8,86.0,19,4,45.0,5,1.56,29,29,0,0.0,-0.69,0,15,11,0,2,29,18,1
236,Federico Baschirotto,it ITA,DF,Cremonese,it Serie A,28.0,1996.0,29,29,2540,28.2,2,0,2,2,0,0,2,0,0.07,,,,,,,,,,,,,,,12,5,41.7,0.43,0.18,0.17,0.4,88,74.3,88.0,28,0,,1,0.86,21,38,-17,-0.6,0.22,0,45,9,1,8,24,13,0
237,Toma Bašić,hr CRO,MF,Lazio,it Serie A,28.0,1996.0,23,23,1735,19.3,2,3,5,2,0,0,0,1,0.26,,,,,,,,,,,,,,,30,12,40.0,1.56,0.62,0.07,0.17,75,50.7,75.0,10,0,,3,1.52,22,20,2,0.1,0.16,0,20,19,0,48,9,16,0
238,Calvin Bassey,ng NGA,DF,Fulham,eng Premier League,25.0,1999.0,30,28,2534,28.2,1,0,1,1,0,0,5,0,0.04,,,,,,,,,,,,,,,12,1,8.3,0.43,0.04,0.08,1.0,84,74.1,90.0,28,2,7.0,2,1.27,36,40,-4,-0.14,-0.14,0,28,40,1,14,22,32,0
239,Alessandro Bastoni,it ITA,DF,Inter,it Serie A,26.0,1999.0,28,28,2239,24.9,1,4,5,1,0,0,6,0,0.2,,,,,,,,,,,,,,,17,8,47.1,0.68,0.32,0.06,0.13,80,65.5,80.0,16,0,,7,2.39,62,21,41,1.65,0.66,0,45,20,0,85,21,39,0
240,Augusto Batalla,ar ARG,GK,Rayo Vallecano,es La Liga,29.0,1996.0,34,34,3060,34.0,0,0,0,0,0,0,6,0,0.0,37.0,1.09,122.0,91.0,73.8,10.0,13.0,11.0,11.0,32.4,6.0,5.0,1.0,0.0,0,0,,0.0,0.0,,,90,89.5,90.0,34,0,,2,1.31,36,37,-1,-0.03,0.47,0,1,4,0,0,0,1,0
242,Martin Baturina,hr CRO,"MF,FW",Como,it Serie A,22.0,2003.0,29,17,1569,17.4,6,3,9,6,0,0,0,0,0.52,,,,,,,,,,,,,,,28,9,32.1,1.61,0.52,0.21,0.67,54,45.9,77.0,5,12,22.0,8,1.76,34,17,17,0.98,0.05,0,15,44,0,77,5,14,0
243,Daniel Batz,de GER,GK,Mainz 05,de Bundesliga,34.0,1991.0,21,21,1890,21.0,0,0,0,0,0,0,2,0,0.0,27.0,1.29,96.0,70.0,72.9,9.0,7.0,5.0,4.0,19.0,1.0,1.0,0.0,0.0,0,0,,0.0,0.0,,,90,61.8,90.0,21,0,,4,1.62,32,27,5,0.24,1.32,0,0,1,0,0,0,0,0
245,Oliver Baumann,de GER,GK,Hoffenheim,de Bundesliga,35.0,1990.0,34,34,3060,34.0,0,0,0,0,0,0,3,0,0.0,52.0,1.53,145.0,98.0,67.6,18.0,7.0,9.0,7.0,20.6,7.0,5.0,0.0,2.0,0,0,,0.0,0.0,,,90,100.0,90.0,34,0,,0,1.79,65,52,13,0.38,,0,1,6,0,0,1,0,0
246,Christoph Baumgartner,at AUT,MF,RB Leipzig,de Bundesliga,25.0,1999.0,33,32,2780,30.9,13,8,21,13,0,1,10,0,0.68,,,,,,,,,,,,,,,81,35,43.2,2.62,1.13,0.16,0.37,84,90.8,86.0,18,1,22.0,0,1.97,63,37,26,0.84,3.09,0,63,33,4,6,22,40,0
253,Sheraldo Becker,sr SUR,FW,Mainz 05,de Bundesliga,30.0,1995.0,14,11,946,10.5,3,3,6,3,0,0,2,0,0.57,,,,,,,,,,,,,,,29,15,51.7,2.76,1.43,0.1,0.2,68,30.9,77.0,1,3,35.0,0,1.57,16,8,8,0.76,1.48,0,13,8,10,31,3,0,0
256,Hannes Behrens,de GER,"DF,MF",Heidenheim,de Bundesliga,20.0,2005.0,16,15,1318,14.6,1,2,3,1,0,0,0,0,0.2,,,,,,,,,,,,,,,9,4,44.4,0.61,0.27,0.11,0.25,82,43.1,87.0,13,1,14.0,0,0.81,23,29,-6,-0.41,0.88,0,5,27,1,59,18,18,1
257,Maximilian Beier,de GER,"MF,FW",Dortmund,de Bundesliga,22.0,2002.0,32,24,2026,22.5,9,6,15,9,0,0,3,0,0.67,,,,,,,,,,,,,,,50,20,40.0,2.22,0.89,0.18,0.45,63,66.2,77.0,4,8,23.0,1,2.16,48,18,30,1.33,0.81,0,31,24,3,28,11,16,0
262,Rafik Belghali,dz ALG,MF,Hellas Verona,it Serie A,23.0,2002.0,26,22,1920,21.3,2,0,2,2,0,0,6,0,0.09,,,,,,,,,,,,,,,21,6,28.6,0.98,0.28,0.1,0.33,74,56.1,82.0,12,4,29.0,1,0.58,15,28,-13,-0.61,0.77,0,20,10,6,60,17,13,0
263,Haris Belkebla,dz ALG,MF,Angers,fr Ligue 1,31.0,1994.0,33,33,2875,31.9,0,0,0,0,0,0,7,0,0.0,,,,,,,,,,,,,,,5,0,0.0,0.16,0.0,0.0,,87,94.0,87.0,28,0,,0,1.0,28,47,-19,-0.59,-0.59,0,24,54,0,5,30,44,0
264,Yassin Belkhdim,fr FRA,MF,Angers,fr Ligue 1,23.0,2002.0,27,26,2135,23.7,2,2,4,2,0,0,5,0,0.17,,,,,,,,,,,,,,,33,14,42.4,1.39,0.59,0.06,0.14,79,69.8,81.0,11,1,30.0,0,1.22,17,32,-15,-0.63,-0.24,0,29,29,2,42,32,43,0
265,Stefan Bell,de GER,DF,Mainz 05,de Bundesliga,33.0,1991.0,18,13,1039,11.5,2,1,3,2,0,0,4,0,0.26,,,,,,,,,,,,,,,12,5,41.7,1.04,0.43,0.17,0.4,58,34.0,71.0,6,5,24.0,5,1.06,18,21,-3,-0.26,0.01,0,15,8,1,1,19,6,0
266,Armel Bella Kotchap,de GER,DF,Hellas Verona,it Serie A,23.0,2001.0,19,14,1347,15.0,0,0,0,0,0,0,3,0,0.0,,,,,,,,,,,,,,,3,0,0.0,0.2,0.0,0.0,,71,39.4,83.0,10,5,36.0,5,0.58,13,27,-14,-0.94,0.02,0,22,17,0,1,29,12,0
267,Raoul Bellanova,it ITA,MF,Atalanta,it Serie A,25.0,2000.0,24,15,1377,15.3,0,1,1,0,0,0,2,0,0.07,,,,,,,,,,,,,,,13,5,38.5,0.85,0.33,0.0,0.0,57,40.3,75.0,9,9,29.0,4,1.38,19,26,-7,-0.46,-1.43,0,5,12,2,84,10,9,0
268,Jean-Ricner Bellegarde,ht HAI,"MF,FW",Wolves,eng Premier League,27.0,1998.0,26,15,1248,13.9,1,1,2,1,0,0,5,0,0.14,,,,,,,,,,,,,,,21,7,33.3,1.51,0.5,0.05,0.14,48,36.5,68.0,1,11,21.0,2,0.46,10,30,-20,-1.44,-0.57,0,20,41,0,25,9,15,0
269,Héctor Bellerín,es ESP,DF,Real Betis,es La Liga,30.0,1995.0,27,20,1822,20.2,2,3,5,2,0,0,2,0,0.25,,,,,,,,,,,,,,,7,5,71.4,0.35,0.25,0.29,0.4,67,53.3,83.0,14,7,24.0,3,1.56,33,27,6,0.3,0.01,0,15,4,2,29,14,16,0
270,Jobe Bellingham,eng ENG,MF,Dortmund,de Bundesliga,19.0,2005.0,32,20,1786,19.8,0,1,1,0,0,0,2,1,0.05,,,,,,,,,,,,,,,19,6,31.6,0.96,0.3,0.0,0.0,56,58.4,80.0,11,12,15.0,0,2.16,44,20,24,1.21,0.36,0,15,20,0,5,41,23,0
271,Jude Bellingham,eng ENG,MF,Real Madrid,es La Liga,22.0,2003.0,28,22,1916,21.3,6,4,10,6,0,0,3,0,0.47,,,,,,,,,,,,,,,51,26,51.0,2.4,1.22,0.12,0.23,68,56.0,81.0,14,6,21.0,0,2.21,42,19,23,1.08,-0.06,0,33,55,4,16,14,37,0
272,Jeanuël Belocian,fr FRA,DF,Wolfsburg,de Bundesliga,20.0,2005.0,14,14,1254,13.9,0,1,1,0,0,0,3,0,0.07,,,,,,,,,,,,,,,3,0,0.0,0.22,0.0,0.0,,90,41.0,90.0,13,0,,0,0.71,17,26,-9,-0.65,0.1,0,18,8,0,4,16,17,0
275,Fran Beltrán,es ESP,MF,Girona,es La Liga,26.0,1999.0,17,11,1012,11.2,1,0,1,1,0,0,3,0,0.09,,,,,,,,,,,,,,,10,3,30.0,0.89,0.27,0.1,0.33,60,29.6,77.0,3,6,27.0,1,1.0,9,10,-1,-0.09,0.47,0,10,9,0,8,11,14,0
277,Lucas Beltrán,ar ARG,FW,Valencia,es La Liga,24.0,2001.0,27,16,1365,15.2,1,2,3,1,0,0,1,0,0.2,,,,,,,,,,,,,,,34,9,26.5,2.24,0.59,0.03,0.11,51,39.9,69.0,2,11,23.0,0,1.07,17,21,-4,-0.26,-0.04,0,26,39,4,10,4,10,0
286,Ramy Bensebaini,dz ALG,DF,Dortmund,de Bundesliga,30.0,1995.0,21,15,1530,17.0,5,2,7,3,2,2,6,0,0.29,,,,,,,,,,,,,,,17,7,41.2,1.0,0.41,0.18,0.43,73,50.0,89.0,14,6,32.0,4,2.05,35,13,22,1.29,0.47,0,31,16,1,11,18,14,0
287,Nabil Bentaleb,dz ALG,MF,Lille,fr Ligue 1,30.0,1994.0,26,13,1287,14.3,2,2,4,1,1,1,3,0,0.21,,,,,,,,,,,,,,,18,6,33.3,1.26,0.42,0.06,0.17,50,42.1,82.0,9,13,17.0,1,2.0,30,19,11,0.77,0.57,0,14,18,0,24,15,12,0
288,Rodrigo Bentancur,uy URU,MF,Tottenham Hotspur,eng Premier League,28.0,1997.0,26,23,1883,20.9,1,1,2,1,0,0,7,0,0.1,,,,,,,,,,,,,,,13,3,23.1,0.62,0.14,0.08,0.33,72,55.1,79.0,11,3,21.0,1,1.35,28,25,3,0.14,0.85,0,19,8,1,7,36,36,0
290,Lucas Beraldo,br BRA,"DF,MF",Paris Saint-Germain,fr Ligue 1,21.0,2003.0,20,18,1567,17.4,2,1,3,2,0,0,2,0,0.17,,,,,,,,,,,,,,,14,4,28.6,0.8,0.23,0.14,0.5,78,51.2,84.0,14,2,25.0,13,2.3,38,15,23,1.32,-0.01,0,15,7,0,2,18,21,0
291,Domenico Berardi,it ITA,FW,Sassuolo,it Serie A,30.0,1994.0,26,24,1958,21.8,8,4,12,6,2,3,2,1,0.46,,,,,,,,,,,,,,,40,21,52.5,1.84,0.97,0.15,0.29,75,57.3,79.0,9,2,30.0,0,1.27,30,30,0,0.0,0.25,0,31,34,12,58,24,17,0
292,Yuri Berchiche,es ESP,DF,Athletic Club,es La Liga,35.0,1990.0,32,31,2705,30.1,0,6,6,0,0,0,5,0,0.2,,,,,,,,,,,,,,,24,5,20.8,0.8,0.17,0.0,0.0,85,79.1,86.0,27,1,45.0,2,1.38,36,40,-4,-0.13,1.25,0,26,34,3,64,34,29,0
293,Álex Berenguer,es ESP,MF,Athletic Club,es La Liga,30.0,1995.0,31,25,2154,23.9,2,3,5,2,0,0,4,0,0.21,,,,,,,,,,,,,,,44,20,45.5,1.84,0.84,0.05,0.1,69,63.0,78.0,10,6,32.0,1,0.97,24,31,-7,-0.29,0.28,0,28,38,6,199,13,17,1
294,Sander Berge,no NOR,MF,Fulham,eng Premier League,27.0,1998.0,35,34,2905,32.3,0,1,1,0,0,0,5,0,0.03,,,,,,,,,,,,,,,14,3,21.4,0.43,0.09,0.0,0.0,83,84.9,85.0,25,1,17.0,2,1.46,43,45,-2,-0.06,0.29,0,35,14,1,13,26,41,1
296,Lucas Bergvall,se SWE,MF,Tottenham Hotspur,eng Premier League,19.0,2006.0,23,11,965,10.7,1,3,4,1,0,0,2,0,0.37,,,,,,,,,,,,,,,12,5,41.7,1.12,0.47,0.08,0.2,42,28.2,66.0,0,12,20.0,5,1.17,14,18,-4,-0.37,-0.19,0,24,7,3,19,3,14,0
299,Adrian Bernabe,es ESP,MF,Parma,it Serie A,24.0,2001.0,32,31,2470,27.4,3,1,4,3,0,0,0,0,0.15,,,,,,,,,,,,,,,50,12,24.0,1.82,0.44,0.06,0.25,77,72.2,79.0,6,1,32.0,0,1.28,20,33,-13,-0.47,0.0,0,15,61,1,81,17,23,0
302,Federico Bernardeschi,it ITA,"MF,FW",Bologna,it Serie A,31.0,1994.0,29,12,1217,13.5,4,2,6,3,1,1,3,0,0.37,,,,,,,,,,,,,,,39,13,33.3,2.88,0.96,0.08,0.23,42,35.6,72.0,0,17,21.0,2,1.66,17,10,7,0.52,0.68,0,13,11,2,48,6,6,0
303,Bernardo,br BRA,DF,Hoffenheim,de Bundesliga,30.0,1995.0,29,26,2312,25.7,0,0,0,0,0,0,9,0,0.0,,,,,,,,,,,,,,,10,0,0.0,0.39,0.0,0.0,,80,75.6,86.0,17,3,28.0,1,1.76,45,35,10,0.39,0.03,0,42,11,2,16,39,42,0
304,Lorenzo Bernasconi,it ITA,MF,Atalanta,it Serie A,21.0,2003.0,23,17,1572,17.5,0,3,3,0,0,0,3,0,0.17,,,,,,,,,,,,,,,9,1,11.1,0.52,0.06,0.0,0.0,68,46.0,83.0,13,6,26.0,10,1.91,22,9,13,0.74,0.65,0,8,5,3,113,14,16,0
305,Antoine Bernede,fr FRA,MF,Hellas Verona,it Serie A,26.0,1999.0,32,29,2301,25.6,1,2,3,1,0,0,2,0,0.12,,,,,,,,,,,,,,,21,4,19.0,0.82,0.16,0.05,0.25,72,67.3,76.0,10,3,29.0,1,0.56,18,38,-20,-0.78,0.5,0,55,20,1,25,16,39,0
306,Nicolò Bertola,it ITA,"DF,MF",Udinese,it Serie A,22.0,2003.0,28,18,1763,19.6,0,1,1,0,0,0,3,0,0.05,,,,,,,,,,,,,,,13,4,30.8,0.66,0.2,0.0,0.0,63,51.5,82.0,11,10,28.0,5,1.46,24,25,-1,-0.05,0.06,0,19,12,1,8,24,21,0
307,Jan-Niklas Beste,de GER,MF,Freiburg,de Bundesliga,26.0,1999.0,28,20,1704,18.9,2,2,4,2,0,0,5,0,0.21,,,,,,,,,,,,,,,24,14,58.3,1.27,0.74,0.08,0.14,61,55.7,77.0,6,8,21.0,1,1.54,33,25,8,0.42,1.35,0,17,36,5,106,17,24,0
308,Beto,gw GNB,FW,Everton,eng Premier League,27.0,1998.0,37,17,1568,17.4,9,1,10,9,0,0,3,0,0.57,,,,,,,,,,,,,,,43,17,39.5,2.47,0.98,0.21,0.53,42,45.8,71.0,1,20,18.0,0,1.32,25,19,6,0.34,0.78,0,32,12,9,2,1,5,0
310,Sam Beukema,nl NED,DF,Napoli,it Serie A,26.0,1998.0,24,18,1681,18.7,2,0,2,2,0,0,2,0,0.11,,,,,,,,,,,,,,,8,4,50.0,0.43,0.21,0.25,0.5,70,49.2,86.0,15,6,23.0,11,2.04,29,19,10,0.54,-0.09,0,19,5,1,6,14,17,0
311,Matteo Bianchetti,it ITA,DF,Cremonese,it Serie A,32.0,1993.0,27,25,2192,24.4,0,2,2,0,0,0,4,0,0.08,,,,,,,,,,,,,,,7,1,14.3,0.29,0.04,0.0,0.0,81,64.1,84.0,16,2,50.0,8,1.15,28,37,-9,-0.37,0.8,0,28,15,0,6,19,30,0
312,Mika Biereth,dk DEN,FW,Monaco,fr Ligue 1,22.0,2003.0,32,12,1074,11.9,2,2,4,2,0,0,0,0,0.34,,,,,,,,,,,,,,,19,7,36.8,1.59,0.59,0.11,0.29,34,35.1,67.0,1,20,13.0,2,1.56,19,23,-4,-0.34,-0.79,0,16,14,9,9,0,7,0
313,Pedro Bigas,es ESP,DF,Elche,es La Liga,34.0,1990.0,28,25,2063,22.9,1,3,4,1,0,0,5,1,0.17,,,,,,,,,,,,,,,10,3,30.0,0.44,0.13,0.1,0.33,74,60.3,81.0,15,3,15.0,6,1.29,30,30,0,0.0,0.53,1,24,19,0,26,30,22,0
314,Justin Bijlow,nl NED,GK,Genoa,it Serie A,27.0,1998.0,16,16,1395,15.5,0,0,0,0,0,0,1,0,0.0,20.0,1.29,60.0,45.0,75.0,6.0,3.0,7.0,5.0,31.3,5.0,5.0,0.0,0.0,0,0,,0.0,0.0,,,87,40.8,87.0,15,0,,1,1.31,19,20,-1,-0.06,0.34,0,1,1,0,0,0,0,0
315,Jaka Bijol,si SVN,DF,Leeds United,eng Premier League,26.0,1999.0,25,21,1890,21.0,1,2,3,1,0,0,4,0,0.14,,,,,,,,,,,,,,,15,6,40.0,0.71,0.29,0.07,0.17,76,55.3,85.0,16,4,25.0,9,1.28,29,26,3,0.14,0.73,0,19,10,0,1,22,13,0
318,Tom Bischof,de GER,"DF,MF",Bayern Munich,de Bundesliga,20.0,2005.0,26,14,1302,14.5,3,3,6,3,0,0,2,0,0.41,,,,,,,,,,,,,,,30,9,30.0,2.07,0.62,0.1,0.33,50,42.5,83.0,10,12,11.0,3,2.65,53,13,40,2.76,0.41,0,15,9,1,26,15,18,0
323,Antonio Blanco,es ESP,MF,Alavés,es La Liga,25.0,2000.0,36,36,3110,34.6,2,3,5,2,0,0,9,0,0.14,,,,,,,,,,,,,,,40,13,32.5,1.16,0.38,0.05,0.15,86,90.9,86.0,28,0,,1,1.08,36,52,-16,-0.46,-1.62,0,71,43,2,30,51,49,0
324,Ludovic Blas,fr FRA,"MF,FW",Rennes,fr Ligue 1,27.0,1997.0,32,15,1546,17.2,5,4,9,3,2,2,1,0,0.41,,,,,,,,,,,,,,,47,14,29.8,2.74,0.82,0.06,0.21,48,50.5,77.0,2,17,23.0,1,1.78,27,30,-3,-0.17,-0.89,0,24,27,5,93,15,10,0
325,Janis Blaswich,de GER,GK,Leverkusen,de Bundesliga,34.0,1991.0,11,10,931,10.3,0,0,0,0,0,0,1,0,0.0,9.0,0.87,50.0,41.0,82.0,5.0,4.0,1.0,3.0,30.0,0.0,0.0,0.0,0.0,0,0,,0.0,0.0,,,85,30.4,90.0,10,1,31.0,21,1.73,17,9,8,0.77,0.22,0,0,0,0,0,0,0,0
326,Daley Blind,nl NED,DF,Girona,es La Liga,35.0,1990.0,31,30,2606,29.0,0,0,0,0,0,0,1,0,0.0,,,,,,,,,,,,,,,5,1,20.0,0.17,0.03,0.0,0.0,84,76.2,86.0,25,1,27.0,3,1.13,30,45,-15,-0.52,-0.41,0,19,20,0,13,38,34,0
335,Lamare Bogarde,nl NED,"MF,DF",Aston Villa,eng Premier League,21.0,2004.0,28,11,1053,11.7,0,0,0,0,0,0,5,0,0.0,,,,,,,,,,,,,,,0,0,,0.0,0.0,,,38,30.8,79.0,4,17,11.0,10,1.61,16,17,-1,-0.09,-0.39,0,17,20,0,2,4,19,0
336,Jayden Bogle,eng ENG,"MF,DF",Leeds United,eng Premier League,25.0,2000.0,34,32,2793,31.0,1,2,3,1,0,0,6,0,0.1,,,,,,,,,,,,,,,18,4,22.2,0.58,0.13,0.06,0.25,82,81.7,86.0,18,2,27.0,0,1.24,38,44,-6,-0.19,-0.05,0,39,29,10,67,30,43,0
344,Federico Bonazzoli,it ITA,FW,Cremonese,it Serie A,28.0,1997.0,35,31,2510,27.9,10,1,11,7,3,3,4,0,0.29,,,,,,,,,,,,,,,75,32,42.7,2.69,1.15,0.09,0.22,72,73.4,78.0,12,4,24.0,2,0.83,23,45,-22,-0.79,-0.49,0,26,80,4,26,12,16,0
345,Warren Bondo,fr FRA,MF,Cremonese,it Serie A,21.0,2003.0,27,22,1762,19.6,0,0,0,0,0,0,5,0,0.0,,,,,,,,,,,,,,,8,2,25.0,0.41,0.1,0.0,0.0,65,51.5,73.0,8,5,33.0,3,0.85,16,30,-14,-0.72,-0.12,0,39,33,0,3,9,16,0
348,Rahim Bonkano,ne NIG,DF,Oviedo,es La Liga,23.0,2002.0,27,18,1713,19.0,0,0,0,0,0,0,2,0,0.0,,,,,,,,,,,,,,,3,0,0.0,0.16,0.0,0.0,,63,50.1,86.0,14,9,19.0,9,0.78,9,32,-23,-1.21,-0.63,0,10,8,9,68,29,19,0
349,Ange-Yoan Bonny,fr FRA,FW,Inter,it Serie A,21.0,2003.0,33,10,1142,12.7,5,4,9,5,0,0,1,0,0.71,,,,,,,,,,,,,,,22,9,40.9,1.73,0.71,0.23,0.56,35,33.4,67.0,1,23,21.0,2,2.18,35,11,24,1.89,0.71,0,17,24,9,6,1,9,0
352,Gennaro Borrelli,it ITA,FW,Cagliari,it Serie A,25.0,2000.0,27,13,1275,14.2,5,1,6,5,0,0,4,0,0.42,,,,,,,,,,,,,,,30,12,40.0,2.12,0.85,0.17,0.42,47,37.3,73.0,3,14,23.0,2,1.26,17,25,-8,-0.56,-0.35,0,43,49,5,2,3,6,0
356,Sven Botman,nl NED,DF,Newcastle United,eng Premier League,25.0,2000.0,25,21,1835,20.4,1,1,2,1,0,0,2,0,0.1,,,,,,,,,,,,,,,15,4,26.7,0.74,0.2,0.07,0.25,73,53.7,84.0,17,4,15.0,5,1.36,25,27,-2,-0.1,-0.1,0,13,19,1,2,25,14,1
357,Ayyoub Bouaddi,fr FRA,MF,Lille,fr Ligue 1,17.0,2007.0,30,28,2321,25.8,0,1,1,0,0,0,7,1,0.04,,,,,,,,,,,,,,,16,5,31.3,0.62,0.19,0.0,0.0,77,75.8,82.0,16,2,14.0,2,1.63,29,26,3,0.12,-1.35,0,37,24,0,20,27,40,0
361,Hicham Boudaoui,dz ALG,MF,Nice,fr Ligue 1,25.0,1999.0,25,18,1694,18.8,1,2,3,1,0,0,5,0,0.16,,,,,,,,,,,,,,,21,9,42.9,1.12,0.48,0.05,0.11,68,55.4,84.0,12,7,27.0,1,0.92,20,33,-13,-0.69,-0.03,0,19,40,2,19,18,16,0
362,Sofiane Boufal,ma MAR,"MF,FW",Le Havre,fr Ligue 1,31.0,1993.0,17,13,1019,11.3,1,4,5,1,0,1,2,0,0.44,,,,,,,,,,,,,,,19,4,21.1,1.68,0.35,0.05,0.25,60,33.3,73.0,0,4,18.0,0,1.0,10,16,-6,-0.53,-0.27,0,24,32,6,59,3,17,0
364,Jarrod Bowen,eng ENG,"MF,FW",West Ham United,eng Premier League,28.0,1996.0,38,38,3403,37.8,9,11,20,8,1,1,4,0,0.5,,,,,,,,,,,,,,,79,28,35.4,2.09,0.74,0.1,0.29,90,99.5,90.0,32,0,,0,1.03,45,63,-18,-0.48,4.82,0,19,49,17,148,27,28,0
365,Kieron Bowie,sct SCO,FW,Hellas Verona,it Serie A,22.0,2002.0,14,14,1200,13.3,4,0,4,4,0,0,1,0,0.3,,,,,,,,,,,,,,,33,11,33.3,2.48,0.82,0.12,0.36,86,35.1,86.0,10,0,,0,0.5,7,18,-11,-0.82,0.19,0,34,27,3,6,0,3,0
366,Lucas Boyé,ar ARG,FW,Alavés,es La Liga,29.0,1996.0,29,22,1958,21.8,11,1,12,8,3,3,4,1,0.41,,,,,,,,,,,,,,,63,21,33.3,2.9,0.97,0.13,0.38,68,57.3,80.0,15,7,27.0,0,1.21,25,32,-7,-0.32,-0.01,1,58,39,10,10,7,25,0
367,Enzo Boyomo,cm CMR,DF,Osasuna,es La Liga,23.0,2001.0,30,29,2542,28.2,1,2,3,1,0,0,7,0,0.11,,,,,,,,,,,,,,,11,4,36.4,0.39,0.14,0.09,0.25,85,74.3,87.0,25,1,18.0,2,1.07,32,39,-7,-0.25,-0.35,0,33,5,0,10,17,36,0
369,Domagoj Bradarić,hr CRO,MF,Hellas Verona,it Serie A,25.0,1999.0,29,23,1966,21.8,0,1,1,0,0,0,2,0,0.05,,,,,,,,,,,,,,,13,6,46.2,0.6,0.27,0.0,0.0,68,57.5,80.0,12,6,23.0,5,0.45,17,39,-22,-1.01,-0.14,0,8,10,2,108,9,20,0
370,Conor Bradley,nir NIR,DF,Liverpool,eng Premier League,22.0,2003.0,15,12,929,10.3,0,1,1,0,0,0,5,0,0.1,,,,,,,,,,,,,,,6,0,0.0,0.58,0.0,0.0,,62,27.2,70.0,3,3,29.0,1,1.47,11,13,-2,-0.19,-0.63,0,18,20,1,23,12,15,0
372,Julian Brandt,de GER,"MF,FW",Dortmund,de Bundesliga,29.0,1996.0,29,17,1606,17.8,7,4,11,7,0,0,0,0,0.62,,,,,,,,,,,,,,,38,18,47.4,2.13,1.01,0.18,0.39,55,52.5,83.0,5,12,17.0,3,2.14,42,18,24,1.34,0.6,0,8,5,7,25,5,8,0
375,Lilian Brassier,fr FRA,DF,Rennes,fr Ligue 1,25.0,1999.0,27,25,2250,25.0,0,1,1,0,0,0,2,0,0.04,,,,,,,,,,,,,,,11,2,18.2,0.44,0.08,0.0,0.0,83,73.5,87.0,22,2,36.0,5,1.78,47,35,12,0.48,0.81,0,27,21,0,23,38,13,0
378,Gleison Bremer,br BRA,DF,Juventus,it Serie A,28.0,1997.0,26,25,2171,24.1,4,3,7,4,0,0,5,0,0.29,,,,,,,,,,,,,,,23,9,39.1,0.95,0.37,0.17,0.44,84,63.5,86.0,20,1,15.0,1,2.12,45,19,26,1.08,1.01,0,21,10,0,1,30,14,0
381,Abel Bretones,es ESP,"MF,DF",Osasuna,es La Liga,24.0,2000.0,28,17,1624,18.0,1,2,3,1,0,0,5,1,0.17,,,,,,,,,,,,,,,11,3,27.3,0.61,0.17,0.09,0.33,58,47.5,88.0,12,11,12.0,7,1.18,24,27,-3,-0.17,-0.02,0,16,19,1,34,16,12,0
382,Sascha Britschgi,ch SUI,"MF,DF",Parma,it Serie A,18.0,2006.0,29,22,2095,23.3,0,2,2,0,0,0,7,1,0.09,,,,,,,,,,,,,,,13,3,23.1,0.56,0.13,0.0,0.0,72,61.3,86.0,16,7,30.0,6,1.31,18,27,-9,-0.39,0.22,1,18,23,0,48,8,18,0
383,Brian Brobbey,nl NED,FW,Sunderland,eng Premier League,23.0,2002.0,31,22,1927,21.4,7,1,8,7,0,0,6,0,0.37,,,,,,,,,,,,,,,36,18,50.0,1.68,0.84,0.19,0.39,62,56.3,78.0,6,9,22.0,2,1.29,20,30,-10,-0.47,-0.71,0,33,37,8,2,0,2,0
386,David Brooks,wls WAL,MF,Bournemouth,eng Premier League,28.0,1997.0,31,13,1204,13.4,1,3,4,1,0,0,7,0,0.3,,,,,,,,,,,,,,,48,13,27.1,3.59,0.97,0.02,0.08,39,35.2,67.0,0,18,19.0,2,1.52,21,20,1,0.07,-0.05,0,11,13,2,59,4,13,0
387,Nathaniel Brown,de GER,"MF,DF",Eintracht Frankfurt,de Bundesliga,22.0,2003.0,33,29,2656,29.5,4,4,8,4,0,0,3,0,0.27,,,,,,,,,,,,,,,18,9,50.0,0.61,0.3,0.22,0.44,80,86.8,86.0,23,4,41.0,0,1.33,52,55,-3,-0.1,0.12,0,27,33,1,45,25,57,0
388,Brugui,es ESP,"MF,FW",Levante,es La Liga,28.0,1996.0,19,10,1005,11.2,1,1,2,1,0,0,1,1,0.18,,,,,,,,,,,,,,,28,9,32.1,2.51,0.81,0.04,0.11,53,29.4,74.0,2,9,29.0,1,0.95,12,20,-8,-0.72,-0.49,0,11,8,6,11,4,6,0
390,Jacob Bruun Larsen,dk DEN,"MF,FW",Burnley,eng Premier League,26.0,1998.0,28,10,1030,11.4,0,1,1,0,0,0,0,0,0.09,,,,,,,,,,,,,,,17,4,23.5,1.49,0.35,0.0,0.0,37,30.1,67.0,0,18,20.0,4,0.61,12,29,-17,-1.49,-0.73,0,1,0,4,42,6,3,0
391,Tajon Buchanan,ca CAN,MF,Villarreal,es La Liga,26.0,1999.0,34,21,1819,20.2,7,1,8,7,0,0,8,0,0.4,,,,,,,,,,,,,,,27,11,40.7,1.34,0.54,0.26,0.64,54,53.2,72.0,5,13,24.0,2,1.76,35,18,17,0.84,0.34,0,18,36,8,33,22,19,0
392,Ante Budimir,hr CRO,FW,Osasuna,es La Liga,34.0,1991.0,37,35,2938,32.6,17,0,17,11,6,8,3,0,0.34,,,,,,,,,,,,,,,103,41,39.8,3.16,1.26,0.11,0.27,79,85.9,83.0,18,2,22.0,0,1.14,34,38,-4,-0.12,0.25,0,52,36,22,4,6,16,0
393,Emi Buendía,ar ARG,MF,Aston Villa,eng Premier League,28.0,1996.0,36,21,1755,19.5,6,2,8,6,0,0,6,0,0.41,,,,,,,,,,,,,,,49,13,26.5,2.51,0.67,0.12,0.46,49,51.3,68.0,3,15,22.0,1,1.78,21,24,-3,-0.15,-0.69,0,41,45,1,10,13,27,0
394,Hugo Bueno,es ESP,"MF,DF",Wolves,eng Premier League,22.0,2002.0,35,26,2366,26.3,1,2,3,1,0,0,3,0,0.11,,,,,,,,,,,,,,,16,6,37.5,0.61,0.23,0.06,0.17,68,69.2,84.0,17,9,20.0,0,0.57,20,44,-24,-0.91,0.54,0,17,24,3,166,33,35,0
396,Santiago Bueno,uy URU,DF,Wolves,eng Premier League,26.0,1998.0,29,28,2553,28.4,3,1,4,3,0,0,4,0,0.14,,,,,,,,,,,,,,,10,7,70.0,0.35,0.25,0.3,0.43,88,74.6,90.0,27,1,35.0,8,0.66,23,47,-24,-0.85,0.92,0,29,11,2,6,27,30,0
398,Adam Buksa,pl POL,FW,Udinese,it Serie A,29.0,1996.0,25,6,922,10.2,3,0,3,3,0,0,3,0,0.29,,,,,,,,,,,,,,,12,6,50.0,1.17,0.59,0.25,0.5,37,27.0,75.0,1,19,25.0,2,1.24,11,14,-3,-0.29,-0.29,0,24,15,3,1,3,8,0
400,Marius Bülter,de GER,"FW,MF",Köln,de Bundesliga,32.0,1993.0,32,18,1597,17.7,5,4,9,5,0,0,3,0,0.51,,,,,,,,,,,,,,,42,17,40.5,2.37,0.96,0.12,0.29,50,52.2,74.0,7,14,19.0,0,0.91,30,29,1,0.06,0.98,0,17,25,6,62,8,5,0
403,Alessandro Buongiorno,it ITA,DF,Napoli,it Serie A,26.0,1999.0,33,28,2521,28.0,0,1,1,0,0,0,3,0,0.04,,,,,,,,,,,,,,,8,3,37.5,0.29,0.11,0.0,0.0,76,73.7,86.0,22,5,21.0,2,2.0,42,29,13,0.46,-0.44,0,50,26,1,6,40,22,0
406,Wouter Burger,nl NED,MF,Hoffenheim,de Bundesliga,24.0,2001.0,30,30,2430,27.0,4,5,9,4,0,0,7,1,0.33,,,,,,,,,,,,,,,36,13,36.1,1.33,0.48,0.11,0.31,81,79.4,81.0,18,0,,0,1.9,52,35,17,0.63,1.2,0,57,12,1,89,19,42,0
407,Jonathan Burkardt,de GER,FW,Eintracht Frankfurt,de Bundesliga,25.0,2000.0,22,15,1336,14.8,13,1,14,9,4,4,1,0,0.67,,,,,,,,,,,,,,,41,21,51.2,2.76,1.41,0.22,0.43,61,43.7,80.0,4,7,20.0,0,1.36,34,16,18,1.21,2.36,0,12,15,2,5,1,4,0
408,Oliver Burke,sct SCO,"FW,MF",Union Berlin,de Bundesliga,28.0,1997.0,29,21,1664,18.5,6,2,8,6,0,0,4,0,0.43,,,,,,,,,,,,,,,34,15,44.1,1.84,0.81,0.18,0.4,57,54.4,74.0,4,8,14.0,4,1.0,23,32,-9,-0.49,-0.16,0,10,8,8,39,4,7,0
410,Dan Burn,eng ENG,DF,Newcastle United,eng Premier League,33.0,1992.0,29,25,2199,24.4,1,2,3,1,0,0,11,1,0.12,,,,,,,,,,,,,,,10,3,30.0,0.41,0.12,0.1,0.33,76,64.3,86.0,21,4,13.0,2,1.21,32,34,-2,-0.08,-0.08,1,36,13,3,14,20,26,0
412,Marnon Busch,de GER,"DF,MF",Heidenheim,de Bundesliga,30.0,1994.0,29,20,1915,21.3,1,5,6,1,0,0,4,0,0.28,,,,,,,,,,,,,,,12,3,25.0,0.56,0.14,0.08,0.33,66,62.6,85.0,13,9,25.0,2,0.76,26,43,-17,-0.8,0.3,0,18,8,1,61,34,24,0
414,Jean Butez,fr FRA,GK,Como,it Serie A,30.0,1995.0,38,38,3420,38.0,0,1,1,0,0,0,3,0,0.03,29.0,0.76,110.0,86.0,78.2,20.0,11.0,7.0,19.0,50.0,6.0,5.0,1.0,0.0,0,0,,0.0,0.0,,,90,100.0,90.0,38,0,,0,1.87,65,29,36,0.95,,0,0,9,0,0,0,2,0
422,Leandro Cabrera,uy URU,DF,Espanyol,es La Liga,34.0,1991.0,37,37,3330,37.0,3,0,3,3,0,0,4,0,0.08,,,,,,,,,,,,,,,40,12,30.0,1.08,0.32,0.08,0.25,90,97.4,90.0,37,0,,0,1.22,43,55,-12,-0.32,-0.32,0,38,9,1,20,23,23,0
424,Noah Cadiou,gp GLP,MF,Lorient,fr Ligue 1,26.0,1998.0,28,20,1879,20.9,3,1,4,3,0,0,2,0,0.19,,,,,,,,,,,,,,,19,9,47.4,0.91,0.43,0.16,0.33,67,61.4,86.0,17,8,20.0,4,1.43,31,33,-2,-0.1,-0.02,0,27,13,0,3,24,16,0
426,Moisés Caicedo,ec ECU,MF,Chelsea,eng Premier League,23.0,2001.0,33,32,2795,31.1,3,1,4,3,0,0,11,1,0.13,,,,,,,,,,,,,,,27,7,25.9,0.87,0.23,0.11,0.43,85,81.7,86.0,26,1,45.0,1,1.33,51,46,5,0.16,0.02,0,54,55,0,8,59,47,0
428,Arturo Calabresi,it ITA,DF,Pisa,it Serie A,29.0,1996.0,26,17,1514,16.8,0,0,0,0,0,0,8,0,0.0,,,,,,,,,,,,,,,4,1,25.0,0.24,0.06,0.0,0.0,58,44.3,74.0,3,9,28.0,11,0.62,15,30,-15,-0.89,0.52,0,33,25,1,17,19,13,0
429,Riccardo Calafiori,it ITA,DF,Arsenal,eng Premier League,23.0,2002.0,26,22,1699,18.9,1,2,3,1,0,0,5,0,0.16,,,,,,,,,,,,,,,32,8,25.0,1.7,0.42,0.03,0.13,65,49.7,75.0,7,4,14.0,2,2.38,32,8,24,1.27,0.23,0,26,10,4,21,13,19,0
432,Fernando Calero,es ESP,DF,Espanyol,es La Liga,29.0,1995.0,28,24,2148,23.9,0,0,0,0,0,0,5,0,0.0,,,,,,,,,,,,,,,12,1,8.3,0.5,0.04,0.0,0.0,77,62.8,85.0,18,4,26.0,6,1.29,20,33,-13,-0.54,-0.62,0,15,9,0,2,31,18,0
433,Duje Ćaleta-Car,hr CRO,DF,Real Sociedad,es La Liga,28.0,1996.0,27,24,2150,23.9,1,0,1,1,0,0,6,1,0.04,,,,,,,,,,,,,,,13,3,23.1,0.54,0.13,0.08,0.33,80,62.9,86.0,21,3,27.0,9,1.3,35,33,2,0.08,0.37,0,30,8,1,1,29,14,1
434,Hakan Çalhanoğlu,tr TUR,MF,Inter,it Serie A,31.0,1994.0,22,20,1639,18.2,9,4,13,5,4,5,7,0,0.49,,,,,,,,,,,,,,,50,17,34.0,2.75,0.93,0.1,0.29,75,47.9,79.0,7,2,35.0,5,2.27,43,16,27,1.48,0.12,0,28,11,0,86,19,17,0
435,Dominic Calvert-Lewin,eng ENG,FW,Leeds United,eng Premier League,28.0,1997.0,35,30,2721,30.2,14,1,15,10,4,5,3,0,0.36,,,,,,,,,,,,,,,73,34,46.6,2.41,1.12,0.14,0.29,78,79.6,87.0,17,5,25.0,0,1.23,42,34,8,0.26,2.2,0,45,37,26,9,5,4,0
436,Dani Calvo,es ESP,DF,Oviedo,es La Liga,31.0,1994.0,20,17,1611,17.9,0,0,0,0,0,0,3,0,0.0,,,,,,,,,,,,,,,3,0,0.0,0.17,0.0,0.0,,81,47.1,90.0,17,3,27.0,17,0.95,9,24,-15,-0.84,0.11,0,11,6,1,1,10,15,0
438,Adama Camara,fr FRA,"MF,DF",Paris FC,fr Ligue 1,28.0,1996.0,29,26,2159,24.0,1,0,1,1,0,0,8,0,0.04,,,,,,,,,,,,,,,17,5,29.4,0.71,0.21,0.06,0.2,74,70.6,80.0,9,3,24.0,4,1.38,27,34,-7,-0.29,-0.69,0,26,18,0,14,38,30,0
441,Lamine Camara,sn SEN,MF,Monaco,fr Ligue 1,21.0,2004.0,24,22,1847,20.5,3,4,7,3,0,0,6,0,0.34,,,,,,,,,,,,,,,25,4,16.0,1.22,0.19,0.12,0.75,77,60.4,82.0,15,2,17.0,0,1.88,40,27,13,0.63,1.15,0,28,48,0,101,38,33,0
442,Mahdi Camara,fr FRA,MF,Rennes,fr Ligue 1,27.0,1998.0,32,31,2653,29.5,3,1,4,3,0,0,5,1,0.14,,,,,,,,,,,,,,,29,12,41.4,0.98,0.41,0.1,0.25,83,86.7,85.0,23,1,27.0,0,1.72,54,41,13,0.44,1.33,0,39,28,4,28,27,33,0
443,Ousmane Camara,ml MLI,DF,Angers,fr Ligue 1,22.0,2003.0,32,31,2718,30.2,1,0,1,1,0,0,3,0,0.03,,,,,,,,,,,,,,,13,5,38.5,0.43,0.17,0.08,0.2,85,88.8,87.0,29,1,18.0,1,1.13,28,38,-10,-0.33,2.04,0,22,7,1,3,34,29,0
445,Eduardo Camavinga,fr FRA,MF,Real Madrid,es La Liga,22.0,2002.0,29,16,1528,17.0,1,0,1,1,0,0,2,0,0.06,,,,,,,,,,,,,,,13,2,15.4,0.77,0.12,0.08,0.5,53,44.7,77.0,7,13,23.0,2,2.24,34,16,18,1.06,-0.08,0,34,31,2,2,15,37,0
446,Nicolò Cambiaghi,it ITA,"MF,FW",Bologna,it Serie A,24.0,2000.0,28,17,1518,16.9,3,4,7,3,0,0,3,1,0.42,,,,,,,,,,,,,,,24,6,25.0,1.42,0.36,0.13,0.5,54,44.4,74.0,5,11,24.0,3,1.36,20,19,1,0.06,-0.04,0,32,71,5,63,9,20,0
447,Andrea Cambiaso,it ITA,"MF,DF",Juventus,it Serie A,25.0,2000.0,36,35,2769,30.8,3,4,7,3,0,0,3,1,0.23,,,,,,,,,,,,,,,26,13,50.0,0.85,0.42,0.12,0.23,77,81.0,78.0,8,1,45.0,0,1.75,45,26,19,0.62,-0.49,0,29,21,2,123,20,39,2
453,Matteo Cancellieri,it ITA,FW,Lazio,it Serie A,23.0,2002.0,30,21,1725,19.2,4,2,6,4,0,0,6,0,0.31,,,,,,,,,,,,,,,41,17,41.5,2.14,0.89,0.1,0.24,58,50.4,72.0,7,9,24.0,1,1.37,24,22,2,0.1,0.16,0,39,67,3,21,24,28,0
454,João Cancelo,pt POR,DF,Barcelona,es La Liga,31.0,1994.0,16,11,954,10.6,2,2,4,2,0,0,1,0,0.38,,,,,,,,,,,,,,,13,4,30.8,1.23,0.38,0.15,0.5,60,27.9,79.0,7,5,18.0,3,2.44,27,6,21,1.98,0.59,0,11,14,4,31,11,19,0
456,Simone Canestrelli,it ITA,DF,Pisa,it Serie A,24.0,2000.0,37,36,3201,35.6,1,0,1,1,0,0,4,0,0.03,,,,,,,,,,,,,,,16,3,18.8,0.45,0.08,0.06,0.33,87,93.6,88.0,34,1,21.0,1,0.49,25,65,-40,-1.12,0.93,0,42,22,1,12,33,25,0
458,Jaydee Canvot,fr FRA,DF,Crystal Palace,eng Premier League,19.0,2006.0,20,14,1336,14.8,0,0,0,0,0,0,3,0,0.0,,,,,,,,,,,,,,,7,1,14.3,0.47,0.07,0.0,0.0,67,39.1,87.0,12,6,19.0,14,1.4,13,23,-10,-0.67,-0.67,0,12,7,0,5,12,22,0
459,Nicolás Capaldo,ar ARG,"DF,MF",Hamburger SV,de Bundesliga,26.0,1998.0,26,24,2001,22.2,1,3,4,1,0,0,10,0,0.18,,,,,,,,,,,,,,,22,6,27.3,0.99,0.27,0.05,0.17,77,65.4,82.0,12,2,14.0,1,1.04,27,34,-7,-0.31,0.28,0,31,46,2,21,35,46,0
461,Elia Caprile,it ITA,GK,Cagliari,it Serie A,23.0,2001.0,38,38,3420,38.0,0,0,0,0,0,0,2,0,0.0,53.0,1.39,173.0,121.0,70.5,11.0,10.0,17.0,8.0,21.1,2.0,2.0,0.0,0.0,0,0,,0.0,0.0,,,90,100.0,90.0,38,0,,0,1.13,40,53,-13,-0.34,,0,0,8,0,0,0,0,0
462,Maxence Caqueret,fr FRA,MF,Como,it Serie A,25.0,2000.0,30,17,1485,16.5,2,6,8,2,0,0,3,0,0.48,,,,,,,,,,,,,,,18,4,22.2,1.09,0.24,0.11,0.5,50,43.4,67.0,1,13,27.0,8,1.9,31,10,21,1.27,0.58,0,26,23,2,36,14,23,0
463,Antonio Caracciolo,it ITA,DF,Pisa,it Serie A,35.0,1990.0,35,34,3073,34.1,2,0,2,2,0,0,10,0,0.06,,,,,,,,,,,,,,,25,6,24.0,0.73,0.18,0.08,0.33,88,89.9,90.0,31,1,29.0,1,0.49,21,60,-39,-1.14,0.41,0,41,11,2,3,57,44,1
470,Sergi Cardona,es ESP,DF,Villarreal,es La Liga,26.0,1999.0,31,20,1970,21.9,1,4,5,1,0,0,4,0,0.23,,,,,,,,,,,,,,,18,5,27.8,0.82,0.23,0.06,0.2,64,57.6,87.0,16,11,21.0,7,1.94,34,26,8,0.37,-0.75,0,28,23,1,75,37,31,0
474,Igor Carioca,br BRA,DF,Lorient,fr Ligue 1,28.0,1996.0,17,13,1213,13.5,1,0,1,1,0,0,1,0,0.07,,,,,,,,,,,,,,,8,1,12.5,0.59,0.07,0.13,1.0,71,39.6,89.0,11,4,15.0,12,1.53,23,24,-1,-0.07,0.02,0,9,18,1,21,13,19,0
476,Diego Carlos,br BRA,DF,Como,it Serie A,32.0,1993.0,27,21,1949,21.7,1,0,1,1,0,0,8,0,0.05,,,,,,,,,,,,,,,8,2,25.0,0.37,0.09,0.13,0.5,72,57.0,83.0,16,6,35.0,8,2.0,33,15,18,0.83,-0.27,0,39,7,2,2,22,18,0
478,David Carmo,ao ANG,DF,Oviedo,es La Liga,26.0,1999.0,22,20,1786,19.8,1,0,1,1,0,0,8,1,0.05,,,,,,,,,,,,,,,10,3,30.0,0.5,0.15,0.1,0.33,81,52.2,87.0,17,2,25.0,10,0.59,14,35,-21,-1.06,-0.34,1,20,4,0,2,21,18,0
479,Carmona,es ESP,"DF,MF",Sevilla,es La Liga,23.0,2002.0,35,29,2565,28.5,1,3,4,1,0,0,13,0,0.14,,,,,,,,,,,,,,,20,3,15.0,0.7,0.11,0.05,0.33,73,75.0,82.0,21,6,33.0,1,1.11,32,47,-15,-0.53,-0.63,0,49,44,3,48,45,40,0
480,Marco Carnesecchi,it ITA,GK,Atalanta,it Serie A,25.0,2000.0,37,37,3330,37.0,0,0,0,0,0,0,0,0,0.0,35.0,0.95,144.0,112.0,77.1,15.0,13.0,9.0,13.0,35.1,4.0,2.0,2.0,0.0,0,0,,0.0,0.0,,,90,97.4,90.0,37,0,,1,1.57,50,35,15,0.41,0.41,0,1,6,0,1,0,0,0
481,Sergio Carreira,es ESP,MF,Celta Vigo,es La Liga,24.0,2000.0,34,29,2694,29.9,2,1,3,2,0,0,2,0,0.1,,,,,,,,,,,,,,,16,7,43.8,0.53,0.23,0.13,0.29,79,78.8,89.0,26,5,23.0,3,1.47,42,40,2,0.07,-0.31,0,20,36,2,32,27,18,0
483,Álvaro Carreras,es ESP,DF,Real Madrid,es La Liga,22.0,2003.0,28,26,2332,25.9,2,3,5,2,0,0,5,1,0.19,,,,,,,,,,,,,,,9,3,33.3,0.35,0.12,0.22,0.67,83,68.2,90.0,23,2,3.0,5,2.25,56,23,33,1.27,0.53,0,22,33,5,30,38,18,0
484,Dani Carvajal,es ESP,DF,Real Madrid,es La Liga,33.0,1992.0,17,10,977,10.9,0,1,1,0,0,0,0,0,0.09,,,,,,,,,,,,,,,5,1,20.0,0.46,0.09,0.0,0.0,57,28.6,79.0,4,7,26.0,9,2.35,20,10,10,0.92,-0.26,0,7,9,0,11,6,12,0
486,Cesare Casadei,it ITA,MF,Torino,it Serie A,22.0,2003.0,33,19,1997,22.2,6,0,6,6,0,0,5,0,0.27,,,,,,,,,,,,,,,35,17,48.6,1.58,0.77,0.17,0.35,61,58.4,84.0,15,14,28.0,4,1.18,28,36,-8,-0.36,0.34,0,52,16,2,4,9,16,0
487,Marc Casado,es ESP,MF,Barcelona,es La Liga,21.0,2003.0,24,10,989,11.0,0,1,1,0,0,0,1,0,0.09,,,,,,,,,,,,,,,11,0,0.0,1.0,0.0,0.0,,41,28.9,76.0,5,14,16.0,14,2.63,25,10,15,1.37,-0.26,0,25,20,0,1,7,9,0
489,Casemiro,br BRA,MF,Manchester Utd,eng Premier League,33.0,1992.0,34,33,2571,28.6,9,2,11,9,0,0,11,1,0.39,,,,,,,,,,,,,,,52,18,34.6,1.82,0.63,0.17,0.5,76,75.2,78.0,13,1,11.0,0,1.97,55,31,24,0.84,1.37,1,46,36,5,19,30,45,0
490,Matty Cash,pl POL,DF,Aston Villa,eng Premier League,27.0,1997.0,35,34,3014,33.5,3,3,6,3,0,0,9,0,0.18,,,,,,,,,,,,,,,30,10,33.3,0.9,0.3,0.1,0.3,86,88.1,87.0,26,1,45.0,0,1.77,51,38,13,0.39,1.72,0,42,30,4,131,24,32,0
491,Josué Casimir,ht HAI,"MF,FW",Auxerre,fr Ligue 1,23.0,2001.0,31,16,1522,16.9,1,0,1,1,0,1,6,1,0.06,,,,,,,,,,,,,,,22,12,54.5,1.3,0.71,0.05,0.08,49,49.7,76.0,4,15,21.0,1,0.97,13,25,-12,-0.71,-0.83,1,34,32,3,54,11,17,0
492,Cristian Cásseres Jr.,ve VEN,MF,Toulouse,fr Ligue 1,25.0,2000.0,31,29,2585,28.7,2,3,5,2,0,1,6,0,0.17,,,,,,,,,,,,,,,26,6,23.1,0.91,0.21,0.08,0.33,83,84.5,87.0,23,2,32.0,0,1.23,35,38,-3,-0.1,-0.86,0,40,43,1,99,37,43,0
493,Timothy Castagne,be BEL,"DF,MF",Fulham,eng Premier League,29.0,1995.0,30,20,1845,20.5,0,0,0,0,0,0,4,0,0.0,,,,,,,,,,,,,,,14,6,42.9,0.68,0.29,0.0,0.0,62,53.9,86.0,16,10,12.0,8,1.2,25,32,-7,-0.34,-0.51,0,18,11,1,48,28,24,0
496,Valentín Castellanos,ar ARG,FW,West Ham United,eng Premier League,26.0,1998.0,18,17,1384,15.4,6,0,6,6,0,0,6,0,0.39,,,,,,,,,,,,,,,50,22,44.0,3.25,1.43,0.12,0.27,77,40.5,78.0,3,1,65.0,0,1.39,21,16,5,0.33,1.39,0,32,16,9,9,6,9,0
497,Castrin,es ESP,DF,Sevilla,es La Liga,22.0,2003.0,19,13,1277,14.2,1,0,1,1,0,0,4,0,0.07,,,,,,,,,,,,,,,11,3,27.3,0.78,0.21,0.09,0.33,67,37.3,86.0,11,6,27.0,13,1.21,20,16,4,0.28,1.04,0,13,13,1,1,22,15,0
498,Jonny Castro,es ESP,DF,Alavés,es La Liga,31.0,1994.0,34,34,2994,33.3,0,0,0,0,0,0,7,0,0.0,,,,,,,,,,,,,,,9,3,33.3,0.27,0.09,0.0,0.0,88,87.5,88.0,30,0,,3,1.06,39,52,-13,-0.39,-0.6,0,37,30,1,23,40,41,0
499,Santiago Castro,ar ARG,FW,Bologna,it Serie A,20.0,2004.0,35,26,2359,26.2,7,2,9,7,0,0,3,0,0.34,,,,,,,,,,,,,,,63,20,31.7,2.4,0.76,0.11,0.35,67,69.0,80.0,11,9,31.0,3,1.43,34,34,0,0.0,-0.25,0,35,50,12,4,1,8,0
501,Danilo Cataldi,it ITA,MF,Lazio,it Serie A,30.0,1994.0,27,24,1985,22.1,3,3,6,1,2,2,6,0,0.18,,,,,,,,,,,,,,,26,7,26.9,1.18,0.32,0.04,0.14,74,58.0,77.0,13,3,42.0,3,1.37,24,26,-2,-0.09,-0.28,0,22,12,0,48,21,22,0
502,Catena,es ESP,DF,Osasuna,es La Liga,30.0,1994.0,35,35,3071,34.1,3,2,5,3,0,0,11,1,0.15,,,,,,,,,,,,,,,19,4,21.1,0.56,0.12,0.16,0.75,88,89.8,88.0,32,0,,0,1.09,37,45,-8,-0.23,-0.75,0,46,14,3,1,32,29,0
504,Santi Cazorla,es ESP,MF,Oviedo,es La Liga,40.0,1984.0,28,6,940,10.4,0,1,1,0,0,0,2,1,0.1,,,,,,,,,,,,,,,7,1,14.3,0.67,0.1,0.0,0.0,34,27.5,73.0,1,22,23.0,4,0.68,4,16,-12,-1.15,-0.35,0,6,19,0,71,4,10,0
509,Zeki Çelik,tr TUR,"MF,DF",Roma,it Serie A,28.0,1997.0,34,32,2723,30.3,1,2,3,1,0,0,2,1,0.1,,,,,,,,,,,,,,,22,4,18.2,0.73,0.13,0.05,0.25,80,79.6,84.0,21,2,11.0,1,1.79,50,27,23,0.76,0.11,0,35,18,3,75,24,40,0
514,Julian Chabot,de GER,DF,Stuttgart,de Bundesliga,27.0,1998.0,27,26,2294,25.5,0,0,0,0,0,0,3,0,0.0,,,,,,,,,,,,,,,18,7,38.9,0.71,0.27,0.0,0.0,85,75.0,88.0,23,1,16.0,5,1.81,55,37,18,0.71,0.24,0,35,40,0,1,40,20,1
516,Fares Chaïbi,dz ALG,MF,Eintracht Frankfurt,de Bundesliga,22.0,2002.0,28,21,1792,19.9,2,9,11,2,0,0,2,0,0.55,,,,,,,,,,,,,,,35,9,25.7,1.76,0.45,0.06,0.22,64,58.6,77.0,8,7,26.0,2,1.36,40,38,2,0.1,0.53,0,14,21,5,91,13,21,0
517,Ilyas Chaira,ma MAR,"MF,FW",Oviedo,es La Liga,24.0,2001.0,36,30,2447,27.2,6,2,8,6,0,0,2,1,0.29,,,,,,,,,,,,,,,81,35,43.2,2.98,1.29,0.07,0.17,68,71.5,76.0,10,6,30.0,0,0.81,22,39,-17,-0.63,0.95,0,53,41,18,74,4,34,0
518,Trevoh Chalobah,eng ENG,DF,Chelsea,eng Premier League,26.0,1999.0,34,31,2783,30.9,3,0,3,3,0,0,3,1,0.1,,,,,,,,,,,,,,,16,5,31.3,0.52,0.16,0.19,0.6,82,81.4,88.0,29,3,18.0,1,1.41,52,37,15,0.49,1.76,0,20,18,2,5,37,22,0
521,Brendan Chardonnet,fr FRA,DF,Brest,fr Ligue 1,30.0,1994.0,29,29,2546,28.3,1,3,4,1,0,0,6,0,0.14,,,,,,,,,,,,,,,12,6,50.0,0.42,0.21,0.08,0.17,88,83.2,88.0,27,0,,2,1.34,39,43,-4,-0.14,1.26,0,28,20,0,7,34,18,0
522,Pep Chavarría,es ESP,DF,Rayo Vallecano,es La Liga,27.0,1998.0,33,29,2682,29.8,1,2,3,1,0,0,6,1,0.1,,,,,,,,,,,,,,,18,3,16.7,0.6,0.1,0.06,0.33,81,78.4,89.0,26,4,23.0,4,1.24,31,34,-3,-0.1,-0.1,1,33,35,3,95,32,31,0
528,Walid Cheddira,ma MAR,FW,Lecce,it Serie A,27.0,1998.0,17,11,1000,11.1,3,1,4,3,0,0,2,0,0.36,,,,,,,,,,,,,,,25,10,40.0,2.25,0.9,0.12,0.3,59,29.2,75.0,2,6,29.0,0,1.24,9,16,-7,-0.63,-0.07,0,20,25,10,4,1,3,0
529,Chema,es ESP,MF,Stuttgart,de Bundesliga,20.0,2005.0,25,14,1310,14.6,3,0,3,3,0,0,5,0,0.21,,,,,,,,,,,,,,,15,6,40.0,1.03,0.41,0.2,0.5,52,42.8,85.0,8,11,10.0,9,1.88,32,24,8,0.55,-0.17,0,20,8,1,0,31,16,0
530,Samir Chergui,dz ALG,DF,Paris FC,fr Ligue 1,26.0,1999.0,15,13,1154,12.8,1,0,1,1,0,0,1,0,0.08,,,,,,,,,,,,,,,13,4,30.8,1.01,0.31,0.08,0.25,77,37.7,87.0,11,2,12.0,3,1.33,21,23,-2,-0.16,-0.11,0,14,4,1,6,13,12,0
531,Sidiki Cherif,fr FRA,"FW,MF",Angers,fr Ligue 1,18.0,2006.0,19,14,1157,12.9,4,0,4,4,0,0,3,0,0.31,,,,,,,,,,,,,,,28,12,42.9,2.18,0.93,0.14,0.33,61,37.8,70.0,2,5,36.0,0,1.21,13,16,-3,-0.23,0.52,0,15,16,11,6,6,3,0
532,Rayan Cherki,fr FRA,MF,Manchester City,eng Premier League,21.0,2003.0,33,19,1786,19.8,4,12,16,4,0,0,1,0,0.81,,,,,,,,,,,,,,,55,13,23.6,2.77,0.66,0.07,0.31,54,52.2,77.0,5,14,23.0,1,2.06,40,19,21,1.06,-0.1,0,18,34,1,80,7,16,0
533,Lucas Chevalier,fr FRA,GK,Paris Saint-Germain,fr Ligue 1,23.0,2001.0,17,17,1530,17.0,0,0,0,0,0,0,0,0,0.0,13.0,0.76,43.0,32.0,72.1,12.0,3.0,2.0,9.0,52.9,3.0,1.0,1.0,1.0,0,0,,0.0,0.0,,,90,50.0,90.0,17,0,,12,2.29,33,13,20,1.18,-0.29,0,0,1,0,0,0,0,0
536,Ben Chilwell,eng ENG,"DF,MF",Strasbourg,fr Ligue 1,28.0,1996.0,20,19,1598,17.8,0,2,2,0,0,0,4,0,0.11,,,,,,,,,,,,,,,5,3,60.0,0.28,0.17,0.0,0.0,80,52.2,83.0,13,1,29.0,4,1.45,27,24,3,0.17,-0.32,0,14,22,4,30,22,17,0
538,Joris Chotard,fr FRA,MF,Brest,fr Ligue 1,23.0,2001.0,33,31,2773,30.8,2,1,3,2,0,0,2,0,0.1,,,,,,,,,,,,,,,25,8,32.0,0.81,0.26,0.08,0.25,84,90.6,88.0,25,2,18.0,0,1.15,39,47,-8,-0.26,0.99,0,28,12,0,51,48,34,0
541,Ryan Christie,sct SCO,MF,Bournemouth,eng Premier League,30.0,1995.0,26,9,993,11.0,2,0,2,2,0,0,3,1,0.18,,,,,,,,,,,,,,,25,8,32.0,2.27,0.73,0.08,0.25,38,29.0,65.0,0,17,24.0,1,1.77,16,14,2,0.18,0.11,0,16,22,1,17,11,20,0
542,Carney Chukwuemeka,at AUT,"MF,FW",Dortmund,de Bundesliga,21.0,2003.0,28,8,919,10.2,2,0,2,2,0,0,2,0,0.2,,,,,,,,,,,,,,,18,2,11.1,1.76,0.2,0.11,1.0,33,30.0,73.0,1,20,17.0,3,2.32,21,7,14,1.37,0.45,0,11,15,0,1,6,15,0
544,Samuel Chukwueze,ng NGA,MF,Fulham,eng Premier League,26.0,1999.0,23,10,1079,12.0,3,4,7,3,0,0,0,0,0.58,,,,,,,,,,,,,,,25,7,28.0,2.09,0.58,0.12,0.43,47,31.5,75.0,2,13,26.0,1,1.17,18,21,-3,-0.25,-0.21,0,5,12,3,43,6,4,0
545,Víctor Chust,es ESP,DF,Elche,es La Liga,25.0,2000.0,31,22,2166,24.1,1,0,1,1,0,0,9,1,0.04,,,,,,,,,,,,,,,9,3,33.3,0.37,0.12,0.11,0.33,70,63.3,88.0,16,9,26.0,3,1.16,30,35,-5,-0.21,0.01,1,38,10,1,36,20,35,0
546,Alessandro Circati,au AUS,DF,Parma,it Serie A,21.0,2003.0,31,31,2664,29.6,1,0,1,1,0,0,6,0,0.03,,,,,,,,,,,,,,,8,1,12.5,0.27,0.03,0.13,1.0,86,77.9,86.0,28,0,,1,1.1,21,34,-13,-0.44,0.16,0,30,18,0,5,27,25,0
548,Pathé Ciss,sn SEN,"MF,DF",Rayo Vallecano,es La Liga,31.0,1994.0,29,20,1998,22.2,2,1,3,2,0,0,9,2,0.14,,,,,,,,,,,,,,,20,8,40.0,0.9,0.36,0.1,0.25,69,58.4,88.0,17,9,26.0,0,1.31,25,24,1,0.05,0.3,0,30,13,2,1,35,35,0
550,Djaoui Cissé,fr FRA,MF,Rennes,fr Ligue 1,21.0,2004.0,24,12,981,10.9,0,0,0,0,0,0,3,0,0.0,,,,,,,,,,,,,,,24,6,25.0,2.2,0.55,0.0,0.0,41,32.1,60.0,0,12,22.0,9,1.75,18,14,4,0.37,0.15,0,18,10,0,27,5,22,0
552,Alexis Claude-Maurice,fr FRA,"MF,FW",Augsburg,de Bundesliga,27.0,1998.0,29,25,2097,23.3,5,4,9,4,1,2,3,0,0.34,,,,,,,,,,,,,,,71,26,36.6,3.05,1.12,0.06,0.15,72,68.5,80.0,11,4,22.0,1,1.28,29,43,-14,-0.6,-0.41,0,23,42,1,65,8,26,0
553,Jonathan Clauss,fr FRA,"MF,DF",Nice,fr Ligue 1,32.0,1992.0,30,28,2530,28.1,1,6,7,1,0,0,0,0,0.25,,,,,,,,,,,,,,,23,6,26.1,0.82,0.21,0.04,0.17,84,82.7,88.0,25,2,38.0,0,0.83,28,54,-26,-0.92,-1.43,0,22,17,1,223,47,38,0
556,Saúl Coco,gq EQG,DF,Torino,it Serie A,26.0,1999.0,35,35,3088,34.3,1,1,2,1,0,0,3,0,0.06,,,,,,,,,,,,,,,15,4,26.7,0.44,0.12,0.07,0.25,88,90.3,88.0,33,0,,1,1.2,39,55,-16,-0.47,0.35,0,46,34,0,5,41,34,0
558,Maxime Colin,fr FRA,DF,Metz,fr Ligue 1,33.0,1991.0,22,18,1692,18.8,0,0,0,0,0,0,1,0,0.0,,,,,,,,,,,,,,,7,2,28.6,0.37,0.11,0.0,0.0,77,55.3,86.0,14,4,34.0,10,0.59,22,39,-17,-0.9,0.87,0,10,7,0,12,24,30,0
559,Nathan Collins,ie IRL,DF,Brentford,eng Premier League,24.0,2001.0,35,32,2975,33.1,1,2,3,1,0,0,7,0,0.09,,,,,,,,,,,,,,,20,6,30.0,0.61,0.18,0.05,0.17,85,87.0,90.0,32,3,32.0,3,1.31,46,44,2,0.06,-0.14,0,20,17,2,1,36,13,1
560,Nnamdi Collins,de GER,DF,Eintracht Frankfurt,de Bundesliga,21.0,2004.0,23,16,1500,16.7,1,2,3,1,0,0,4,0,0.18,,,,,,,,,,,,,,,4,1,25.0,0.24,0.06,0.25,1.0,65,49.0,85.0,12,7,20.0,3,1.57,38,32,6,0.36,0.94,0,22,19,0,4,24,38,0
562,Santiago Colombatto,ar ARG,MF,Oviedo,es La Liga,28.0,1997.0,32,23,2064,22.9,0,1,1,0,0,0,6,0,0.04,,,,,,,,,,,,,,,15,2,13.3,0.65,0.09,0.0,0.0,65,60.4,81.0,8,9,22.0,4,0.75,12,34,-22,-0.96,-0.16,0,44,41,1,67,14,22,0
563,Lorenzo Colombo,it ITA,FW,Genoa,it Serie A,23.0,2002.0,38,30,2326,25.8,7,1,8,6,1,2,2,0,0.27,,,,,,,,,,,,,,,66,27,40.9,2.55,1.04,0.09,0.22,61,68.0,72.0,2,8,22.0,0,1.08,27,32,-5,-0.19,0.22,0,41,55,3,16,1,12,0
565,Eray Cömert,ch SUI,DF,Valencia,es La Liga,27.0,1998.0,17,15,1337,14.9,2,1,3,2,0,0,3,1,0.2,,,,,,,,,,,,,,,11,3,27.3,0.74,0.2,0.18,0.67,79,39.1,86.0,11,2,24.0,15,1.35,20,21,-1,-0.07,0.28,0,9,13,1,1,21,14,0
566,Santi Comesaña,es ESP,MF,Villarreal,es La Liga,28.0,1996.0,34,28,2407,26.7,3,6,9,3,0,0,5,1,0.34,,,,,,,,,,,,,,,27,7,25.9,1.01,0.26,0.11,0.43,71,70.4,81.0,14,6,25.0,1,1.91,55,29,26,0.97,0.97,0,43,28,1,12,31,25,0
567,Pietro Comuzzo,it ITA,DF,Fiorentina,it Serie A,20.0,2005.0,27,18,1696,18.8,1,0,1,1,0,0,2,0,0.05,,,,,,,,,,,,,,,10,2,20.0,0.53,0.11,0.1,0.5,63,49.6,84.0,11,9,20.0,11,1.0,21,28,-7,-0.37,-0.27,0,24,4,0,1,24,16,1
568,Francisco Conceição,pt POR,"MF,FW",Juventus,it Serie A,22.0,2002.0,31,27,2078,23.1,3,5,8,3,0,0,3,0,0.35,,,,,,,,,,,,,,,73,23,31.5,3.16,1.0,0.04,0.13,67,60.8,73.0,2,4,25.0,2,1.68,30,18,12,0.52,-0.49,0,32,40,3,92,7,26,0
573,Copete,es ESP,DF,Valencia,es La Liga,25.0,1999.0,21,19,1759,19.5,0,0,0,0,0,0,5,0,0.0,,,,,,,,,,,,,,,13,0,0.0,0.67,0.0,0.0,,84,51.4,88.0,15,2,47.0,3,0.9,17,32,-15,-0.77,-1.09,0,20,11,2,4,25,15,1
574,Diego Coppola,it ITA,DF,Paris FC,fr Ligue 1,21.0,2003.0,13,13,1170,13.0,0,2,2,0,0,0,1,0,0.15,,,,,,,,,,,,,,,5,3,60.0,0.38,0.23,0.0,0.0,90,38.2,90.0,13,0,,2,1.69,21,16,5,0.38,0.77,0,6,3,0,0,7,9,0
581,Félix Correia,pt POR,MF,Lille,fr Ligue 1,24.0,2001.0,34,26,2053,22.8,4,5,9,4,0,0,2,0,0.39,,,,,,,,,,,,,,,37,8,21.6,1.62,0.35,0.11,0.5,60,67.1,73.0,2,8,18.0,0,1.79,36,22,14,0.61,0.52,0,14,28,3,84,21,13,0
582,Thierry Correia,pt POR,"DF,MF",Valencia,es La Liga,26.0,1999.0,24,17,1392,15.5,0,2,2,0,0,0,5,0,0.13,,,,,,,,,,,,,,,5,1,20.0,0.32,0.06,0.0,0.0,58,40.7,73.0,8,7,20.0,3,0.96,13,24,-11,-0.71,-0.8,0,28,25,4,42,18,22,0
585,Edoardo Corvi,it ITA,GK,Parma,it Serie A,24.0,2001.0,17,17,1530,17.0,0,0,0,0,0,0,1,0,0.0,18.0,1.06,60.0,44.0,75.0,8.0,4.0,5.0,7.0,41.2,3.0,3.0,0.0,0.0,0,0,,0.0,0.0,,,90,44.7,90.0,17,0,,21,1.65,14,18,-4,-0.24,0.43,0,0,5,0,0,0,0,0
587,Danny da Costa,de GER,"DF,MF",Mainz 05,de Bundesliga,32.0,1993.0,34,30,2695,29.9,2,3,5,2,0,0,3,0,0.17,,,,,,,,,,,,,,,14,5,35.7,0.47,0.17,0.14,0.4,79,88.1,86.0,25,4,29.0,0,1.18,34,49,-15,-0.5,-1.98,0,22,24,1,48,29,27,1
589,Samu Costa,pt POR,MF,Mallorca,es La Liga,24.0,2000.0,34,31,2697,30.0,7,2,9,7,0,0,11,0,0.3,,,,,,,,,,,,,,,39,16,41.0,1.3,0.53,0.18,0.44,79,78.9,84.0,18,3,31.0,0,1.12,32,42,-10,-0.33,-0.33,0,64,68,6,30,26,37,0
590,David Costas,es ESP,DF,Oviedo,es La Liga,30.0,1995.0,25,22,2066,23.0,1,0,1,1,0,0,3,0,0.04,,,,,,,,,,,,,,,5,1,20.0,0.22,0.04,0.2,1.0,83,60.4,89.0,21,3,33.0,5,0.92,13,35,-22,-0.96,-0.16,0,16,10,3,1,27,22,0
591,Grégoire Coudert,fr FRA,GK,Brest,fr Ligue 1,26.0,1999.0,25,24,2192,24.4,0,0,0,0,0,0,2,0,0.0,40.0,1.64,112.0,76.0,67.0,9.0,5.0,10.0,6.0,25.0,4.0,3.0,1.0,0.0,0,0,,0.0,0.0,,,88,71.6,90.0,24,1,32.0,9,1.28,34,40,-6,-0.25,0.38,0,1,8,0,0,0,0,0
592,Vladimír Coufal,cz CZE,"DF,MF",Hoffenheim,de Bundesliga,32.0,1992.0,34,34,3012,33.5,1,8,9,1,0,0,4,0,0.27,,,,,,,,,,,,,,,26,6,23.1,0.78,0.18,0.04,0.17,89,98.4,89.0,28,0,,0,1.79,64,50,14,0.42,2.29,0,32,42,1,209,39,35,0
593,Abdoul Coulibaly,de GER,DF,Werder Bremen,de Bundesliga,18.0,2007.0,27,24,2120,23.6,1,0,1,1,0,0,5,1,0.04,,,,,,,,,,,,,,,6,1,16.7,0.25,0.04,0.17,1.0,79,69.3,85.0,19,3,29.0,2,0.93,24,43,-19,-0.81,-0.42,1,18,9,1,13,24,14,1
595,Lassana Coulibaly,ml MLI,MF,Lecce,it Serie A,29.0,1996.0,33,31,2689,29.9,3,1,4,3,0,0,4,0,0.13,,,,,,,,,,,,,,,28,8,28.6,0.94,0.27,0.11,0.38,81,78.6,86.0,21,2,18.0,1,1.12,23,34,-11,-0.37,0.99,0,34,52,1,18,9,28,0
597,Mamadou Coulibaly,fr FRA,MF,Monaco,fr Ligue 1,21.0,2004.0,25,15,1381,15.3,3,3,6,3,0,0,7,1,0.39,,,,,,,,,,,,,,,13,5,38.5,0.85,0.33,0.23,0.6,55,45.1,75.0,5,10,25.0,4,1.6,27,30,-3,-0.2,-0.68,0,31,16,3,15,21,21,0
598,Soumaïla Coulibaly,fr FRA,DF,Brest,fr Ligue 1,21.0,2003.0,16,15,1338,14.9,0,0,0,0,0,0,3,0,0.0,,,,,,,,,,,,,,,6,2,33.3,0.4,0.13,0.0,0.0,84,43.7,88.0,13,1,15.0,4,0.88,17,28,-11,-0.74,-0.69,0,26,20,1,1,13,12,1
599,Woyo Coulibaly,ml MLI,DF,Sassuolo,it Serie A,26.0,1999.0,20,9,1054,11.7,0,0,0,0,0,0,2,0,0.0,,,,,,,,,,,,,,,6,1,16.7,0.51,0.09,0.0,0.0,53,30.8,81.0,6,11,29.0,10,1.55,18,16,2,0.17,0.4,0,15,12,0,10,10,14,0
601,Thibaut Courtois,be BEL,GK,Real Madrid,es La Liga,33.0,1992.0,32,32,2880,32.0,0,0,0,0,0,0,1,0,0.0,28.0,0.87,94.0,70.0,74.5,24.0,3.0,5.0,13.0,40.6,4.0,4.0,0.0,0.0,0,0,,0.0,0.0,,,90,84.2,90.0,32,0,,0,2.34,67,28,39,1.22,0.72,0,1,2,0,0,0,1,0
602,Yan Couto,br BRA,MF,Dortmund,de Bundesliga,23.0,2002.0,19,11,997,11.1,2,2,4,2,0,0,4,0,0.36,,,,,,,,,,,,,,,9,4,44.4,0.81,0.36,0.22,0.5,52,32.6,80.0,5,8,14.0,13,2.26,25,14,11,0.99,-0.1,0,17,13,2,54,9,15,0
604,Nicolas Cozza,fr FRA,DF,Nantes,fr Ligue 1,26.0,1999.0,30,26,2391,26.6,0,1,1,0,0,0,2,0,0.04,,,,,,,,,,,,,,,11,3,27.3,0.41,0.11,0.0,0.0,80,78.1,88.0,21,4,23.0,4,0.7,19,36,-17,-0.64,0.17,0,24,32,0,22,22,27,0
606,Charlie Cresswell,eng ENG,DF,Toulouse,fr Ligue 1,22.0,2002.0,29,28,2533,28.1,3,2,5,3,0,0,8,0,0.18,,,,,,,,,,,,,,,38,12,31.6,1.35,0.43,0.08,0.25,87,82.8,89.0,27,1,32.0,0,1.31,41,35,6,0.21,1.07,0,31,15,4,2,30,14,0
607,Bryan Cristante,it ITA,MF,Roma,it Serie A,30.0,1995.0,37,36,3094,34.4,2,1,3,2,0,0,6,0,0.09,,,,,,,,,,,,,,,44,8,18.2,1.28,0.23,0.05,0.25,84,90.5,85.0,27,1,45.0,0,1.89,55,26,29,0.84,1.12,0,63,9,0,19,28,43,0
610,Pau Cubarsí,es ESP,DF,Barcelona,es La Liga,18.0,2007.0,31,31,2703,30.0,1,0,1,1,0,0,3,0,0.03,,,,,,,,,,,,,,,10,2,20.0,0.33,0.07,0.1,0.5,87,79.0,87.0,25,0,,7,2.52,76,29,47,1.56,0.06,0,25,9,0,0,30,28,0
612,Cucho,co COL,FW,Real Betis,es La Liga,26.0,1999.0,32,30,2580,28.7,11,3,14,10,1,1,5,0,0.45,,,,,,,,,,,,,,,89,27,30.3,3.1,0.94,0.11,0.37,81,75.4,83.0,14,2,45.0,0,1.5,45,35,10,0.35,0.24,0,22,38,17,23,11,16,0
613,Marc Cucurella,es ESP,DF,Chelsea,eng Premier League,27.0,1998.0,34,31,2707,30.1,1,4,5,1,0,0,8,1,0.17,,,,,,,,,,,,,,,20,6,30.0,0.66,0.2,0.05,0.17,80,79.2,84.0,26,3,34.0,0,1.44,46,37,9,0.3,0.68,0,45,29,5,41,28,40,0
614,Jorge Cuenca,es ESP,DF,Fulham,eng Premier League,25.0,1999.0,15,11,938,10.4,0,0,0,0,0,0,6,0,0.0,,,,,,,,,,,,,,,1,0,0.0,0.1,0.0,0.0,,63,27.4,84.0,7,4,4.0,16,1.8,9,11,-2,-0.19,-0.12,0,10,1,1,2,15,10,0
616,Josh Cullen,ie IRL,MF,Burnley,eng Premier League,29.0,1996.0,18,18,1514,16.8,2,2,4,2,0,0,2,0,0.24,,,,,,,,,,,,,,,11,6,54.5,0.65,0.36,0.18,0.33,84,44.3,84.0,12,0,,0,0.67,18,29,-11,-0.65,0.57,0,16,18,0,12,24,19,1
619,Matheus Cunha,br BRA,"MF,FW",Manchester Utd,eng Premier League,26.0,1999.0,33,29,2494,27.7,10,2,12,10,0,0,4,0,0.43,,,,,,,,,,,,,,,90,35,38.9,3.25,1.26,0.11,0.29,76,72.9,83.0,16,4,24.0,1,1.88,48,35,13,0.47,-0.11,0,28,54,2,49,21,23,0
621,Lucas Da Cunha,fr FRA,MF,Como,it Serie A,24.0,2001.0,36,31,2739,30.4,6,4,10,2,4,4,4,0,0.2,,,,,,,,,,,,,,,42,16,38.1,1.38,0.53,0.05,0.13,76,80.1,83.0,18,5,36.0,2,1.86,52,24,28,0.92,-0.14,0,34,19,1,99,18,33,0
622,Adam Daghim,dk DEN,"MF,FW",Wolfsburg,de Bundesliga,19.0,2005.0,27,12,1364,15.2,2,3,5,2,0,0,3,0,0.33,,,,,,,,,,,,,,,27,9,33.3,1.78,0.59,0.07,0.22,51,44.6,83.0,5,15,24.0,1,0.67,18,33,-15,-0.99,-0.51,0,18,23,4,20,11,20,0
623,Finn Dahmen,de GER,GK,Augsburg,de Bundesliga,27.0,1998.0,34,34,3060,34.0,0,0,0,0,0,0,1,0,0.0,61.0,1.79,159.0,105.0,65.4,12.0,7.0,15.0,5.0,14.7,7.0,6.0,1.0,0.0,1,0,0.0,0.03,0.0,0.0,,90,100.0,90.0,34,0,,0,1.26,45,61,-16,-0.47,,0,0,9,0,0,0,0,0
628,Diogo Dalot,pt POR,"DF,MF",Manchester Utd,eng Premier League,26.0,1999.0,34,29,2614,29.0,1,3,4,1,0,0,5,0,0.14,,,,,,,,,,,,,,,24,6,25.0,0.83,0.21,0.04,0.17,77,76.4,86.0,22,5,27.0,1,1.88,58,40,18,0.62,0.51,0,25,14,4,57,26,30,0
631,Mikkel Damsgaard,dk DEN,MF,Brentford,eng Premier League,25.0,2000.0,33,24,2054,22.8,4,4,8,4,0,0,0,0,0.35,,,,,,,,,,,,,,,29,11,37.9,1.27,0.48,0.14,0.36,62,60.1,78.0,9,9,21.0,2,1.42,37,32,5,0.22,0.35,0,18,23,4,95,24,34,0
632,Arnaut Danjuma,nl NED,"MF,FW",Valencia,es La Liga,28.0,1997.0,30,18,1628,18.1,3,2,5,3,0,1,0,0,0.28,,,,,,,,,,,,,,,36,14,38.9,1.99,0.77,0.08,0.21,54,47.6,75.0,7,12,23.0,7,1.0,19,28,-9,-0.5,-0.5,0,21,22,5,49,2,10,0
633,Kévin Danois,fr FRA,MF,Auxerre,fr Ligue 1,21.0,2004.0,33,32,2830,31.4,3,1,4,3,0,0,3,0,0.13,,,,,,,,,,,,,,,25,8,32.0,0.8,0.25,0.12,0.38,86,92.5,88.0,22,1,22.0,1,1.03,33,39,-6,-0.19,1.37,0,33,26,3,130,38,48,0
634,Kevin Danso,at AUT,DF,Tottenham Hotspur,eng Premier League,26.0,1998.0,24,17,1494,16.6,0,0,0,0,0,0,8,0,0.0,,,,,,,,,,,,,,,11,2,18.2,0.66,0.12,0.0,0.0,62,43.7,85.0,14,7,8.0,10,1.38,20,26,-6,-0.36,-0.22,0,21,13,0,7,25,13,0
638,Sergi Darder,es ESP,MF,Mallorca,es La Liga,31.0,1993.0,38,30,2680,29.8,1,5,6,1,0,0,3,0,0.2,,,,,,,,,,,,,,,36,13,36.1,1.21,0.44,0.03,0.08,71,78.4,82.0,13,8,27.0,0,1.11,37,43,-6,-0.2,0.28,0,21,29,2,165,23,13,0
639,Karl Darlow,wls WAL,GK,Leeds United,eng Premier League,34.0,1990.0,22,22,1980,22.0,0,0,0,0,0,0,1,0,0.0,27.0,1.23,88.0,63.0,71.6,7.0,8.0,7.0,5.0,22.7,2.0,2.0,0.0,0.0,0,0,,0.0,0.0,,,90,57.9,90.0,22,0,,15,1.32,26,27,-1,-0.05,0.33,0,0,7,0,0,0,0,0
644,Jonathan David,ca CAN,FW,Juventus,it Serie A,25.0,2000.0,35,20,1781,19.8,6,4,10,6,0,1,0,0,0.51,,,,,,,,,,,,,,,41,16,39.0,2.07,0.81,0.15,0.38,51,52.1,73.0,4,15,21.0,3,1.91,32,14,18,0.91,0.42,0,30,26,11,8,6,10,0
648,Keinan Davis,eng ENG,FW,Udinese,it Serie A,27.0,1998.0,30,27,2065,22.9,10,4,14,6,4,4,5,0,0.44,,,,,,,,,,,,,,,50,25,50.0,2.18,1.09,0.12,0.24,69,60.4,74.0,9,3,20.0,0,1.4,31,28,3,0.13,0.53,0,41,47,10,5,1,5,0
649,Kevin De Bruyne,be BEL,MF,Napoli,it Serie A,34.0,1991.0,18,13,1165,12.9,5,2,7,2,3,3,1,0,0.31,,,,,,,,,,,,,,,27,11,40.7,2.09,0.85,0.07,0.18,65,34.1,73.0,4,5,42.0,0,2.28,22,8,14,1.08,0.76,0,8,6,4,58,5,8,0
651,Maxim De Cuyper,be BEL,"DF,MF",Brighton,eng Premier League,24.0,2000.0,30,17,1415,15.7,2,3,5,2,0,0,2,0,0.32,,,,,,,,,,,,,,,13,6,46.2,0.83,0.38,0.15,0.33,47,41.4,70.0,5,13,18.0,6,1.4,21,23,-2,-0.13,-0.49,0,18,21,1,77,11,10,0
652,Charles De Ketelaere,be BEL,"MF,FW",Atalanta,it Serie A,24.0,2001.0,31,26,2177,24.2,3,5,8,3,0,0,4,0,0.33,,,,,,,,,,,,,,,46,16,34.8,1.9,0.66,0.07,0.19,70,63.7,79.0,10,5,27.0,0,1.45,33,20,13,0.54,0.39,0,23,36,3,46,5,15,0
657,Thibault De Smet,be BEL,DF,Paris FC,fr Ligue 1,27.0,1998.0,17,13,1144,12.7,0,1,1,0,0,0,6,2,0.08,,,,,,,,,,,,,,,4,0,0.0,0.31,0.0,0.0,,67,37.4,82.0,5,4,20.0,6,1.18,20,22,-2,-0.16,-0.11,2,11,13,1,26,10,11,0
658,Koni De Winter,be BEL,DF,Milan,it Serie A,23.0,2002.0,26,19,1800,20.0,1,1,2,1,0,0,1,0,0.1,,,,,,,,,,,,,,,7,1,14.3,0.35,0.05,0.14,1.0,69,52.6,88.0,17,7,18.0,12,1.96,27,21,6,0.3,-0.37,0,27,8,1,5,13,19,0
659,Alessandro Deiola,it ITA,"MF,DF",Cagliari,it Serie A,29.0,1995.0,20,17,1430,15.9,0,2,2,0,0,0,3,0,0.13,,,,,,,,,,,,,,,22,7,31.8,1.38,0.44,0.0,0.0,72,41.8,79.0,9,3,30.0,5,1.45,23,21,2,0.13,0.8,0,22,11,7,2,13,20,0
660,Romain Del Castillo,fr FRA,"MF,FW",Brest,fr Ligue 1,29.0,1996.0,32,32,2625,29.2,9,3,12,3,6,8,2,1,0.21,,,,,,,,,,,,,,,33,13,39.4,1.13,0.45,0.09,0.23,82,85.8,82.0,11,0,,0,1.19,41,44,-3,-0.1,1.76,0,28,43,5,198,28,36,0
662,Liam Delap,eng ENG,FW,Chelsea,eng Premier League,22.0,2003.0,28,12,1107,12.3,1,0,1,1,0,0,4,0,0.08,,,,,,,,,,,,,,,36,11,30.6,2.93,0.89,0.03,0.09,40,32.4,67.0,3,16,19.0,1,1.32,19,18,1,0.08,-0.11,0,25,19,5,6,1,3,0
663,Fisayo Dele-Bashiru,ng NGA,MF,Lazio,it Serie A,24.0,2001.0,24,11,1187,13.2,1,0,1,1,0,0,0,0,0.08,,,,,,,,,,,,,,,9,2,22.2,0.68,0.15,0.11,0.5,49,34.7,75.0,6,13,27.0,1,1.33,18,16,2,0.15,0.19,0,8,3,2,10,4,15,0
664,Enrico Delprato,it ITA,"DF,MF",Parma,it Serie A,25.0,1999.0,35,34,2951,32.8,2,0,2,2,0,0,5,0,0.06,,,,,,,,,,,,,,,18,9,50.0,0.55,0.27,0.11,0.22,84,86.3,86.0,29,1,21.0,2,1.11,23,40,-17,-0.52,-0.33,0,16,10,6,19,24,21,0
665,Olivier Deman,be BEL,"DF,MF",Werder Bremen,de Bundesliga,25.0,2000.0,16,14,1254,13.9,1,2,3,1,0,0,3,0,0.22,,,,,,,,,,,,,,,10,3,30.0,0.72,0.22,0.1,0.33,78,41.0,86.0,12,2,28.0,4,0.88,15,21,-6,-0.43,0.42,0,19,12,3,63,10,26,0
666,Pape Demba Diop,sn SEN,MF,Toulouse,fr Ligue 1,21.0,2003.0,16,14,1271,14.1,1,2,3,1,0,0,2,0,0.21,,,,,,,,,,,,,,,29,11,37.9,2.05,0.78,0.03,0.09,79,41.5,85.0,7,2,38.0,0,1.13,17,21,-4,-0.28,-0.53,0,15,17,0,15,31,20,0
668,Ousmane Dembélé,fr FRA,FW,Paris Saint-Germain,fr Ligue 1,28.0,1997.0,22,11,1063,11.8,10,7,17,8,2,3,0,0,1.27,,,,,,,,,,,,,,,45,18,40.0,3.81,1.52,0.18,0.44,48,34.7,69.0,1,11,28.0,2,2.23,37,8,29,2.46,1.73,0,3,4,8,49,0,3,0
669,Jessy Deminguet,fr FRA,MF,Metz,fr Ligue 1,27.0,1998.0,31,25,1995,22.2,2,0,2,2,0,0,4,0,0.09,,,,,,,,,,,,,,,17,7,41.2,0.77,0.32,0.12,0.29,64,65.2,75.0,1,6,22.0,0,0.52,18,47,-29,-1.31,-0.04,0,28,32,0,19,22,21,0
670,Ermedin Demirović,ba BIH,FW,Stuttgart,de Bundesliga,27.0,1998.0,25,17,1497,16.6,12,3,15,11,1,1,5,0,0.84,,,,,,,,,,,,,,,41,22,53.7,2.46,1.32,0.27,0.5,60,48.9,80.0,8,8,16.0,0,1.92,37,17,20,1.2,1.09,0,37,26,8,1,2,10,0
671,Rav van den Berg,nl NED,DF,Köln,de Bundesliga,21.0,2004.0,14,12,1131,12.6,0,1,1,0,0,0,0,1,0.08,,,,,,,,,,,,,,,1,0,0.0,0.08,0.0,0.0,,81,37.0,87.0,9,2,42.0,9,0.93,17,21,-4,-0.32,0.15,0,10,3,1,1,14,8,0
672,Sepp van den Berg,nl NED,DF,Brentford,eng Premier League,23.0,2001.0,32,30,2763,30.7,0,2,2,0,0,0,2,0,0.07,,,,,,,,,,,,,,,23,7,30.4,0.75,0.23,0.0,0.0,86,80.8,90.0,30,2,32.0,5,1.34,43,41,2,0.07,-0.07,0,15,11,0,0,26,9,0
673,Branco van den Boomen,nl NED,MF,Angers,fr Ligue 1,30.0,1995.0,15,14,1238,13.8,0,1,1,0,0,1,3,0,0.07,,,,,,,,,,,,,,,13,5,38.5,0.95,0.36,0.0,0.0,83,40.5,86.0,9,1,30.0,0,0.93,9,21,-12,-0.87,-0.53,0,19,9,0,69,7,15,0
674,Leander Dendoncker,be BEL,MF,Oviedo,es La Liga,30.0,1995.0,19,15,1330,14.8,1,0,1,1,0,0,2,0,0.07,,,,,,,,,,,,,,,9,4,44.4,0.61,0.27,0.11,0.25,70,38.9,86.0,8,4,11.0,5,0.79,7,25,-18,-1.22,-0.53,0,12,3,1,5,11,25,0
682,Kiernan Dewsbury-Hall,eng ENG,MF,Everton,eng Premier League,26.0,1998.0,31,30,2626,29.2,8,4,12,8,0,0,6,0,0.41,,,,,,,,,,,,,,,39,15,38.5,1.34,0.51,0.21,0.53,85,76.8,86.0,18,1,45.0,0,1.23,38,39,-1,-0.03,0.19,0,32,48,2,112,14,26,0
684,Michele Di Gregorio,it ITA,GK,Juventus,it Serie A,28.0,1997.0,30,29,2655,29.5,0,0,0,0,0,0,1,0,0.0,25.0,0.85,85.0,60.0,71.8,15.0,9.0,5.0,14.0,48.3,3.0,1.0,0.0,2.0,0,0,,0.0,0.0,,,89,77.6,90.0,29,1,45.0,8,1.9,46,25,21,0.71,0.01,0,0,5,0,0,0,0,0
685,Giovanni Di Lorenzo,it ITA,"DF,MF",Napoli,it Serie A,31.0,1993.0,26,26,2276,25.3,2,1,3,2,0,0,1,0,0.12,,,,,,,,,,,,,,,25,9,36.0,0.99,0.36,0.08,0.22,88,66.5,88.0,24,0,,1,2.0,37,23,14,0.55,-0.08,0,33,23,1,38,9,26,0
687,Boulaye Dia,sn SEN,"FW,MF",Lazio,it Serie A,28.0,1996.0,27,14,1253,13.9,1,2,3,1,0,0,1,0,0.22,,,,,,,,,,,,,,,12,7,58.3,0.86,0.5,0.08,0.14,46,36.6,70.0,2,13,21.0,5,1.44,14,11,3,0.22,0.3,0,19,14,4,0,3,7,0
691,Bafodé Diakité,fr FRA,DF,Bournemouth,eng Premier League,24.0,2001.0,18,15,1277,14.2,0,0,0,0,0,0,1,0,0.0,,,,,,,,,,,,,,,1,0,0.0,0.07,0.0,0.0,,71,37.3,84.0,13,3,6.0,19,1.28,21,27,-6,-0.42,-0.84,0,8,4,2,1,10,15,0
692,Amad Diallo,ci CIV,MF,Manchester Utd,eng Premier League,23.0,2002.0,32,27,2341,26.0,2,3,5,2,0,0,2,0,0.19,,,,,,,,,,,,,,,53,23,43.4,2.04,0.88,0.04,0.09,73,68.5,82.0,17,5,25.0,0,2.03,52,33,19,0.73,0.73,0,24,38,12,46,15,23,0
693,Habib Diallo,sn SEN,FW,Metz,fr Ligue 1,30.0,1995.0,25,21,1909,21.2,4,1,5,4,0,1,0,0,0.24,,,,,,,,,,,,,,,38,12,31.6,1.79,0.57,0.11,0.33,76,62.4,86.0,16,4,26.0,1,0.56,17,49,-32,-1.51,-0.57,0,27,29,11,4,2,5,0
695,Grady Diangana,cd COD,"MF,FW",Elche,es La Liga,27.0,1998.0,20,13,926,10.3,1,0,1,1,0,0,3,0,0.1,,,,,,,,,,,,,,,16,2,12.5,1.56,0.19,0.06,0.5,46,27.1,62.0,0,7,18.0,6,1.05,14,14,0,0.0,0.29,0,15,19,5,12,4,6,0
696,Assane Diao,sn SEN,MF,Como,it Serie A,19.0,2005.0,17,13,1075,11.9,2,1,3,2,0,0,2,0,0.25,,,,,,,,,,,,,,,31,10,32.3,2.6,0.84,0.06,0.2,63,31.4,72.0,2,4,36.0,1,1.71,18,11,7,0.59,-0.53,0,15,39,3,27,4,5,0
698,Habib Diarra,sn SEN,MF,Sunderland,eng Premier League,21.0,2004.0,20,15,1405,15.6,2,2,4,1,1,1,6,0,0.19,,,,,,,,,,,,,,,26,8,30.8,1.67,0.51,0.04,0.13,70,41.1,85.0,8,5,27.0,1,1.4,17,19,-2,-0.13,0.05,0,19,27,3,32,4,7,0
700,Rúben Dias,pt POR,DF,Manchester City,eng Premier League,28.0,1997.0,26,24,2141,23.8,2,0,2,2,0,0,3,0,0.08,,,,,,,,,,,,,,,10,4,40.0,0.42,0.17,0.2,0.5,82,62.6,88.0,22,2,18.0,4,2.12,54,22,32,1.35,0.64,0,15,9,0,9,23,6,0
703,Krépin Diatta,sn SEN,"MF,DF",Monaco,fr Ligue 1,26.0,1999.0,18,10,1013,11.3,0,1,1,0,0,0,2,0,0.09,,,,,,,,,,,,,,,7,1,14.3,0.62,0.09,0.0,0.0,56,33.1,78.0,6,8,29.0,1,1.72,21,17,4,0.36,0.27,0,8,10,4,39,15,16,0
704,Mory Diaw,sn SEN,GK,Le Havre,fr Ligue 1,32.0,1993.0,30,30,2655,29.5,0,1,1,0,0,0,1,0,0.03,41.0,1.39,113.0,80.0,69.0,6.0,12.0,12.0,7.0,23.3,8.0,6.0,2.0,0.0,0,0,,0.0,0.0,,,89,86.8,89.0,29,0,,1,1.0,28,41,-13,-0.44,-0.66,0,0,6,0,0,2,0,0
705,Brahim Díaz,ma MAR,"MF,FW",Real Madrid,es La Liga,25.0,1999.0,30,13,1257,14.0,1,6,7,1,0,0,2,0,0.5,,,,,,,,,,,,,,,15,7,46.7,1.07,0.5,0.07,0.14,42,36.8,70.0,0,17,20.0,5,2.33,22,11,11,0.79,-0.5,0,19,37,3,20,2,10,0
708,Junior Diaz,ci CIV,DF,Brest,fr Ligue 1,22.0,2003.0,20,17,1562,17.4,0,0,0,0,0,0,4,0,0.0,,,,,,,,,,,,,,,7,1,14.3,0.4,0.06,0.0,0.0,78,51.0,89.0,16,3,16.0,13,1.25,22,24,-2,-0.12,0.49,0,8,11,0,1,25,18,0
709,Luis Díaz,co COL,MF,Bayern Munich,de Bundesliga,28.0,1997.0,32,27,2447,27.2,15,14,29,15,0,0,7,1,1.07,,,,,,,,,,,,,,,88,37,42.0,3.24,1.36,0.17,0.41,76,80.0,84.0,19,5,37.0,0,2.66,98,29,69,2.54,0.04,1,35,38,26,45,17,13,0
710,Pedro Díaz,es ESP,MF,Rayo Vallecano,es La Liga,27.0,1998.0,34,21,1870,20.8,0,1,1,0,0,0,2,0,0.05,,,,,,,,,,,,,,,44,6,13.6,2.12,0.29,0.0,0.0,55,54.7,76.0,9,13,21.0,1,1.32,24,31,-7,-0.34,-0.57,0,20,13,0,38,9,25,0
714,Bamba Dieng,sn SEN,FW,Lorient,fr Ligue 1,25.0,2000.0,22,15,1212,13.5,10,1,11,9,1,2,2,0,0.74,,,,,,,,,,,,,,,45,24,53.3,3.34,1.78,0.2,0.38,55,39.6,72.0,0,7,19.0,5,1.55,22,15,7,0.52,1.01,0,15,13,9,2,2,2,0
716,Lucas Digne,fr FRA,DF,Aston Villa,eng Premier League,32.0,1993.0,31,21,1852,20.6,0,6,6,0,0,0,3,0,0.29,,,,,,,,,,,,,,,14,5,35.7,0.68,0.24,0.0,0.0,60,54.2,80.0,10,10,16.0,7,1.77,29,23,6,0.29,0.23,0,14,12,3,108,13,26,0
717,Kevin Diks,id IDN,DF,Gladbach,de Bundesliga,28.0,1996.0,30,28,2464,27.4,5,0,5,1,4,4,6,0,0.04,,,,,,,,,,,,,,,23,13,56.5,0.84,0.47,0.04,0.08,82,80.5,87.0,23,2,18.0,0,1.2,40,43,-3,-0.11,1.1,0,15,22,1,5,24,30,0
718,Federico Dimarco,it ITA,MF,Inter,it Serie A,27.0,1997.0,35,30,2698,30.0,7,16,23,7,0,0,3,0,0.77,,,,,,,,,,,,,,,65,22,33.8,2.17,0.73,0.11,0.32,77,78.9,84.0,20,5,36.0,3,2.23,73,27,46,1.53,0.54,0,41,23,5,295,30,31,0
719,Stole Dimitrievski,mk MKD,GK,Valencia,es La Liga,31.0,1993.0,20,20,1800,20.0,0,0,0,0,0,0,1,0,0.0,25.0,1.25,74.0,52.0,70.3,10.0,3.0,7.0,5.0,25.0,4.0,3.0,0.0,1.0,0,0,,0.0,0.0,,,90,52.6,90.0,20,0,,15,1.65,29,25,4,0.2,0.92,0,0,4,0,0,1,0,0
720,Junior Dina Ebimbe,cm CMR,MF,Brest,fr Ligue 1,24.0,2000.0,27,15,1165,12.9,5,0,5,5,0,0,3,0,0.39,,,,,,,,,,,,,,,27,9,33.3,2.09,0.7,0.19,0.56,43,38.1,66.0,1,12,14.0,2,1.04,15,21,-6,-0.46,-0.18,0,22,15,3,4,6,16,0
721,Eren Dinkçi,de GER,"MF,FW",Heidenheim,de Bundesliga,23.0,2001.0,14,13,1131,12.6,3,1,4,3,0,0,3,0,0.32,,,,,,,,,,,,,,,25,9,36.0,1.99,0.72,0.12,0.33,81,37.0,85.0,7,1,28.0,0,0.93,22,24,-2,-0.16,1.19,0,9,4,0,22,5,13,0
723,Sinaly Diomande,ci CIV,DF,Auxerre,fr Ligue 1,24.0,2001.0,24,24,2131,23.7,2,2,4,2,0,0,4,1,0.17,,,,,,,,,,,,,,,9,4,44.4,0.38,0.17,0.22,0.5,89,69.6,89.0,21,0,,1,1.13,27,29,-2,-0.08,0.69,1,31,26,2,0,33,17,0
724,Yan Diomandé,ci CIV,"FW,MF",RB Leipzig,de Bundesliga,18.0,2006.0,33,28,2472,27.5,12,8,20,12,0,0,2,0,0.73,,,,,,,,,,,,,,,53,26,49.1,1.93,0.95,0.23,0.46,75,80.8,84.0,11,5,27.0,0,1.97,55,35,20,0.73,0.88,0,19,34,7,45,16,19,0
727,Sofiane Diop,ma MAR,"MF,FW",Nice,fr Ligue 1,25.0,2000.0,33,26,2130,23.7,8,2,10,6,2,2,5,0,0.34,,,,,,,,,,,,,,,54,17,31.5,2.28,0.72,0.11,0.35,65,69.6,75.0,5,7,27.0,0,0.97,29,43,-14,-0.59,0.28,0,22,46,7,37,18,9,0
730,El Hadji Malick Diouf,sn SEN,"DF,MF",West Ham United,eng Premier League,20.0,2004.0,32,30,2707,30.1,0,5,5,0,0,0,6,0,0.17,,,,,,,,,,,,,,,18,4,22.2,0.6,0.13,0.0,0.0,85,79.2,88.0,24,2,33.0,0,1.09,38,47,-9,-0.3,0.96,0,28,25,2,109,32,19,0
731,Yehvann Diouf,sn SEN,GK,Nice,fr Ligue 1,25.0,1999.0,26,26,2340,26.0,0,0,0,0,0,0,1,0,0.0,45.0,1.73,130.0,91.0,69.2,6.0,7.0,13.0,5.0,19.2,7.0,5.0,1.0,1.0,0,0,,0.0,0.0,,,90,76.5,90.0,26,0,,6,0.96,26,45,-19,-0.73,-0.23,0,0,4,0,0,2,0,0
733,Axel Disasi,fr FRA,DF,West Ham United,eng Premier League,27.0,1998.0,14,14,1254,13.9,0,0,0,0,0,0,1,0,0.0,,,,,,,,,,,,,,,5,3,60.0,0.36,0.22,0.0,0.0,90,36.7,90.0,13,0,,0,1.36,17,17,0,0.0,0.79,0,5,4,1,0,12,10,1
734,Matías Dituro,ar ARG,GK,Elche,es La Liga,38.0,1987.0,22,22,1980,22.0,0,0,0,0,0,0,1,0,0.0,29.0,1.32,89.0,64.0,71.9,7.0,9.0,6.0,4.0,18.2,5.0,4.0,0.0,1.0,0,0,,0.0,0.0,,,90,57.9,90.0,22,0,,16,1.36,28,29,-1,-0.05,0.39,0,0,7,0,0,1,0,0
735,Djené,tg TOG,"DF,MF",Getafe,es La Liga,33.0,1991.0,34,32,2578,28.6,0,0,0,0,0,0,10,2,0.0,,,,,,,,,,,,,,,4,0,0.0,0.14,0.0,0.0,,76,75.4,79.0,21,2,30.0,0,1.32,24,29,-5,-0.17,-0.07,0,35,26,0,11,38,24,0
737,Berat Djimsiti,al ALB,DF,Atalanta,it Serie A,32.0,1993.0,34,29,2525,28.1,0,0,0,0,0,0,4,0,0.0,,,,,,,,,,,,,,,16,2,12.5,0.57,0.07,0.0,0.0,74,73.8,83.0,23,5,23.0,1,1.44,32,25,7,0.25,-0.55,0,17,8,0,2,42,30,0
738,Marko Dmitrović,rs SRB,GK,Espanyol,es La Liga,33.0,1992.0,37,37,3330,37.0,0,0,0,0,0,0,0,0,0.0,54.0,1.46,182.0,133.0,73.1,12.0,9.0,16.0,10.0,27.0,5.0,5.0,0.0,0.0,0,0,,0.0,0.0,,,90,97.4,90.0,37,0,,1,1.22,42,54,-12,-0.32,-0.32,0,0,5,0,0,0,2,0
740,Ritsu Doan,jp JPN,MF,Eintracht Frankfurt,de Bundesliga,27.0,1998.0,31,28,2364,26.3,5,5,10,5,0,0,5,0,0.38,,,,,,,,,,,,,,,41,15,36.6,1.56,0.57,0.12,0.33,76,77.3,81.0,11,3,33.0,1,1.32,50,44,6,0.23,1.52,0,26,35,3,111,17,23,0
741,Dodô,br BRA,"DF,MF",Fiorentina,it Serie A,26.0,1998.0,36,36,3134,34.8,1,2,3,1,0,0,7,0,0.09,,,,,,,,,,,,,,,25,4,16.0,0.72,0.11,0.04,0.25,87,91.6,87.0,30,0,,0,1.08,39,46,-7,-0.2,0.43,0,22,53,2,153,31,18,0
742,Danilho Doekhi,nl NED,DF,Union Berlin,de Bundesliga,27.0,1998.0,34,34,3060,34.0,5,0,5,5,0,0,4,0,0.15,,,,,,,,,,,,,,,45,11,24.4,1.32,0.32,0.11,0.45,90,100.0,90.0,34,0,,0,1.15,44,58,-14,-0.41,,0,28,15,1,6,42,31,0
744,Josh Doig,sct SCO,DF,Sassuolo,it Serie A,23.0,2002.0,30,22,1917,21.3,0,0,0,0,0,0,5,0,0.0,,,,,,,,,,,,,,,11,4,36.4,0.52,0.19,0.0,0.0,64,56.1,81.0,11,8,17.0,7,1.1,20,31,-11,-0.52,-0.94,0,16,19,0,39,22,20,0
745,Jeremy Doku,be BEL,"MF,FW",Manchester City,eng Premier League,23.0,2002.0,30,19,1784,19.8,5,5,10,5,0,0,0,0,0.5,,,,,,,,,,,,,,,39,15,38.5,1.97,0.76,0.13,0.33,59,52.2,80.0,5,11,25.0,1,1.87,43,18,25,1.26,0.33,0,23,61,3,62,12,16,0
746,Tyrhys Dolan,eng ENG,MF,Espanyol,es La Liga,23.0,2001.0,36,28,2415,26.8,2,5,7,2,0,0,7,1,0.26,,,,,,,,,,,,,,,34,12,35.3,1.27,0.45,0.06,0.17,67,70.6,76.0,3,8,36.0,0,1.11,32,39,-7,-0.26,0.19,1,37,46,5,105,15,35,0
750,Nicolás Domínguez,ar ARG,MF,Nottingham Forest,eng Premier League,27.0,1998.0,27,17,1175,13.1,1,1,2,1,0,0,3,0,0.15,,,,,,,,,,,,,,,18,5,27.8,1.38,0.38,0.06,0.2,44,34.4,60.0,1,10,15.0,4,1.26,15,19,-4,-0.31,-0.35,0,16,11,0,14,6,30,0
751,Jean-Luc Dompé,fr FRA,"FW,MF",Hamburger SV,de Bundesliga,29.0,1995.0,20,12,1138,12.6,3,0,3,2,1,1,0,0,0.16,,,,,,,,,,,,,,,25,12,48.0,1.98,0.95,0.08,0.17,57,37.2,81.0,5,8,21.0,3,1.05,16,14,2,0.16,0.91,0,2,9,4,82,0,5,0
753,Gianluigi Donnarumma,it ITA,GK,Manchester City,eng Premier League,26.0,1999.0,34,34,3060,34.0,0,0,0,0,0,0,8,0,0.0,29.0,0.85,105.0,75.0,72.4,22.0,9.0,3.0,15.0,44.1,1.0,0.0,1.0,0.0,0,0,,0.0,0.0,,,90,89.5,90.0,34,0,,0,2.21,71,29,42,1.24,1.24,0,0,4,0,0,1,0,0
755,Patrick Dorgu,dk DEN,MF,Manchester Utd,eng Premier League,20.0,2004.0,26,15,1449,16.1,4,4,8,4,0,0,5,0,0.5,,,,,,,,,,,,,,,25,11,44.0,1.55,0.68,0.16,0.36,56,42.4,84.0,10,11,17.0,2,1.73,22,20,2,0.12,-0.65,0,23,47,7,57,16,30,0
756,Niklas Dorsch,de GER,MF,Heidenheim,de Bundesliga,27.0,1998.0,32,27,2258,25.1,0,1,1,0,0,0,2,0,0.04,,,,,,,,,,,,,,,14,3,21.4,0.56,0.12,0.0,0.0,71,73.8,79.0,10,5,24.0,1,0.81,28,51,-23,-0.92,-0.02,0,30,27,1,33,19,31,0
759,Fodé Doucouré,ml MLI,"MF,FW",Le Havre,fr Ligue 1,24.0,2001.0,26,15,1239,13.8,3,1,4,3,0,0,2,0,0.29,,,,,,,,,,,,,,,20,8,40.0,1.45,0.58,0.15,0.38,48,40.5,66.0,0,11,23.0,5,0.96,19,19,0,0.0,0.59,0,14,4,2,78,9,26,0
762,Désiré Doué,fr FRA,"FW,MF",Paris Saint-Germain,fr Ligue 1,20.0,2005.0,23,16,1348,15.0,7,4,11,7,0,1,0,0,0.73,,,,,,,,,,,,,,,55,19,34.5,3.67,1.27,0.13,0.37,59,44.1,69.0,2,7,34.0,2,2.35,34,14,20,1.34,0.02,0,24,28,0,56,12,20,0
763,Guela Doué,ci CIV,"DF,MF",Strasbourg,fr Ligue 1,22.0,2002.0,24,23,2061,22.9,2,6,8,2,0,0,3,0,0.35,,,,,,,,,,,,,,,12,5,41.7,0.52,0.22,0.17,0.4,86,67.4,88.0,19,1,30.0,0,1.63,46,32,14,0.61,0.88,0,42,24,0,52,27,38,0
764,Ismaël Doukouré,fr FRA,"DF,MF",Strasbourg,fr Ligue 1,22.0,2003.0,25,25,2072,23.0,0,2,2,0,0,0,4,2,0.09,,,,,,,,,,,,,,,7,3,42.9,0.3,0.13,0.0,0.0,83,67.7,83.0,19,0,,0,1.56,42,31,11,0.48,0.48,0,21,17,0,3,24,11,2
765,Kamory Doumbia,ml MLI,MF,Brest,fr Ligue 1,22.0,2003.0,24,22,1750,19.4,5,4,9,5,0,0,6,0,0.46,,,,,,,,,,,,,,,43,14,32.6,2.21,0.72,0.12,0.36,73,57.2,78.0,4,2,22.0,0,1.33,30,25,5,0.26,1.43,0,29,21,2,20,20,30,0
766,Anastasios Douvikas,gr GRE,FW,Como,it Serie A,25.0,1999.0,38,25,2273,25.3,14,1,15,13,1,1,0,0,0.55,,,,,,,,,,,,,,,65,30,46.2,2.57,1.19,0.2,0.43,60,66.5,76.0,8,13,30.0,0,1.87,48,20,28,1.11,0.48,0,36,42,7,4,4,10,0
772,Domingos Duarte,pt POR,DF,Getafe,es La Liga,30.0,1995.0,34,34,2923,32.5,1,1,2,1,0,0,11,0,0.06,,,,,,,,,,,,,,,13,4,30.8,0.4,0.12,0.08,0.25,86,85.5,86.0,27,0,,1,1.29,26,35,-9,-0.28,-0.82,0,32,24,3,0,33,18,1
773,Martin Dúbravka,sk SVK,GK,Burnley,eng Premier League,36.0,1989.0,35,35,3150,35.0,0,0,0,0,0,0,1,0,0.0,71.0,2.03,192.0,127.0,66.1,4.0,8.0,23.0,4.0,11.4,7.0,6.0,0.0,1.0,0,0,,0.0,0.0,,,90,92.1,90.0,35,0,,3,0.57,35,71,-36,-1.03,-0.7,0,0,8,0,0,0,1,0
774,Denzel Dumfries,nl NED,MF,Inter,it Serie A,29.0,1996.0,20,15,1325,14.7,3,1,4,3,0,0,2,0,0.27,,,,,,,,,,,,,,,23,5,21.7,1.56,0.34,0.13,0.6,66,38.7,80.0,8,5,25.0,2,2.1,36,14,22,1.49,0.12,0,20,13,2,34,7,9,0
775,Lewis Dunk,eng ENG,DF,Brighton,eng Premier League,33.0,1991.0,33,31,2838,31.5,1,0,1,1,0,0,10,0,0.03,,,,,,,,,,,,,,,23,3,13.0,0.73,0.1,0.04,0.33,86,83.0,90.0,31,2,24.0,1,1.36,44,40,4,0.13,-0.18,0,14,12,1,5,30,22,0
777,Pablo Durán,es ESP,"FW,MF",Celta Vigo,es La Liga,24.0,2001.0,30,17,1425,15.8,2,2,4,2,0,0,1,0,0.25,,,,,,,,,,,,,,,37,15,40.5,2.34,0.95,0.05,0.13,48,41.7,66.0,2,13,23.0,4,1.37,16,23,-7,-0.44,-0.98,0,15,12,19,15,7,11,0
778,Hugo Duro,es ESP,FW,Valencia,es La Liga,25.0,1999.0,36,22,1979,22.0,10,0,10,9,1,2,4,0,0.41,,,,,,,,,,,,,,,36,14,38.9,1.64,0.64,0.25,0.64,55,57.9,74.0,7,14,24.0,1,1.31,29,34,-5,-0.23,0.02,0,22,38,6,1,3,9,0
780,Paulo Dybala,ar ARG,"MF,FW",Roma,it Serie A,31.0,1993.0,22,15,1354,15.0,2,6,8,2,0,1,0,0,0.53,,,,,,,,,,,,,,,43,18,41.9,2.86,1.2,0.05,0.11,62,39.6,78.0,6,7,26.0,2,1.95,20,10,10,0.66,-0.12,0,11,40,3,98,5,6,0
782,Adam Dźwigała,pl POL,DF,St Pauli,de Bundesliga,29.0,1995.0,19,14,1288,14.3,1,1,2,1,0,0,5,0,0.14,,,,,,,,,,,,,,,4,2,50.0,0.28,0.14,0.25,0.5,68,42.1,79.0,5,5,37.0,9,0.95,13,24,-11,-0.77,0.25,0,20,6,0,2,25,27,0
783,Aron Dønnum,no NOR,MF,Toulouse,fr Ligue 1,27.0,1998.0,28,28,2419,26.9,4,4,8,1,3,3,10,1,0.19,,,,,,,,,,,,,,,40,14,35.0,1.49,0.52,0.03,0.07,86,79.1,86.0,23,0,,0,1.29,41,37,4,0.15,0.57,1,42,38,0,140,29,29,0
786,Simon Ebonog,cm CMR,MF,Le Havre,fr Ligue 1,20.0,2004.0,30,21,1759,19.5,1,0,1,1,0,0,8,0,0.05,,,,,,,,,,,,,,,22,4,18.2,1.13,0.2,0.05,0.25,59,57.5,77.0,7,9,17.0,2,1.07,17,31,-14,-0.72,-0.85,0,29,34,0,16,24,21,0
788,Enzo Ebosse,cm CMR,DF,Torino,it Serie A,26.0,1999.0,13,13,1115,12.4,0,1,1,0,0,0,3,0,0.08,,,,,,,,,,,,,,,0,0,,0.0,0.0,,,86,32.6,86.0,9,0,,2,1.38,18,18,0,0.0,0.74,0,16,9,0,7,10,6,0
791,Éderson,br BRA,MF,Atalanta,it Serie A,26.0,1999.0,30,26,2230,24.8,2,1,3,1,1,1,3,0,0.08,,,,,,,,,,,,,,,35,11,31.4,1.41,0.44,0.03,0.09,74,65.2,81.0,16,4,28.0,3,1.53,30,18,12,0.48,0.26,0,34,40,2,12,28,35,0
794,Andrias Edmundsson,fo FRO,DF,Hellas Verona,it Serie A,24.0,2000.0,15,15,1319,14.7,0,0,0,0,0,0,3,0,0.0,,,,,,,,,,,,,,,4,1,25.0,0.27,0.07,0.0,0.0,88,38.6,88.0,14,0,,0,0.47,7,20,-13,-0.89,0.1,0,13,7,0,4,28,20,1
796,Odsonne Édouard,fr FRA,FW,Lens,fr Ligue 1,27.0,1998.0,29,26,1796,20.0,12,3,15,11,1,1,2,0,0.7,,,,,,,,,,,,,,,60,31,51.7,3.01,1.55,0.18,0.35,62,58.7,66.0,0,3,28.0,0,2.0,36,19,17,0.85,-0.14,0,21,17,12,1,4,4,0
800,Marcus Edwards,eng ENG,"MF,FW",Burnley,eng Premier League,26.0,1998.0,23,11,1067,11.9,1,3,4,1,0,0,0,0,0.34,,,,,,,,,,,,,,,23,6,26.1,1.94,0.51,0.04,0.17,46,31.2,79.0,2,12,16.0,12,0.48,14,18,-4,-0.34,0.92,0,7,18,1,19,3,6,0
802,Maximilian Eggestein,de GER,MF,Freiburg,de Bundesliga,28.0,1996.0,34,34,3060,34.0,3,1,4,3,0,0,4,0,0.12,,,,,,,,,,,,,,,44,13,29.5,1.29,0.38,0.07,0.23,90,100.0,90.0,34,0,,0,1.38,51,57,-6,-0.18,,0,18,20,1,14,31,34,0
803,Kingsley Ehizibue,nl NED,"MF,DF",Udinese,it Serie A,30.0,1995.0,32,20,1811,20.1,2,0,2,2,0,0,5,0,0.1,,,,,,,,,,,,,,,9,2,22.2,0.45,0.1,0.22,1.0,57,53.0,82.0,10,12,14.0,5,1.5,25,23,2,0.1,0.38,0,34,24,2,32,13,31,0
805,Chidera Ejuke,ng NGA,"MF,FW",Sevilla,es La Liga,27.0,1998.0,27,6,932,10.4,1,1,2,1,0,0,0,0,0.19,,,,,,,,,,,,,,,23,3,13.0,2.22,0.29,0.04,0.33,35,27.3,66.0,1,21,26.0,7,1.07,17,15,2,0.19,0.77,0,5,16,2,27,7,13,0
806,Hjalmar Ekdal,se SWE,DF,Burnley,eng Premier League,26.0,1998.0,19,17,1539,17.1,0,0,0,0,0,0,0,0,0.0,,,,,,,,,,,,,,,6,1,16.7,0.35,0.06,0.0,0.0,81,45.0,89.0,15,2,9.0,14,0.53,13,34,-21,-1.23,-0.46,0,5,7,2,1,12,17,0
807,Jeff Ekhator,it ITA,"FW,MF",Genoa,it Serie A,18.0,2006.0,30,9,956,10.6,3,0,3,3,0,0,3,0,0.28,,,,,,,,,,,,,,,20,5,25.0,1.88,0.47,0.15,0.6,32,28.0,62.0,0,21,19.0,7,1.03,13,15,-2,-0.19,0.1,0,20,19,10,9,2,8,0
808,Hugo Ekitike,fr FRA,FW,Liverpool,eng Premier League,23.0,2002.0,28,21,1803,20.0,11,4,15,11,0,0,0,0,0.75,,,,,,,,,,,,,,,65,19,29.2,3.24,0.95,0.17,0.58,64,52.7,77.0,6,7,26.0,1,1.68,35,25,10,0.5,0.5,0,35,12,10,7,4,7,0
809,Jurgen Ekkelenkamp,nl NED,MF,Udinese,it Serie A,25.0,2000.0,31,27,2186,24.3,5,3,8,5,0,0,1,0,0.33,,,,,,,,,,,,,,,33,15,45.5,1.36,0.62,0.15,0.33,71,63.9,78.0,5,4,22.0,4,1.35,29,30,-1,-0.04,0.1,0,22,19,3,32,18,27,0
810,Jacques Ekomie,ga GAB,"DF,MF",Angers,fr Ligue 1,21.0,2003.0,32,25,2239,24.9,0,0,0,0,0,0,3,0,0.0,,,,,,,,,,,,,,,12,3,25.0,0.48,0.12,0.0,0.0,70,73.2,84.0,17,7,20.0,0,1.13,21,35,-14,-0.56,-0.01,0,30,31,6,65,31,32,0
811,Caleb Ekuban,gh GHA,"FW,MF",Genoa,it Serie A,31.0,1994.0,31,6,994,11.0,4,1,5,4,0,0,0,0,0.45,,,,,,,,,,,,,,,29,10,34.5,2.63,0.91,0.14,0.4,32,29.1,64.0,0,25,24.0,1,1.1,13,15,-2,-0.18,0.12,0,16,29,6,5,5,1,0
812,Anthony Elanga,se SWE,"FW,MF",Newcastle United,eng Premier League,23.0,2002.0,32,14,1319,14.7,0,1,1,0,0,0,0,0,0.07,,,,,,,,,,,,,,,17,4,23.5,1.16,0.27,0.0,0.0,41,38.6,70.0,2,18,19.0,2,1.13,20,28,-8,-0.55,-0.8,0,8,25,2,83,3,11,0
813,Daniel Elfadli,ly LBY,DF,Hamburger SV,de Bundesliga,28.0,1997.0,21,15,1253,13.9,0,0,0,0,0,0,6,1,0.0,,,,,,,,,,,,,,,4,1,25.0,0.29,0.07,0.0,0.0,60,40.9,77.0,8,6,17.0,8,1.14,15,21,-6,-0.43,-0.03,1,20,15,0,0,20,14,0
814,Unai Elgezabal,es ESP,"DF,MF",Levante,es La Liga,32.0,1993.0,12,11,958,10.6,1,0,1,1,0,0,2,0,0.09,,,,,,,,,,,,,,,3,1,33.3,0.28,0.09,0.33,1.0,80,28.0,85.0,8,1,26.0,4,0.42,15,24,-9,-0.85,-0.66,0,11,6,0,0,4,4,1
816,Mikael Ellertsson,is ISL,MF,Genoa,it Serie A,23.0,2002.0,36,31,2767,30.7,1,1,2,1,0,0,1,1,0.07,,,,,,,,,,,,,,,26,6,23.1,0.85,0.2,0.04,0.17,77,80.9,86.0,24,5,17.0,1,0.97,28,43,-15,-0.49,-1.18,0,28,42,1,32,14,26,0
819,Elif Elmas,mk MKD,"MF,FW",Napoli,it Serie A,25.0,1999.0,33,20,1783,19.8,1,3,4,1,0,0,3,0,0.2,,,,,,,,,,,,,,,27,9,33.3,1.36,0.45,0.04,0.11,54,52.1,76.0,8,13,21.0,3,1.91,27,22,5,0.25,-0.68,0,18,13,2,41,7,13,0
822,Nico Elvedi,ch SUI,DF,Gladbach,de Bundesliga,28.0,1996.0,33,33,2966,33.0,0,2,2,0,0,0,5,0,0.06,,,,,,,,,,,,,,,9,0,0.0,0.27,0.0,0.0,,90,96.9,90.0,32,0,,0,1.15,41,50,-9,-0.27,1.64,0,18,16,1,1,40,32,0
823,Breel Embolo,ch SUI,FW,Rennes,fr Ligue 1,28.0,1997.0,31,20,1872,20.8,9,3,12,9,0,0,3,0,0.58,,,,,,,,,,,,,,,41,18,43.9,1.97,0.87,0.22,0.5,60,61.2,81.0,9,11,22.0,0,1.77,37,34,3,0.14,-0.31,0,48,58,14,7,4,14,0
825,Emersonn,br BRA,FW,Toulouse,fr Ligue 1,21.0,2004.0,28,19,1589,17.7,6,2,8,6,0,0,5,1,0.45,,,,,,,,,,,,,,,51,19,37.3,2.89,1.08,0.12,0.32,57,51.9,70.0,4,9,29.0,0,1.14,20,18,2,0.11,0.17,0,41,10,5,8,7,8,0
826,Julio Enciso,py PAR,"MF,FW",Strasbourg,fr Ligue 1,21.0,2004.0,27,22,1883,20.9,3,6,9,2,1,1,2,0,0.38,,,,,,,,,,,,,,,61,22,36.1,2.92,1.05,0.03,0.09,70,61.5,80.0,7,5,23.0,1,1.41,35,30,5,0.24,-0.22,0,20,31,5,61,7,10,0
829,Endrick,br BRA,"FW,MF",Lyon,fr Ligue 1,19.0,2006.0,16,14,1215,13.5,5,7,12,4,1,1,4,1,0.81,,,,,,,,,,,,,,,50,26,52.0,3.7,1.93,0.08,0.15,76,39.7,82.0,4,2,36.0,0,1.69,26,20,6,0.44,0.1,0,21,21,4,52,2,9,0
830,Yannik Engelhardt,de GER,MF,Gladbach,de Bundesliga,24.0,2001.0,31,29,2487,27.6,2,2,4,2,0,0,7,0,0.14,,,,,,,,,,,,,,,21,5,23.8,0.76,0.18,0.1,0.4,80,81.3,85.0,22,2,18.0,0,1.19,38,39,-1,-0.04,1.53,0,41,34,0,6,36,23,0
831,Christian Eriksen,dk DEN,MF,Wolfsburg,de Bundesliga,33.0,1992.0,31,27,2410,26.8,3,9,12,0,3,4,4,0,0.34,,,,,,,,,,,,,,,38,14,36.8,1.42,0.52,0.0,0.0,78,78.8,85.0,10,4,32.0,1,0.77,36,53,-17,-0.63,0.33,0,13,5,3,131,18,20,0
832,Aarón Escandell,es ESP,GK,Oviedo,es La Liga,29.0,1995.0,36,36,3240,36.0,0,1,1,0,0,0,3,0,0.03,56.0,1.56,194.0,145.0,73.7,6.0,11.0,19.0,10.0,27.8,7.0,5.0,2.0,0.0,0,0,,0.0,0.0,,,90,94.7,90.0,36,0,,2,0.81,26,56,-30,-0.83,1.17,0,1,8,0,0,0,0,0
834,Carlos Espí,es ESP,FW,Levante,es La Liga,20.0,2005.0,25,13,1343,14.9,11,0,11,11,0,0,3,0,0.74,,,,,,,,,,,,,,,57,24,42.1,3.82,1.61,0.19,0.46,54,39.3,84.0,5,12,21.0,9,1.28,26,22,4,0.27,1.05,0,31,25,10,1,9,7,0
835,Alfonso Espino,uy URU,"DF,MF",Rayo Vallecano,es La Liga,33.0,1992.0,30,15,1486,16.5,2,0,2,2,0,0,3,0,0.12,,,,,,,,,,,,,,,20,9,45.0,1.21,0.55,0.1,0.22,50,43.5,79.0,8,15,20.0,6,1.5,15,23,-8,-0.48,-0.72,0,24,30,10,49,15,33,0
836,Francesco Esposito,it ITA,FW,Inter,it Serie A,20.0,2005.0,35,15,1571,17.5,7,3,10,7,0,0,1,0,0.57,,,,,,,,,,,,,,,57,23,40.4,3.27,1.32,0.12,0.3,45,45.9,74.0,5,20,23.0,1,2.31,37,18,19,1.09,-0.62,0,29,50,2,4,5,5,0
837,Sebastiano Esposito,it ITA,"FW,MF",Cagliari,it Serie A,23.0,2002.0,36,34,2675,29.7,7,5,12,6,1,1,6,0,0.37,,,,,,,,,,,,,,,57,16,28.1,1.92,0.54,0.11,0.38,74,78.2,77.0,7,2,34.0,1,1.17,30,37,-7,-0.24,0.49,0,46,56,5,139,21,35,0
842,Maxime Estève,fr FRA,DF,Burnley,eng Premier League,23.0,2002.0,34,34,2932,32.6,0,0,0,0,0,0,1,0,0.0,,,,,,,,,,,,,,,10,1,10.0,0.31,0.03,0.0,0.0,86,85.7,86.0,28,0,,0,0.56,34,70,-36,-1.11,-0.92,0,13,12,0,6,37,27,2
844,Nahuel Estévez,ar ARG,MF,Parma,it Serie A,29.0,1995.0,32,9,1049,11.7,0,1,1,0,0,0,2,0,0.09,,,,,,,,,,,,,,,9,1,11.1,0.77,0.09,0.0,0.0,33,30.7,76.0,5,23,16.0,4,1.06,7,11,-4,-0.34,0.19,0,11,13,0,43,5,10,0
845,Pervis Estupiñán,ec ECU,MF,Milan,it Serie A,27.0,1998.0,19,13,1034,11.5,1,1,2,1,0,0,5,1,0.17,,,,,,,,,,,,,,,9,1,11.1,0.78,0.09,0.11,1.0,54,30.2,74.0,6,6,12.0,14,1.79,17,6,11,0.96,0.69,0,17,8,5,20,11,9,0
847,Karl Etta Eyong,cm CMR,FW,Levante,es La Liga,21.0,2003.0,30,15,1416,15.7,6,2,8,6,0,1,3,0,0.51,,,,,,,,,,,,,,,43,21,48.8,2.73,1.33,0.14,0.29,47,41.4,79.0,6,15,15.0,3,1.07,21,32,-11,-0.7,-0.56,0,29,30,6,13,6,11,0
848,Evanilson,br BRA,FW,Bournemouth,eng Premier League,25.0,1999.0,36,32,2742,30.5,6,1,7,6,0,0,2,0,0.23,,,,,,,,,,,,,,,72,23,31.9,2.36,0.75,0.08,0.26,76,80.2,81.0,9,4,36.0,0,1.47,43,40,3,0.1,-0.03,0,26,37,28,3,6,5,0
849,Edu Expósito,es ESP,MF,Espanyol,es La Liga,28.0,1996.0,36,32,2523,28.0,1,6,7,1,0,0,9,0,0.25,,,,,,,,,,,,,,,44,13,29.5,1.57,0.46,0.02,0.08,70,73.8,76.0,9,4,26.0,1,1.17,32,36,-4,-0.14,0.66,0,28,42,2,254,24,29,0
850,Eberechi Eze,eng ENG,"MF,FW",Arsenal,eng Premier League,27.0,1998.0,32,21,1812,20.1,7,2,9,7,0,0,1,0,0.45,,,,,,,,,,,,,,,57,18,31.6,2.83,0.89,0.12,0.39,57,53.0,74.0,5,11,24.0,4,2.09,37,14,23,1.14,-0.03,0,14,38,1,8,11,13,0
852,Abde Ezzalzouli,ma MAR,"MF,FW",Real Betis,es La Liga,23.0,2001.0,29,26,2247,25.0,10,8,18,10,0,0,3,0,0.72,,,,,,,,,,,,,,,73,26,35.6,2.92,1.04,0.14,0.38,77,65.7,83.0,16,3,30.0,0,1.62,45,34,11,0.44,0.44,0,28,71,4,55,15,32,0
855,Alieu Fadera,gm GAM,FW,Sassuolo,it Serie A,23.0,2001.0,28,8,987,11.0,2,1,3,2,0,0,5,0,0.27,,,,,,,,,,,,,,,13,4,30.8,1.19,0.36,0.15,0.5,35,28.9,67.0,0,20,22.0,6,1.57,12,11,1,0.09,0.28,0,36,36,8,24,5,23,0
856,Wout Faes,be BEL,DF,Monaco,fr Ligue 1,27.0,1998.0,14,13,1141,12.7,0,0,0,0,0,0,3,0,0.0,,,,,,,,,,,,,,,5,1,20.0,0.39,0.08,0.0,0.0,82,37.3,85.0,12,1,33.0,2,1.71,27,23,4,0.32,0.22,0,14,3,0,1,14,12,0
857,Nicolò Fagioli,it ITA,MF,Fiorentina,it Serie A,24.0,2001.0,33,30,2554,28.4,2,3,5,2,0,0,5,0,0.18,,,,,,,,,,,,,,,33,7,21.2,1.16,0.25,0.06,0.29,77,74.7,82.0,14,3,34.0,4,1.09,31,42,-11,-0.39,-0.6,0,23,45,0,84,18,31,0
860,Wladimiro Falcone,it ITA,GK,Lecce,it Serie A,30.0,1995.0,38,38,3420,38.0,0,0,0,0,0,0,2,0,0.0,50.0,1.32,152.0,108.0,69.7,10.0,8.0,20.0,10.0,26.3,6.0,4.0,2.0,0.0,0,0,,0.0,0.0,,,90,100.0,90.0,38,0,,0,1.0,28,50,-22,-0.58,,0,0,8,0,0,0,2,0
861,Ansu Fati,es ESP,"MF,FW",Monaco,fr Ligue 1,22.0,2002.0,25,10,1093,12.1,11,0,11,8,3,4,1,0,0.66,,,,,,,,,,,,,,,43,24,55.8,3.54,1.98,0.19,0.33,44,35.7,71.0,2,15,26.0,1,1.64,27,23,4,0.33,0.24,0,9,6,3,8,2,9,0
862,Abdoulaye Faye,sn SEN,DF,Lorient,fr Ligue 1,20.0,2004.0,17,16,1444,16.0,0,0,0,0,0,0,8,0,0.0,,,,,,,,,,,,,,,8,2,25.0,0.5,0.12,0.0,0.0,85,47.2,87.0,14,1,45.0,0,1.18,22,31,-9,-0.56,-0.9,0,25,15,0,4,28,24,1
864,Aleix Febas,es ESP,MF,Elche,es La Liga,29.0,1996.0,36,36,3160,35.1,2,2,4,2,0,0,10,0,0.11,,,,,,,,,,,,,,,23,8,34.8,0.66,0.23,0.09,0.25,88,92.4,88.0,30,0,,0,1.11,45,52,-7,-0.2,0.15,0,34,118,1,22,27,46,0
869,Robin Fellhauer,de GER,MF,Augsburg,de Bundesliga,27.0,1998.0,34,31,2799,31.1,3,2,5,3,0,0,2,0,0.16,,,,,,,,,,,,,,,30,9,30.0,0.96,0.29,0.1,0.33,82,91.5,85.0,19,3,56.0,0,1.26,38,56,-18,-0.58,-1.27,0,25,33,6,92,22,43,0
870,Kiko Femenía,es ESP,"DF,MF",Getafe,es La Liga,34.0,1991.0,28,25,2008,22.3,1,1,2,1,0,0,6,0,0.09,,,,,,,,,,,,,,,8,3,37.5,0.36,0.13,0.13,0.33,72,58.7,76.0,8,3,35.0,1,1.25,20,24,-4,-0.18,-0.05,0,21,11,5,43,36,24,0
872,Lewis Ferguson,sct SCO,MF,Bologna,it Serie A,25.0,1999.0,27,17,1601,17.8,1,0,1,1,0,0,7,1,0.06,,,,,,,,,,,,,,,13,2,15.4,0.73,0.11,0.08,0.5,59,46.8,85.0,13,10,16.0,9,1.15,21,28,-7,-0.39,-0.89,1,34,26,3,25,12,16,0
873,Bruno Fernandes,pt POR,MF,Manchester Utd,eng Premier League,30.0,1994.0,35,35,3063,34.0,9,21,30,5,4,6,5,0,0.76,,,,,,,,,,,,,,,85,24,28.2,2.5,0.71,0.06,0.21,88,89.6,88.0,29,0,,0,1.89,66,46,20,0.59,0.84,0,24,35,4,181,21,35,0
874,Mateus Fernandes,pt POR,MF,West Ham United,eng Premier League,21.0,2004.0,36,35,3016,33.5,3,4,7,3,0,0,7,0,0.21,,,,,,,,,,,,,,,28,8,28.6,0.84,0.24,0.11,0.38,84,88.2,85.0,23,1,26.0,0,1.08,40,50,-10,-0.3,1.71,0,49,49,0,51,36,67,0
878,Enzo Fernández,ar ARG,MF,Chelsea,eng Premier League,24.0,2001.0,36,35,3115,34.6,10,4,14,8,2,2,10,0,0.35,,,,,,,,,,,,,,,72,31,43.1,2.08,0.9,0.11,0.26,87,91.1,88.0,28,1,37.0,0,1.36,53,46,7,0.2,0.5,0,36,45,1,89,20,24,0
879,Ezequiél Fernández,ar ARG,MF,Leverkusen,de Bundesliga,23.0,2002.0,20,12,984,10.9,0,1,1,0,0,0,4,1,0.09,,,,,,,,,,,,,,,11,1,9.1,1.01,0.09,0.0,0.0,49,32.2,67.0,2,8,22.0,5,2.05,21,20,1,0.09,-0.78,1,14,24,1,4,14,17,0
882,Roberto Férnandez,es ESP,FW,Espanyol,es La Liga,23.0,2002.0,38,25,2382,26.5,7,3,10,6,1,1,3,0,0.34,,,,,,,,,,,,,,,59,23,39.0,2.23,0.87,0.1,0.26,63,69.6,80.0,10,13,30.0,0,1.21,27,35,-8,-0.3,0.04,0,40,47,9,9,6,5,0
885,Matias Fernandez-Pardo,be BEL,"FW,MF",Lille,fr Ligue 1,20.0,2005.0,29,27,2370,26.3,8,5,13,6,2,2,5,0,0.42,,,,,,,,,,,,,,,68,30,44.1,2.58,1.14,0.09,0.2,82,77.5,85.0,15,2,38.0,2,1.69,32,26,6,0.23,-0.95,0,15,40,16,57,8,14,0
890,Jonathan Fischer,dk DEN,GK,Metz,fr Ligue 1,23.0,2001.0,27,26,2354,26.2,0,0,0,0,0,0,0,0,0.0,56.0,2.14,141.0,92.0,64.5,3.0,5.0,18.0,5.0,19.2,7.0,6.0,1.0,0.0,0,0,,0.0,0.0,,,87,76.9,90.0,26,1,14.0,7,0.52,25,56,-31,-1.19,0.47,0,0,4,0,0,0,0,0
892,Mark Flekken,nl NED,GK,Leverkusen,de Bundesliga,32.0,1993.0,24,24,2129,23.7,0,0,0,0,0,0,2,0,0.0,38.0,1.61,110.0,79.0,71.8,12.0,4.0,8.0,5.0,20.8,7.0,7.0,0.0,0.0,0,0,,0.0,0.0,,,89,69.6,89.0,23,0,,0,1.67,51,38,13,0.55,-0.22,0,0,3,0,0,0,0,0
893,Zian Flemming,nl NED,FW,Burnley,eng Premier League,26.0,1998.0,29,21,1768,19.6,11,0,11,9,2,2,5,0,0.46,,,,,,,,,,,,,,,52,21,40.4,2.65,1.07,0.17,0.43,61,51.7,79.0,6,8,13.0,3,0.66,23,35,-12,-0.61,0.75,0,51,26,3,6,6,10,0
896,Romano Floriani,it ITA,MF,Cremonese,it Serie A,22.0,2003.0,28,12,1168,13.0,0,1,1,0,0,0,2,0,0.08,,,,,,,,,,,,,,,5,1,20.0,0.39,0.08,0.0,0.0,42,34.2,71.0,3,16,20.0,8,0.75,13,23,-10,-0.77,-0.17,0,21,5,2,29,6,14,0
897,Phil Foden,eng ENG,MF,Manchester City,eng Premier League,25.0,2000.0,33,23,2086,23.2,7,5,12,7,0,0,4,0,0.52,,,,,,,,,,,,,,,55,19,34.5,2.37,0.82,0.13,0.37,63,61.0,83.0,13,10,17.0,3,2.0,53,19,34,1.47,0.93,0,18,31,3,119,10,16,0
902,Wesley Fofana,fr FRA,DF,Chelsea,eng Premier League,24.0,2000.0,25,20,1722,19.1,0,1,1,0,0,0,9,2,0.05,,,,,,,,,,,,,,,8,1,12.5,0.42,0.05,0.0,0.0,69,50.4,80.0,10,5,26.0,6,1.52,27,24,3,0.16,0.0,2,27,17,1,2,38,11,0
903,Youssouf Fofana,fr FRA,MF,Milan,it Serie A,26.0,1999.0,33,28,2203,24.5,2,3,5,2,0,0,4,0,0.2,,,,,,,,,,,,,,,45,18,40.0,1.84,0.74,0.04,0.11,67,64.4,73.0,8,5,29.0,3,1.88,37,21,16,0.65,0.51,0,21,16,0,10,19,19,0
904,Jonas Föhrenbach,de GER,"DF,MF",Heidenheim,de Bundesliga,29.0,1996.0,27,25,2325,25.8,1,1,2,1,0,0,3,0,0.08,,,,,,,,,,,,,,,6,1,16.7,0.23,0.04,0.17,1.0,86,76.0,88.0,22,2,65.0,4,0.93,34,51,-17,-0.66,1.06,0,16,18,1,78,33,27,0
906,Michael Folorunsho,it ITA,"MF,FW",Cagliari,it Serie A,27.0,1998.0,27,24,1999,22.2,2,0,2,2,0,0,3,0,0.09,,,,,,,,,,,,,,,36,9,25.0,1.62,0.41,0.06,0.22,74,58.5,81.0,11,3,21.0,0,0.96,20,30,-10,-0.45,-0.26,0,35,49,13,22,10,10,0
907,Nicolas Fonseca,uy URU,MF,Oviedo,es La Liga,26.0,1998.0,19,12,1018,11.3,0,0,0,0,0,0,6,0,0.0,,,,,,,,,,,,,,,8,1,12.5,0.71,0.09,0.0,0.0,54,29.8,70.0,2,7,25.0,1,0.84,13,22,-9,-0.8,0.14,0,27,12,0,4,17,25,0
909,Pablo Fornals,es ESP,MF,Real Betis,es La Liga,29.0,1996.0,37,34,2848,31.6,9,6,15,9,0,0,2,0,0.47,,,,,,,,,,,,,,,43,18,41.9,1.36,0.57,0.21,0.5,77,83.3,80.0,15,3,40.0,1,1.62,53,38,15,0.47,1.1,0,32,26,13,140,34,26,0
913,Lyle Foster,za RSA,"FW,MF",Burnley,eng Premier League,24.0,2000.0,26,15,1371,15.2,3,2,5,3,0,0,4,0,0.33,,,,,,,,,,,,,,,20,6,30.0,1.31,0.39,0.15,0.5,53,40.1,75.0,3,11,22.0,2,0.58,11,30,-19,-1.25,-0.46,0,22,13,11,6,4,12,0
914,Dimitri Foulquier,fr FRA,DF,Valencia,es La Liga,32.0,1993.0,15,12,1150,12.8,0,0,0,0,0,0,1,0,0.0,,,,,,,,,,,,,,,6,1,16.7,0.47,0.08,0.0,0.0,77,33.6,88.0,11,3,32.0,3,1.27,16,21,-5,-0.39,-0.23,0,16,7,0,11,8,9,0
915,Juan Foyth,ar ARG,DF,Villarreal,es La Liga,27.0,1998.0,13,12,934,10.4,0,0,0,0,0,0,2,0,0.0,,,,,,,,,,,,,,,2,0,0.0,0.19,0.0,0.0,,72,27.3,77.0,8,1,11.0,2,2.15,22,9,13,1.25,0.78,0,8,1,0,0,15,13,0
916,Alejandro Francés,es ESP,DF,Girona,es La Liga,22.0,2002.0,24,11,1116,12.4,0,2,2,0,0,0,2,1,0.16,,,,,,,,,,,,,,,16,4,25.0,1.29,0.32,0.0,0.0,47,32.6,78.0,6,13,20.0,9,1.33,13,19,-6,-0.48,-0.09,0,15,23,1,24,16,15,0
918,Przemysław Frankowski,pl POL,"MF,DF",Rennes,fr Ligue 1,30.0,1995.0,19,15,1210,13.4,1,2,3,1,0,0,5,0,0.22,,,,,,,,,,,,,,,9,3,33.3,0.67,0.22,0.11,0.33,64,39.5,75.0,5,4,21.0,1,1.68,20,16,4,0.3,0.05,0,13,10,1,82,9,25,0
923,Morten Frendrup,dk DEN,MF,Genoa,it Serie A,24.0,2001.0,36,35,3081,34.2,1,0,1,1,0,0,5,0,0.03,,,,,,,,,,,,,,,8,3,37.5,0.23,0.09,0.13,0.33,86,90.1,87.0,26,1,28.0,0,0.97,36,45,-9,-0.26,0.0,0,41,39,0,5,41,71,0
924,Martin Frese,dk DEN,"MF,DF",Hellas Verona,it Serie A,27.0,1998.0,31,27,2408,26.8,2,0,2,2,0,0,8,0,0.07,,,,,,,,,,,,,,,21,11,52.4,0.78,0.41,0.1,0.18,78,70.4,83.0,17,4,40.0,3,0.61,16,40,-24,-0.9,0.17,0,46,20,4,74,30,54,1
925,Remo Freuler,ch SUI,MF,Bologna,it Serie A,33.0,1992.0,29,26,2213,24.6,1,2,3,1,0,0,5,0,0.12,,,,,,,,,,,,,,,8,1,12.5,0.33,0.04,0.13,1.0,76,64.7,83.0,18,3,21.0,3,1.62,33,29,4,0.16,0.24,0,19,24,1,18,22,31,1
926,Marco Friedl,at AUT,DF,Werder Bremen,de Bundesliga,27.0,1998.0,30,29,2546,28.3,1,0,1,1,0,0,9,1,0.04,,,,,,,,,,,,,,,8,2,25.0,0.28,0.07,0.13,0.5,85,83.2,86.0,26,1,45.0,0,0.9,29,49,-20,-0.71,-0.18,0,17,16,1,15,35,24,0
928,Jeremie Frimpong,nl NED,"DF,MF",Liverpool,eng Premier League,24.0,2000.0,21,12,1040,11.6,0,1,1,0,0,0,1,0,0.09,,,,,,,,,,,,,,,10,2,20.0,0.87,0.17,0.0,0.0,50,30.4,75.0,4,9,16.0,2,1.48,20,13,7,0.61,0.49,0,8,21,4,51,6,9,0
929,Jorge de Frutos,es ESP,"FW,MF",Rayo Vallecano,es La Liga,28.0,1997.0,36,31,2463,27.4,10,1,11,9,1,1,3,0,0.37,,,,,,,,,,,,,,,62,28,45.2,2.27,1.02,0.15,0.32,68,72.0,74.0,6,5,36.0,1,1.39,32,23,9,0.33,1.46,0,34,39,18,47,11,16,0
930,Chris Führich,de GER,MF,Stuttgart,de Bundesliga,27.0,1998.0,33,20,1698,18.9,7,7,14,7,0,0,2,0,0.74,,,,,,,,,,,,,,,45,23,51.1,2.39,1.22,0.16,0.3,51,55.5,70.0,1,13,23.0,1,1.79,41,28,13,0.69,0.09,0,6,7,5,86,3,9,0
931,Joel Fujita,jp JPN,MF,St Pauli,de Bundesliga,23.0,2002.0,32,31,2665,29.6,1,3,4,1,0,0,6,0,0.14,,,,,,,,,,,,,,,32,7,21.9,1.08,0.24,0.03,0.14,83,87.1,85.0,23,1,22.0,0,0.69,25,53,-28,-0.95,-0.26,0,37,19,3,28,34,36,0
936,Matteo Gabbia,it ITA,DF,Milan,it Serie A,25.0,1999.0,30,28,2530,28.1,0,0,0,0,0,0,4,0,0.0,,,,,,,,,,,,,,,19,3,15.8,0.68,0.11,0.0,0.0,84,74.0,88.0,26,2,29.0,2,1.93,42,25,17,0.6,0.5,0,25,6,0,1,13,14,0
937,Tiago Gabriel,pt POR,DF,Lecce,it Serie A,20.0,2004.0,37,36,3219,35.8,2,0,2,2,0,0,7,0,0.06,,,,,,,,,,,,,,,20,4,20.0,0.56,0.11,0.1,0.5,87,94.1,89.0,34,1,12.0,0,1.0,28,46,-18,-0.5,1.29,0,29,40,1,2,46,40,1
938,Gianluca Gaetano,it ITA,"MF,FW",Cagliari,it Serie A,25.0,2000.0,33,21,1912,21.2,2,4,6,2,0,0,4,0,0.28,,,,,,,,,,,,,,,34,11,32.4,1.6,0.52,0.06,0.18,58,55.9,77.0,10,12,24.0,0,1.21,27,30,-3,-0.14,0.46,0,26,29,0,38,23,15,0
939,Roberto Gagliardini,it ITA,MF,Hellas Verona,it Serie A,31.0,1994.0,29,25,2272,25.2,1,0,1,1,0,0,9,0,0.04,,,,,,,,,,,,,,,15,3,20.0,0.59,0.12,0.07,0.33,78,66.4,84.0,19,4,43.0,1,0.52,17,36,-19,-0.75,0.58,0,45,35,0,16,56,40,0
940,Cody Gakpo,nl NED,"MF,FW",Liverpool,eng Premier League,26.0,1999.0,36,32,2737,30.4,7,5,12,7,0,0,3,0,0.39,,,,,,,,,,,,,,,87,21,24.1,2.86,0.69,0.08,0.33,76,80.0,82.0,16,4,28.0,0,1.5,48,39,9,0.3,0.16,0,42,44,30,86,12,15,0
941,Javi Galán,es ESP,DF,Osasuna,es La Liga,30.0,1994.0,20,19,1672,18.6,0,1,1,0,0,0,3,0,0.05,,,,,,,,,,,,,,,6,1,16.7,0.32,0.05,0.0,0.0,84,48.9,87.0,15,1,24.0,1,1.2,20,24,-4,-0.22,-0.11,0,30,37,0,86,27,30,0
943,Iñigo Ruiz de Galarreta,es ESP,MF,Athletic Club,es La Liga,31.0,1993.0,34,30,2206,24.5,1,2,3,1,0,0,10,0,0.12,,,,,,,,,,,,,,,20,2,10.0,0.82,0.08,0.05,0.5,65,64.5,68.0,4,4,45.0,1,1.15,28,37,-9,-0.37,0.08,0,54,41,0,62,24,32,0
944,Conor Gallagher,eng ENG,MF,Tottenham Hotspur,eng Premier League,25.0,2000.0,16,14,1184,13.2,1,1,2,1,0,0,2,0,0.15,,,,,,,,,,,,,,,11,4,36.4,0.84,0.3,0.09,0.25,74,34.6,81.0,5,2,28.0,0,0.81,13,23,-10,-0.76,-0.8,0,25,23,1,23,18,14,0
946,Antonino Gallo,it ITA,DF,Lecce,it Serie A,25.0,2000.0,37,34,3056,34.0,0,4,4,0,0,0,3,0,0.12,,,,,,,,,,,,,,,6,1,16.7,0.18,0.03,0.0,0.0,83,89.4,87.0,29,3,29.0,0,1.03,25,43,-18,-0.53,0.46,0,7,13,0,134,15,37,0
947,Idrissa Gana Gueye,sn SEN,MF,Everton,eng Premier League,35.0,1989.0,25,25,2093,23.3,2,3,5,2,0,0,1,1,0.22,,,,,,,,,,,,,,,29,7,24.1,1.25,0.3,0.07,0.29,84,61.2,84.0,16,0,,0,1.32,26,26,0,0.0,0.2,0,21,31,0,19,29,21,0
948,Ignatius Ganago,cm CMR,FW,Nantes,fr Ligue 1,26.0,1999.0,14,11,929,10.3,3,1,4,2,1,1,1,0,0.29,,,,,,,,,,,,,,,23,7,30.4,2.23,0.68,0.09,0.29,66,30.4,77.0,4,3,26.0,1,0.64,9,7,2,0.19,1.25,0,11,14,3,9,2,3,0
949,Omri Gandelman,il ISR,"MF,FW",Lecce,it Serie A,25.0,2000.0,19,10,975,10.8,2,1,3,2,0,0,0,0,0.28,,,,,,,,,,,,,,,10,3,30.0,0.92,0.28,0.2,0.67,51,28.5,72.0,2,9,28.0,1,1.11,7,12,-5,-0.46,0.16,0,13,3,1,4,4,6,0
950,Ismaëlo Ganiou,fr FRA,DF,Lens,fr Ligue 1,20.0,2005.0,23,22,2014,22.4,3,0,3,3,0,0,4,1,0.13,,,,,,,,,,,,,,,22,4,18.2,0.98,0.18,0.14,0.75,88,65.8,89.0,21,1,52.0,8,2.09,44,25,19,0.85,-0.18,1,25,22,0,17,29,27,0
953,Aleix García,es ESP,MF,Leverkusen,de Bundesliga,28.0,1997.0,33,31,2667,29.6,3,8,11,3,0,0,6,0,0.37,,,,,,,,,,,,,,,30,5,16.7,1.01,0.17,0.1,0.6,81,87.2,83.0,19,2,43.0,0,1.7,59,39,20,0.67,0.45,0,8,19,2,123,22,20,0
954,Álvaro García,es ESP,"MF,FW",Rayo Vallecano,es La Liga,32.0,1992.0,32,23,2101,23.3,4,5,9,4,0,0,3,0,0.39,,,,,,,,,,,,,,,47,19,40.4,2.01,0.81,0.09,0.21,66,61.4,79.0,7,9,31.0,1,1.19,21,29,-8,-0.34,-0.68,0,19,12,15,91,14,15,0
957,Eric García,es ESP,"DF,MF",Barcelona,es La Liga,24.0,2001.0,34,32,2721,30.2,1,1,2,1,0,0,6,0,0.07,,,,,,,,,,,,,,,25,7,28.0,0.83,0.23,0.04,0.14,80,79.6,83.0,21,2,29.0,3,2.5,78,22,56,1.85,1.47,0,33,24,1,14,50,44,0
958,Fran Garcia,es ESP,"DF,MF",Real Madrid,es La Liga,25.0,1999.0,13,10,929,10.3,1,1,2,1,0,0,2,1,0.19,,,,,,,,,,,,,,,6,2,33.3,0.58,0.19,0.17,0.5,71,27.2,83.0,6,3,34.0,24,2.08,19,10,9,0.87,-0.32,1,7,14,1,28,6,12,0
959,Gonzalo García,es ESP,FW,Real Madrid,es La Liga,21.0,2004.0,30,9,964,10.7,6,1,7,6,0,0,2,0,0.65,,,,,,,,,,,,,,,21,11,52.4,1.96,1.03,0.29,0.55,32,28.2,74.0,2,21,14.0,8,2.23,27,12,15,1.4,0.41,0,9,6,0,3,2,7,0
961,Joan García,es ESP,GK,Barcelona,es La Liga,24.0,2001.0,30,30,2700,30.0,0,0,0,0,0,0,1,0,0.0,21.0,0.7,92.0,74.0,80.4,27.0,1.0,2.0,15.0,50.0,3.0,3.0,0.0,0.0,0,0,,0.0,0.0,,,90,78.9,90.0,30,0,,2,2.73,81,21,60,2.0,2.12,0,0,4,0,0,1,4,0
963,Rubén García,es ESP,"MF,FW",Osasuna,es La Liga,32.0,1993.0,35,28,2229,24.8,2,5,7,2,0,0,6,0,0.28,,,,,,,,,,,,,,,31,10,32.3,1.25,0.4,0.06,0.2,64,65.2,73.0,4,7,27.0,0,1.17,26,30,-4,-0.16,-0.01,0,36,27,1,154,17,31,0
965,Ulisses Garcia,ch SUI,DF,Sassuolo,it Serie A,29.0,1996.0,13,10,943,10.5,1,2,3,1,0,0,3,0,0.29,,,,,,,,,,,,,,,2,1,50.0,0.19,0.1,0.5,1.0,73,27.6,86.0,8,3,27.0,1,1.31,15,10,5,0.48,0.8,0,11,2,1,34,8,10,0
966,Víctor García,es ESP,"MF,FW",Levante,es La Liga,27.0,1997.0,21,12,1040,11.6,2,1,3,2,0,0,1,0,0.26,,,,,,,,,,,,,,,19,8,42.1,1.64,0.69,0.11,0.25,50,30.4,68.0,1,9,25.0,8,1.1,13,15,-2,-0.17,0.28,0,13,11,3,65,7,15,0
967,Alejandro Garnacho,ar ARG,MF,Chelsea,eng Premier League,21.0,2004.0,24,14,1268,14.1,1,4,5,1,0,0,2,0,0.35,,,,,,,,,,,,,,,33,7,21.2,2.34,0.5,0.03,0.14,53,37.1,68.0,4,10,31.0,9,1.46,20,20,0,0.0,-0.25,0,9,23,2,61,4,13,0
968,James Garner,eng ENG,"MF,DF",Everton,eng Premier League,24.0,2001.0,38,38,3413,37.9,2,7,9,2,0,0,12,0,0.24,,,,,,,,,,,,,,,45,14,31.1,1.19,0.37,0.04,0.14,90,99.8,90.0,37,0,,0,1.29,47,50,-3,-0.08,-0.08,0,39,42,0,205,57,72,0
970,Federico Gatti,it ITA,DF,Juventus,it Serie A,27.0,1998.0,21,12,1093,12.1,2,0,2,2,0,0,3,0,0.16,,,,,,,,,,,,,,,14,6,42.9,1.15,0.49,0.14,0.33,52,32.0,80.0,7,9,15.0,10,2.0,12,13,-1,-0.08,-1.17,0,17,6,0,2,12,10,0
974,Paulo Gazzaniga,ar ARG,GK,Girona,es La Liga,33.0,1992.0,35,35,3102,34.5,0,0,0,0,0,0,4,1,0.0,47.0,1.36,158.0,115.0,72.8,9.0,13.0,13.0,6.0,17.1,5.0,4.0,0.0,1.0,0,0,,0.0,0.0,,,89,90.7,89.0,34,0,,2,1.14,37,47,-10,-0.29,1.41,0,1,5,0,0,0,1,0
975,Jean-Philippe Gbamin,ci CIV,"DF,MF",Metz,fr Ligue 1,29.0,1995.0,31,30,2485,27.6,1,1,2,1,0,0,2,1,0.07,,,,,,,,,,,,,,,14,7,50.0,0.51,0.25,0.07,0.14,80,81.2,82.0,25,1,26.0,0,0.48,27,63,-36,-1.3,-0.05,0,25,8,0,5,27,27,0
976,Yann Gboho,fr FRA,"MF,FW",Toulouse,fr Ligue 1,24.0,2001.0,32,31,2691,29.9,8,3,11,8,0,0,1,1,0.37,,,,,,,,,,,,,,,58,16,27.6,1.94,0.54,0.14,0.5,84,87.9,85.0,22,1,45.0,0,1.31,41,37,4,0.13,0.87,0,16,69,5,33,13,19,0
977,David de Gea,es ESP,GK,Fiorentina,it Serie A,34.0,1990.0,37,37,3330,37.0,0,0,0,0,0,0,0,0,0.0,49.0,1.32,163.0,119.0,73.0,9.0,14.0,14.0,10.0,27.0,6.0,5.0,1.0,0.0,0,0,,0.0,0.0,,,90,97.4,90.0,37,0,,1,1.11,40,49,-9,-0.24,-0.24,0,0,6,0,0,0,0,0
978,Lutsharel Geertruida,nl NED,"DF,MF",Sunderland,eng Premier League,25.0,2000.0,28,17,1693,18.8,0,0,0,0,0,0,2,0,0.0,,,,,,,,,,,,,,,11,3,27.3,0.58,0.16,0.0,0.0,60,49.5,87.0,14,11,20.0,7,1.36,16,23,-7,-0.37,-0.42,0,15,7,1,9,20,22,0
982,Yannick Gerhardt,de GER,MF,Wolfsburg,de Bundesliga,31.0,1994.0,19,12,1068,11.9,1,0,1,1,0,0,1,0,0.08,,,,,,,,,,,,,,,11,1,9.1,0.93,0.08,0.09,1.0,56,34.9,81.0,4,7,13.0,11,1.16,17,29,-12,-1.01,-0.47,0,20,14,0,8,10,8,0
983,Willem Geubbels,fr FRA,FW,Paris FC,fr Ligue 1,23.0,2001.0,24,12,1013,11.3,5,0,5,4,1,1,0,0,0.36,,,,,,,,,,,,,,,30,9,30.0,2.67,0.8,0.13,0.44,42,33.1,66.0,0,12,18.0,6,1.29,14,17,-3,-0.27,-0.27,0,19,3,10,9,6,2,0
987,Daniele Ghilardi,it ITA,DF,Roma,it Serie A,22.0,2003.0,23,9,1097,12.2,0,0,0,0,0,0,1,0,0.0,,,,,,,,,,,,,,,3,0,0.0,0.25,0.0,0.0,,48,32.1,80.0,7,14,27.0,15,2.0,19,15,4,0.33,-0.6,0,23,17,0,3,22,15,0
989,Dimitris Giannoulis,gr GRE,MF,Augsburg,de Bundesliga,29.0,1995.0,27,25,1888,21.0,2,5,7,2,0,0,8,0,0.33,,,,,,,,,,,,,,,10,6,60.0,0.48,0.29,0.2,0.33,70,61.7,74.0,9,2,25.0,0,1.37,32,39,-7,-0.33,0.36,0,16,20,4,99,21,20,0
990,Morgan Gibbs-White,eng ENG,MF,Nottingham Forest,eng Premier League,25.0,2000.0,37,35,3097,34.4,15,4,19,14,1,1,1,0,0.52,,,,,,,,,,,,,,,83,32,38.6,2.41,0.93,0.17,0.44,84,90.6,87.0,20,2,33.0,0,1.16,42,45,-3,-0.09,-0.09,0,26,41,5,42,12,16,0
991,Bryan Gil,es ESP,"MF,FW",Girona,es La Liga,24.0,2001.0,29,20,1578,17.5,0,3,3,0,0,0,6,0,0.17,,,,,,,,,,,,,,,27,7,25.9,1.54,0.4,0.0,0.0,54,46.1,69.0,1,9,23.0,2,1.14,19,21,-2,-0.11,0.57,0,20,37,6,52,9,18,0
992,Mario Gila,es ESP,DF,Lazio,it Serie A,24.0,2000.0,31,31,2472,27.5,0,0,0,0,0,0,4,1,0.0,,,,,,,,,,,,,,,12,3,25.0,0.44,0.11,0.0,0.0,80,72.3,80.0,19,0,,0,1.45,31,28,3,0.11,0.3,0,19,25,0,1,26,34,0
994,Benedikt Gimber,de GER,DF,Heidenheim,de Bundesliga,28.0,1997.0,21,18,1436,16.0,0,0,0,0,0,0,6,0,0.0,,,,,,,,,,,,,,,4,1,25.0,0.25,0.06,0.0,0.0,68,46.9,75.0,10,3,28.0,6,0.62,8,40,-32,-2.01,-2.06,0,27,31,0,5,15,21,0
996,Gvidas Gineitis,lt LTU,MF,Torino,it Serie A,21.0,2004.0,29,23,1756,19.5,0,1,1,0,0,0,5,0,0.05,,,,,,,,,,,,,,,27,5,18.5,1.38,0.26,0.0,0.0,61,51.3,72.0,8,6,17.0,5,1.31,19,32,-13,-0.67,-0.34,0,43,32,1,64,23,28,0
997,Matthias Ginter,de GER,DF,Freiburg,de Bundesliga,31.0,1994.0,32,32,2833,31.5,3,3,6,3,0,0,3,0,0.19,,,,,,,,,,,,,,,19,7,36.8,0.6,0.22,0.16,0.43,89,92.6,89.0,29,0,,0,1.47,49,51,-2,-0.06,1.52,0,16,19,2,15,22,14,0
998,Giovane,br BRA,"FW,MF",Hellas Verona,it Serie A,21.0,2003.0,21,19,1533,17.0,3,4,7,3,0,0,2,0,0.41,,,,,,,,,,,,,,,47,25,53.2,2.76,1.47,0.06,0.12,73,44.8,77.0,8,2,33.0,0,0.67,12,23,-11,-0.65,0.55,0,21,15,8,56,5,9,0
1000,Olivier Giroud,fr FRA,FW,Lille,fr Ligue 1,38.0,1986.0,30,17,1609,17.9,7,1,8,4,3,4,2,0,0.28,,,,,,,,,,,,,,,41,16,39.0,2.29,0.89,0.1,0.25,54,52.6,78.0,4,13,22.0,1,1.7,16,25,-9,-0.5,-1.99,0,27,31,8,2,4,8,0
1003,Serge Gnabry,de GER,MF,Bayern Munich,de Bundesliga,30.0,1995.0,21,16,1219,13.5,8,6,14,8,0,0,1,0,1.03,,,,,,,,,,,,,,,50,17,34.0,3.69,1.26,0.16,0.47,58,39.8,68.0,1,5,26.0,4,2.71,48,14,34,2.51,-0.03,0,9,6,6,21,4,10,0
1005,Giorgi Gocholeishvili,ge GEO,MF,Hamburger SV,de Bundesliga,24.0,2001.0,24,9,940,10.4,0,2,2,0,0,0,3,1,0.19,,,,,,,,,,,,,,,14,2,14.3,1.34,0.19,0.0,0.0,39,30.7,78.0,1,15,16.0,6,1.33,9,12,-3,-0.29,0.18,1,13,19,3,20,7,14,0
1006,Martial Godo,ci CIV,MF,Strasbourg,fr Ligue 1,22.0,2003.0,28,18,1584,17.6,10,1,11,10,0,0,2,0,0.62,,,,,,,,,,,,,,,41,17,41.5,2.33,0.97,0.24,0.59,57,51.8,79.0,8,10,15.0,2,1.68,41,23,18,1.02,1.45,0,15,32,11,31,15,13,0
1010,Aleksandr Golovin,ru RUS,MF,Monaco,fr Ligue 1,29.0,1996.0,25,21,1649,18.3,5,5,10,5,0,0,4,1,0.55,,,,,,,,,,,,,,,34,18,52.9,1.86,0.98,0.15,0.28,66,53.9,74.0,4,4,26.0,2,1.72,28,19,9,0.49,0.68,1,29,18,2,37,21,18,0
1014,João Gomes,br BRA,MF,Wolves,eng Premier League,24.0,2001.0,35,32,2829,31.4,1,1,2,1,0,0,10,0,0.06,,,,,,,,,,,,,,,19,7,36.8,0.6,0.22,0.05,0.14,81,82.7,86.0,23,3,24.0,1,0.51,21,56,-35,-1.11,-0.2,0,69,49,1,31,36,68,0
1015,Rodrigo Gomes,pt POR,"MF,FW",Wolves,eng Premier League,22.0,2003.0,22,9,960,10.7,3,0,3,3,0,0,0,0,0.28,,,,,,,,,,,,,,,20,6,30.0,1.87,0.56,0.15,0.5,44,28.1,72.0,1,13,24.0,4,0.59,12,18,-6,-0.56,0.72,0,6,8,3,24,11,18,0
1016,Toti Gomes,pt POR,DF,Wolves,eng Premier League,26.0,1999.0,19,17,1424,15.8,0,0,0,0,0,0,2,1,0.0,,,,,,,,,,,,,,,5,2,40.0,0.32,0.13,0.0,0.0,75,41.6,82.0,12,2,13.0,7,0.32,7,33,-26,-1.64,-0.97,0,11,11,0,11,13,11,0
1017,Diego Gómez,py PAR,"MF,FW",Brighton,eng Premier League,22.0,2003.0,32,26,2120,23.6,5,1,6,5,0,0,9,0,0.25,,,,,,,,,,,,,,,42,14,33.3,1.78,0.59,0.12,0.36,66,62.0,75.0,2,6,28.0,0,1.41,26,29,-3,-0.13,-0.75,0,49,11,1,23,19,49,0
1019,Moi Gómez,es ESP,MF,Osasuna,es La Liga,31.0,1994.0,26,12,1201,13.3,0,2,2,0,0,0,3,0,0.15,,,,,,,,,,,,,,,11,2,18.2,0.82,0.15,0.0,0.0,46,35.1,78.0,3,14,19.0,10,0.88,15,15,0,0.0,0.24,0,20,22,0,36,11,9,0
1020,Sergio Gómez,es ESP,DF,Real Sociedad,es La Liga,24.0,2000.0,35,30,2701,30.0,0,6,6,0,0,0,5,1,0.2,,,,,,,,,,,,,,,12,0,0.0,0.4,0.0,0.0,,77,79.0,86.0,20,5,23.0,1,1.23,47,45,2,0.07,0.57,0,45,15,4,153,32,53,0
1021,Unai Gómez,es ESP,MF,Athletic Club,es La Liga,22.0,2003.0,26,12,936,10.4,1,1,2,1,0,0,1,0,0.19,,,,,,,,,,,,,,,23,7,30.4,2.21,0.67,0.04,0.14,36,27.4,53.0,0,14,21.0,10,1.31,9,24,-15,-1.44,-1.44,0,12,6,4,23,3,8,0
1022,Valentín Gómez,ar ARG,DF,Real Betis,es La Liga,22.0,2003.0,28,19,1882,20.9,1,0,1,1,0,0,5,0,0.05,,,,,,,,,,,,,,,11,5,45.5,0.53,0.24,0.09,0.2,67,55.0,90.0,19,9,19.0,9,1.68,29,28,1,0.05,-0.54,0,26,11,1,12,23,25,0
1027,Nicolás González,es ESP,MF,Manchester City,eng Premier League,23.0,2002.0,25,17,1569,17.4,1,0,1,1,0,0,6,0,0.06,,,,,,,,,,,,,,,14,2,14.3,0.8,0.11,0.07,0.5,63,45.9,81.0,10,8,25.0,8,2.12,39,17,22,1.26,0.29,0,30,18,0,3,24,30,0
1028,Nicolás González,ar ARG,"MF,DF",Atlético Madrid,es La Liga,27.0,1998.0,24,18,1448,16.1,5,0,5,5,0,0,4,1,0.31,,,,,,,,,,,,,,,43,21,48.8,2.67,1.31,0.12,0.24,60,42.3,70.0,5,6,31.0,0,2.0,28,15,13,0.81,0.58,0,28,25,2,27,11,16,0
1030,Urko González,es ESP,MF,Espanyol,es La Liga,24.0,2001.0,35,28,2623,29.1,0,1,1,0,0,0,7,0,0.03,,,,,,,,,,,,,,,18,1,5.6,0.62,0.03,0.0,0.0,75,76.7,88.0,23,7,22.0,0,1.2,32,45,-13,-0.45,-0.56,0,42,42,1,12,29,33,0
1032,Anthony Gordon,eng ENG,FW,Newcastle United,eng Premier League,24.0,2001.0,26,24,1795,19.9,6,2,8,3,3,3,3,1,0.25,,,,,,,,,,,,,,,48,20,41.7,2.41,1.0,0.06,0.15,69,52.5,74.0,4,2,13.0,4,1.31,24,28,-4,-0.2,-0.31,0,13,40,5,69,3,13,0
1033,Leon Goretzka,de GER,MF,Bayern Munich,de Bundesliga,30.0,1995.0,31,25,1947,21.6,5,3,8,5,0,0,4,0,0.37,,,,,,,,,,,,,,,35,11,31.4,1.62,0.51,0.14,0.45,63,63.6,74.0,10,6,18.0,3,2.65,72,20,52,2.4,-0.35,0,15,16,2,7,26,19,0
1035,Andoni Gorosabel,es ESP,DF,Athletic Club,es La Liga,28.0,1996.0,24,15,1360,15.1,0,1,1,0,0,0,3,0,0.07,,,,,,,,,,,,,,,5,1,20.0,0.33,0.07,0.0,0.0,57,39.8,78.0,8,9,21.0,13,1.21,19,26,-7,-0.46,-0.11,0,13,12,0,55,18,24,0
1036,Jon Gorrotxategi,es ESP,MF,Real Sociedad,es La Liga,23.0,2002.0,30,26,2210,24.6,1,3,4,1,0,0,7,0,0.16,,,,,,,,,,,,,,,13,1,7.7,0.53,0.04,0.08,1.0,74,64.6,80.0,15,4,30.0,2,1.2,36,39,-3,-0.12,-0.2,0,33,27,0,5,31,29,1
1038,Alimami Gory,ml MLI,"MF,DF",Paris FC,fr Ligue 1,28.0,1996.0,24,9,982,10.9,5,1,6,5,0,0,3,0,0.55,,,,,,,,,,,,,,,19,6,31.6,1.74,0.55,0.26,0.83,41,32.1,69.0,1,15,24.0,3,1.21,13,20,-7,-0.64,-0.81,0,12,15,8,10,8,11,0
1039,Robin Gosens,de GER,"DF,MF",Fiorentina,it Serie A,31.0,1994.0,26,24,1881,20.9,3,1,4,3,0,0,2,0,0.19,,,,,,,,,,,,,,,18,7,38.9,0.86,0.33,0.17,0.43,72,55.0,77.0,10,2,20.0,4,1.12,19,24,-5,-0.24,-0.01,0,24,25,3,41,23,18,0
1042,Amine Gouiri,dz ALG,"FW,MF",Marseille,fr Ligue 1,25.0,2000.0,22,15,1326,14.7,8,3,11,8,0,0,1,0,0.75,,,,,,,,,,,,,,,38,17,44.7,2.58,1.15,0.21,0.47,60,43.3,77.0,4,7,25.0,1,1.73,28,22,6,0.41,-0.22,0,17,16,4,37,3,9,0
1043,Lucas Gourna-Douath,fr FRA,MF,Le Havre,fr Ligue 1,21.0,2003.0,15,14,1272,14.1,0,0,0,0,0,0,5,0,0.0,,,,,,,,,,,,,,,9,2,22.2,0.64,0.14,0.0,0.0,85,41.6,88.0,10,1,45.0,0,0.87,11,18,-7,-0.5,-0.24,0,24,35,2,5,15,12,0
1046,Kamil Grabara,pl POL,GK,Wolfsburg,de Bundesliga,26.0,1999.0,34,34,3060,34.0,0,0,0,0,0,0,1,0,0.0,69.0,2.03,179.0,120.0,65.4,7.0,8.0,19.0,2.0,5.9,12.0,7.0,3.0,2.0,1,0,0.0,0.03,0.0,0.0,,90,100.0,90.0,34,0,,0,0.85,45,69,-24,-0.71,,0,0,2,0,0,1,1,0
1048,Alberto Grassi,it ITA,MF,Cremonese,it Serie A,30.0,1995.0,30,18,1753,19.5,0,0,0,0,0,0,4,1,0.0,,,,,,,,,,,,,,,13,4,30.8,0.67,0.21,0.0,0.0,58,51.3,76.0,6,12,33.0,3,0.97,15,31,-16,-0.82,-0.34,0,17,30,0,3,35,11,0
1049,Ryan Gravenberch,nl NED,MF,Liverpool,eng Premier League,23.0,2002.0,36,34,2992,33.2,5,3,8,5,0,0,5,0,0.24,,,,,,,,,,,,,,,38,13,34.2,1.14,0.39,0.13,0.38,83,87.5,86.0,28,2,29.0,0,1.58,50,42,8,0.24,-0.18,0,38,42,0,8,44,35,0
1050,Archie Gray,eng ENG,"MF,DF",Tottenham Hotspur,eng Premier League,19.0,2006.0,24,18,1478,16.4,2,2,4,2,0,0,5,0,0.24,,,,,,,,,,,,,,,11,5,45.5,0.67,0.3,0.18,0.4,62,43.2,78.0,9,6,11.0,11,0.83,18,28,-10,-0.61,-0.66,0,12,2,0,12,17,8,0
1051,Jack Grealish,eng ENG,MF,Everton,eng Premier League,29.0,1995.0,20,18,1627,18.1,2,6,8,2,0,0,5,1,0.44,,,,,,,,,,,,,,,26,8,30.8,1.44,0.44,0.08,0.25,81,47.6,88.0,11,2,20.0,0,1.55,23,23,0,0.0,0.15,1,13,58,0,39,11,15,0
1052,Mason Greenwood,eng ENG,MF,Marseille,fr Ligue 1,23.0,2001.0,32,29,2462,27.4,16,7,23,10,6,8,4,0,0.62,,,,,,,,,,,,,,,116,48,41.4,4.24,1.75,0.09,0.21,77,80.5,82.0,16,3,31.0,1,1.75,52,36,16,0.58,0.28,0,22,34,1,112,4,13,0
1053,Michael Gregoritsch,at AUT,FW,Augsburg,de Bundesliga,31.0,1994.0,17,11,913,10.1,6,2,8,5,1,1,2,0,0.69,,,,,,,,,,,,,,,29,10,34.5,2.86,0.99,0.17,0.5,54,29.8,73.0,2,6,19.0,1,1.35,19,14,5,0.49,1.37,0,5,18,4,6,5,4,0
1054,Dominik Greif,sk SVK,GK,Lyon,fr Ligue 1,28.0,1997.0,29,29,2610,29.0,0,1,1,0,0,0,1,0,0.03,37.0,1.28,110.0,77.0,68.2,15.0,5.0,9.0,11.0,37.9,5.0,2.0,3.0,0.0,0,0,,0.0,0.0,,,90,85.3,90.0,29,0,,4,1.72,47,37,10,0.34,-0.26,0,0,6,0,0,0,0,0
1055,Antoine Griezmann,fr FRA,FW,Atlético Madrid,es La Liga,34.0,1991.0,34,13,1481,16.5,7,4,11,7,0,0,1,0,0.67,,,,,,,,,,,,,,,47,25,53.2,2.86,1.52,0.15,0.28,44,43.3,70.0,4,21,27.0,1,1.86,32,23,9,0.55,0.13,0,4,10,15,80,8,9,0
1056,Vincenzo Grifo,it ITA,MF,Freiburg,de Bundesliga,32.0,1993.0,33,21,1710,19.0,7,4,11,3,4,4,0,0,0.37,,,,,,,,,,,,,,,30,12,40.0,1.58,0.63,0.1,0.25,52,55.9,70.0,4,12,20.0,1,1.42,27,33,-6,-0.32,-0.32,0,10,12,2,111,16,5,0
1057,Álex Grimaldo,es ESP,MF,Leverkusen,de Bundesliga,29.0,1995.0,29,29,2521,28.0,8,7,15,5,3,3,5,0,0.43,,,,,,,,,,,,,,,61,21,34.4,2.18,0.75,0.08,0.24,87,82.4,87.0,25,0,,1,1.79,60,40,20,0.71,0.55,0,11,29,8,174,18,25,0
1059,Pascal Groß,de GER,MF,Brighton,eng Premier League,34.0,1991.0,19,18,1636,18.2,1,3,4,1,0,0,2,0,0.22,,,,,,,,,,,,,,,18,9,50.0,0.99,0.5,0.06,0.11,86,47.8,90.0,16,1,20.0,0,1.47,22,17,5,0.28,0.22,0,17,12,4,119,11,17,0
1063,Ilia Gruev,bg BUL,MF,Leeds United,eng Premier League,25.0,2000.0,23,15,1323,14.7,0,3,3,0,0,0,3,0,0.2,,,,,,,,,,,,,,,7,1,14.3,0.48,0.07,0.0,0.0,58,38.7,79.0,6,8,17.0,10,1.52,17,22,-5,-0.34,-0.25,0,16,9,0,16,14,13,0
1064,Marco Grüll,at AUT,"MF,FW",Werder Bremen,de Bundesliga,27.0,1998.0,33,23,2006,22.3,3,1,4,3,0,0,5,0,0.18,,,,,,,,,,,,,,,43,13,30.2,1.93,0.58,0.07,0.23,61,65.6,77.0,6,10,24.0,0,0.94,21,38,-17,-0.76,-0.25,0,33,28,2,69,14,20,0
1067,Nemanja Gudelj,rs SRB,"DF,MF",Sevilla,es La Liga,33.0,1991.0,34,26,2348,26.1,2,0,2,2,0,0,9,0,0.08,,,,,,,,,,,,,,,31,9,29.0,1.19,0.34,0.06,0.22,69,68.7,85.0,19,8,19.0,3,1.18,33,41,-8,-0.31,0.2,0,40,11,0,7,23,23,0
1068,Gabriel Gudmundsson,se SWE,"DF,MF",Leeds United,eng Premier League,26.0,1999.0,32,31,2631,29.2,0,0,0,0,0,0,6,1,0.0,,,,,,,,,,,,,,,18,3,16.7,0.62,0.1,0.0,0.0,82,76.9,84.0,21,1,22.0,0,1.19,40,45,-5,-0.17,0.06,1,31,56,3,88,28,47,1
1069,Gonçalo Guedes,pt POR,MF,Real Sociedad,es La Liga,28.0,1996.0,32,22,1823,20.3,8,4,12,8,0,0,3,0,0.59,,,,,,,,,,,,,,,46,18,39.1,2.27,0.89,0.17,0.44,57,53.3,72.0,5,10,25.0,0,1.31,32,26,6,0.3,0.75,0,18,33,13,70,4,16,0
1070,Marc Guéhi,eng ENG,DF,Crystal Palace,eng Premier League,25.0,2000.0,20,20,1800,20.0,2,2,4,2,0,0,4,0,0.2,,,,,,,,,,,,,,,15,4,26.7,0.75,0.2,0.13,0.5,90,52.6,90.0,20,0,,0,1.35,22,23,-1,-0.05,0.45,0,14,18,0,10,24,19,0
1071,Marc Guéhi,eng ENG,DF,Manchester City,eng Premier League,25.0,2000.0,15,15,1350,15.0,1,1,2,1,0,0,2,0,0.13,,,,,,,,,,,,,,,17,5,29.4,1.13,0.33,0.06,0.2,90,39.5,90.0,15,0,,0,2.33,31,12,19,1.27,0.27,0,11,20,0,7,25,12,0
1072,Mattéo Guendouzi,fr FRA,MF,Lazio,it Serie A,26.0,1999.0,16,16,1428,15.9,2,1,3,2,0,0,5,1,0.19,,,,,,,,,,,,,,,16,8,50.0,1.01,0.5,0.13,0.25,89,41.8,89.0,14,0,,0,1.25,13,12,1,0.06,0.06,0,17,21,0,20,11,8,0
1073,Javier Guerra,es ESP,"MF,FW",Valencia,es La Liga,22.0,2003.0,36,25,2061,22.9,4,6,10,4,0,0,3,0,0.44,,,,,,,,,,,,,,,31,12,38.7,1.35,0.52,0.13,0.33,57,60.3,75.0,6,11,18.0,2,1.36,30,31,-1,-0.04,0.49,0,27,20,2,46,23,15,0
1082,Pape Gueye,sn SEN,MF,Villarreal,es La Liga,26.0,1999.0,30,26,2131,23.7,5,2,7,4,1,1,8,0,0.25,,,,,,,,,,,,,,,47,13,27.7,1.98,0.55,0.09,0.31,71,62.3,79.0,10,4,23.0,3,1.87,47,28,19,0.8,0.31,0,35,54,2,14,35,22,0
1086,Bruno Guimarães,br BRA,MF,Newcastle United,eng Premier League,27.0,1997.0,29,27,2453,27.3,9,5,14,7,2,2,6,0,0.44,,,,,,,,,,,,,,,42,23,54.8,1.54,0.84,0.17,0.3,85,71.7,88.0,19,2,37.0,1,1.45,43,36,7,0.26,1.09,0,45,75,2,82,16,41,0
1087,Daouda Guindo,ml MLI,DF,Brest,fr Ligue 1,22.0,2002.0,25,19,1686,18.7,1,1,2,1,0,0,4,1,0.11,,,,,,,,,,,,,,,21,5,23.8,1.12,0.27,0.05,0.2,67,55.1,83.0,12,6,19.0,4,1.2,22,26,-4,-0.21,0.31,0,26,15,4,38,30,30,0
1089,Serhou Guirassy,gn GUI,FW,Dortmund,de Bundesliga,29.0,1996.0,33,27,2337,26.0,17,1,18,16,1,3,3,0,0.65,,,,,,,,,,,,,,,84,40,47.6,3.23,1.54,0.19,0.4,71,76.4,81.0,9,6,24.0,1,2.12,52,22,30,1.16,0.41,0,37,36,7,4,0,1,0
1092,Péter Gulácsi,hu HUN,GK,RB Leipzig,de Bundesliga,35.0,1990.0,23,23,2008,22.3,0,0,0,0,0,0,1,0,0.0,32.0,1.43,83.0,52.0,63.9,12.0,4.0,7.0,9.0,39.1,2.0,2.0,0.0,0.0,0,0,,0.0,0.0,,,87,65.6,87.0,22,0,,6,1.74,41,32,9,0.4,-0.45,0,0,0,0,0,0,0,0
1093,Arda Güler,tr TUR,MF,Real Madrid,es La Liga,20.0,2005.0,33,25,2014,22.4,4,9,13,4,0,0,1,0,0.58,,,,,,,,,,,,,,,49,19,38.8,2.19,0.85,0.08,0.21,61,58.9,72.0,3,8,27.0,0,2.3,43,21,22,0.98,-0.3,0,21,32,3,129,8,28,0
1094,Gerard Gumbau,es ESP,MF,Rayo Vallecano,es La Liga,30.0,1994.0,28,14,1175,13.1,0,3,3,0,0,0,4,0,0.23,,,,,,,,,,,,,,,20,5,25.0,1.53,0.38,0.0,0.0,42,34.4,69.0,3,14,15.0,10,1.21,17,21,-4,-0.31,-0.35,0,38,5,0,52,11,16,0
1096,Christian Günter,de GER,DF,Freiburg,de Bundesliga,32.0,1993.0,24,18,1547,17.2,0,3,3,0,0,0,3,0,0.17,,,,,,,,,,,,,,,9,0,0.0,0.52,0.0,0.0,,64,50.6,80.0,9,6,17.0,10,1.33,21,31,-10,-0.58,-0.82,0,10,6,5,73,10,12,0
1097,Jon Guridi,es ESP,"MF,FW",Alavés,es La Liga,30.0,1995.0,28,15,1238,13.8,0,0,0,0,0,0,1,0,0.0,,,,,,,,,,,,,,,15,4,26.7,1.09,0.29,0.0,0.0,44,36.2,66.0,1,13,19.0,9,1.11,15,25,-10,-0.73,-0.64,0,15,8,2,12,10,19,0
1098,Gorka Guruzeta,es ESP,FW,Athletic Club,es La Liga,28.0,1996.0,35,28,2363,26.3,10,3,13,9,1,1,6,1,0.46,,,,,,,,,,,,,,,84,32,38.1,3.2,1.22,0.11,0.28,68,69.1,77.0,13,7,29.0,2,1.2,31,37,-6,-0.23,0.54,1,49,30,11,7,11,6,0
1099,Malo Gusto,fr FRA,"DF,MF",Chelsea,eng Premier League,22.0,2003.0,34,26,2261,25.1,2,3,5,2,0,0,5,1,0.2,,,,,,,,,,,,,,,12,6,50.0,0.48,0.24,0.17,0.33,67,66.1,80.0,10,8,24.0,1,1.32,42,35,7,0.28,0.36,1,20,20,1,58,30,23,1
1101,Miguel Gutiérrez,es ESP,"MF,DF",Napoli,it Serie A,24.0,2001.0,28,15,1488,16.5,1,1,2,1,0,0,0,0,0.12,,,,,,,,,,,,,,,15,5,33.3,0.91,0.3,0.07,0.2,53,43.5,82.0,9,13,20.0,6,1.89,24,18,6,0.36,-0.38,0,19,28,1,48,7,22,0
1102,Albert Guðmundsson,is ISL,"FW,MF",Fiorentina,it Serie A,28.0,1997.0,33,27,2250,25.0,5,4,9,2,3,3,4,1,0.24,,,,,,,,,,,,,,,41,15,36.6,1.64,0.6,0.05,0.13,68,65.8,78.0,9,6,26.0,2,1.0,29,28,1,0.04,0.81,0,34,30,6,54,3,4,0
1103,Joško Gvardiol,hr CRO,DF,Manchester City,eng Premier League,23.0,2002.0,18,16,1372,15.2,2,2,4,2,0,0,2,0,0.26,,,,,,,,,,,,,,,17,6,35.3,1.12,0.39,0.12,0.33,76,40.1,83.0,12,2,24.0,2,2.17,37,13,24,1.57,0.78,0,16,7,0,2,16,13,0
1104,Viktor Gyökeres,se SWE,FW,Arsenal,eng Premier League,27.0,1998.0,36,26,2224,24.7,14,1,15,11,3,3,5,0,0.49,,,,,,,,,,,,,,,55,22,40.0,2.23,0.89,0.2,0.5,62,65.0,76.0,10,10,26.0,0,2.25,51,14,37,1.5,0.97,0,35,31,4,8,1,5,0
1105,Erling Haaland,no NOR,FW,Manchester City,eng Premier League,25.0,2000.0,35,34,2953,32.8,27,8,35,24,3,4,2,0,0.98,,,,,,,,,,,,,,,126,59,46.8,3.84,1.8,0.19,0.41,84,86.3,86.0,26,1,18.0,1,2.06,69,32,37,1.13,0.16,0,24,25,5,3,4,7,0
1106,Janik Haberer,de GER,MF,Union Berlin,de Bundesliga,31.0,1994.0,28,20,1646,18.3,0,1,1,0,0,0,8,0,0.05,,,,,,,,,,,,,,,11,1,9.1,0.6,0.05,0.0,0.0,59,53.8,74.0,7,8,22.0,4,1.0,17,39,-22,-1.2,-1.71,0,24,21,1,67,10,19,0
1109,Albian Hajdari,xk KVX,DF,Hoffenheim,de Bundesliga,22.0,2003.0,30,28,2434,27.0,1,2,3,1,0,0,10,0,0.11,,,,,,,,,,,,,,,19,4,21.1,0.7,0.15,0.05,0.25,81,79.5,85.0,20,2,32.0,1,1.77,52,37,15,0.55,0.84,0,43,23,0,19,42,38,0
1110,Achraf Hakimi,ma MAR,DF,Paris Saint-Germain,fr Ligue 1,26.0,1998.0,18,15,1375,15.3,2,2,4,2,0,0,3,1,0.26,,,,,,,,,,,,,,,27,9,33.3,1.77,0.59,0.07,0.22,76,44.9,84.0,12,3,39.0,1,2.22,32,15,17,1.11,-0.38,0,9,17,4,43,11,13,0
1111,Lewis Hall,eng ENG,DF,Newcastle United,eng Premier League,20.0,2004.0,30,24,2181,24.2,1,1,2,1,0,0,4,0,0.08,,,,,,,,,,,,,,,25,6,24.0,1.03,0.25,0.04,0.17,73,63.8,86.0,19,6,19.0,4,1.3,34,39,-5,-0.21,-0.42,0,17,40,0,102,29,31,0
1116,Dávid Hancko,sk SVK,DF,Atlético Madrid,es La Liga,27.0,1997.0,30,27,2432,27.0,0,2,2,0,0,0,2,0,0.07,,,,,,,,,,,,,,,21,5,23.8,0.78,0.19,0.0,0.0,81,71.1,87.0,24,3,25.0,4,1.9,48,31,17,0.63,0.54,0,15,4,2,29,19,27,0
1120,Hákon Haraldsson,is ISL,MF,Lille,fr Ligue 1,22.0,2003.0,32,29,2460,27.3,8,2,10,8,0,0,6,0,0.37,,,,,,,,,,,,,,,50,17,34.0,1.83,0.62,0.16,0.47,77,80.4,83.0,9,3,22.0,0,1.81,42,26,16,0.59,0.74,0,28,43,0,75,12,15,0
1121,Conrad Harder,dk DEN,FW,RB Leipzig,de Bundesliga,20.0,2005.0,29,8,932,10.4,3,3,6,3,0,0,3,0,0.58,,,,,,,,,,,,,,,42,13,31.0,4.06,1.26,0.07,0.23,32,30.5,77.0,3,21,15.0,2,1.83,18,22,-4,-0.39,-1.36,0,21,18,4,13,7,6,0
1122,Jack Harrison,eng ENG,"FW,MF",Fiorentina,it Serie A,28.0,1996.0,15,10,981,10.9,1,3,4,1,0,0,1,0,0.37,,,,,,,,,,,,,,,13,4,30.8,1.19,0.37,0.08,0.25,65,28.7,81.0,6,5,34.0,2,1.6,13,10,3,0.28,0.72,0,9,7,0,56,2,6,0
1124,Abdou Harroui,nl NED,MF,Hellas Verona,it Serie A,27.0,1998.0,23,11,907,10.1,1,0,1,0,1,1,3,0,0.0,,,,,,,,,,,,,,,12,2,16.7,1.19,0.2,0.0,0.0,39,26.5,66.0,0,12,15.0,11,0.57,7,21,-14,-1.39,-0.6,0,22,1,2,28,1,17,0
1125,Quilindschy Hartman,nl NED,DF,Burnley,eng Premier League,23.0,2001.0,21,21,1825,20.3,0,5,5,0,0,0,1,0,0.25,,,,,,,,,,,,,,,9,3,33.3,0.44,0.15,0.0,0.0,87,53.4,87.0,16,0,,9,0.52,18,40,-22,-1.08,-0.24,0,13,3,1,74,32,31,0
1126,Haissem Hassan,eg EGY,"MF,FW",Oviedo,es La Liga,23.0,2002.0,37,20,1942,21.6,0,3,3,0,0,0,1,0,0.14,,,,,,,,,,,,,,,34,8,23.5,1.58,0.37,0.0,0.0,52,56.8,71.0,3,17,30.0,1,0.76,11,33,-22,-1.02,-0.29,0,12,25,3,113,6,26,0
1129,Jorrel Hato,nl NED,DF,Chelsea,eng Premier League,19.0,2006.0,22,12,1148,12.8,0,0,0,0,0,0,7,0,0.0,,,,,,,,,,,,,,,4,0,0.0,0.31,0.0,0.0,,52,33.6,77.0,7,10,23.0,13,1.32,13,27,-14,-1.1,-1.89,0,15,2,0,7,17,19,0
1132,Ayden Heaven,eng ENG,DF,Manchester Utd,eng Premier League,18.0,2006.0,17,11,924,10.3,0,1,1,0,0,0,2,0,0.1,,,,,,,,,,,,,,,3,0,0.0,0.29,0.0,0.0,,54,27.0,80.0,7,6,8.0,21,2.0,20,15,5,0.49,-0.02,0,7,9,0,1,1,13,1
1133,Jan Paul van Hecke,nl NED,DF,Brighton,eng Premier League,25.0,2000.0,36,36,3210,35.7,3,3,6,3,0,0,9,0,0.17,,,,,,,,,,,,,,,23,10,43.5,0.64,0.28,0.13,0.3,89,93.9,89.0,35,0,,0,1.44,52,44,8,0.22,1.08,0,27,43,4,23,45,31,1
1134,Hwang Hee-chan,kr KOR,"FW,MF",Wolves,eng Premier League,29.0,1996.0,26,18,1446,16.1,2,2,4,1,1,1,5,0,0.19,,,,,,,,,,,,,,,19,6,31.6,1.18,0.37,0.05,0.17,56,42.3,73.0,1,8,17.0,7,0.38,10,29,-19,-1.18,-0.18,0,28,18,9,19,12,4,0
1135,Torbjørn Heggem,no NOR,DF,Bologna,it Serie A,26.0,1999.0,27,23,2113,23.5,0,0,0,0,0,0,0,1,0.0,,,,,,,,,,,,,,,11,2,18.2,0.47,0.09,0.0,0.0,78,61.8,88.0,20,4,22.0,6,1.3,31,31,0,0.0,-0.21,0,31,12,0,1,25,19,0
1136,Gauthier Hein,fr FRA,"MF,FW",Metz,fr Ligue 1,28.0,1996.0,29,26,2351,26.1,8,7,15,3,5,5,3,1,0.38,,,,,,,,,,,,,,,44,13,29.5,1.68,0.5,0.07,0.23,81,76.8,87.0,19,3,29.0,0,0.45,28,62,-34,-1.3,-0.03,1,15,17,4,147,9,10,0
1140,Dean Henderson,eng ENG,GK,Crystal Palace,eng Premier League,28.0,1997.0,37,37,3330,37.0,0,0,0,0,0,0,5,0,0.0,51.0,1.38,150.0,104.0,69.3,11.0,11.0,15.0,11.0,29.7,6.0,5.0,1.0,0.0,0,0,,0.0,0.0,,,90,97.4,90.0,37,0,,0,1.19,41,51,-10,-0.27,-0.27,0,2,5,0,0,1,0,0
1141,Jordan Henderson,eng ENG,MF,Brentford,eng Premier League,35.0,1990.0,32,22,1919,21.3,1,3,4,1,0,0,6,0,0.19,,,,,,,,,,,,,,,6,1,16.7,0.28,0.05,0.17,1.0,60,56.1,79.0,10,10,18.0,1,1.41,28,28,0,0.0,-0.18,0,13,7,1,48,16,14,0
1142,Ramon Hendriks,nl NED,DF,Stuttgart,de Bundesliga,24.0,2001.0,31,22,2025,22.5,0,3,3,0,0,0,3,0,0.13,,,,,,,,,,,,,,,5,0,0.0,0.22,0.0,0.0,,65,66.2,86.0,17,9,14.0,2,1.77,50,38,12,0.53,-0.34,0,17,25,0,20,22,15,0
1144,Luis Henrique,br BRA,MF,Inter,it Serie A,23.0,2001.0,30,18,1624,18.0,1,2,3,1,0,0,1,0,0.17,,,,,,,,,,,,,,,15,7,46.7,0.83,0.39,0.07,0.14,54,47.5,75.0,8,12,23.0,7,2.47,35,14,21,1.16,-0.49,0,5,0,1,39,7,16,0
1145,Rico Henry,jm JAM,DF,Brentford,eng Premier League,28.0,1997.0,25,14,1328,14.8,0,1,1,0,0,0,2,0,0.07,,,,,,,,,,,,,,,5,0,0.0,0.34,0.0,0.0,,53,38.8,80.0,6,11,19.0,4,1.64,28,22,6,0.41,0.54,0,15,17,2,26,7,11,0
1147,Mads Hermansen,dk DEN,GK,West Ham United,eng Premier League,25.0,2000.0,18,18,1620,18.0,0,1,1,0,0,0,0,0,0.06,28.0,1.56,81.0,53.0,66.7,6.0,4.0,8.0,7.0,38.9,1.0,1.0,0.0,0.0,0,0,,0.0,0.0,,,90,47.4,90.0,18,0,,20,1.22,21,28,-7,-0.39,0.21,0,0,2,0,0,0,0,0
1148,Mario Hermoso,es ESP,DF,Roma,it Serie A,30.0,1995.0,27,25,2085,23.2,3,2,5,3,0,0,9,0,0.22,,,,,,,,,,,,,,,20,6,30.0,0.86,0.26,0.15,0.5,77,61.0,80.0,14,2,39.0,2,1.93,32,17,15,0.65,-0.23,0,40,19,0,10,30,20,0
1149,Lucas Hernández,fr FRA,DF,Paris Saint-Germain,fr Ligue 1,29.0,1996.0,25,20,1747,19.4,0,3,3,0,0,0,4,0,0.15,,,,,,,,,,,,,,,11,3,27.3,0.57,0.15,0.0,0.0,70,57.1,83.0,15,5,18.0,9,2.52,43,13,30,1.55,0.52,0,22,19,0,16,21,14,0
1151,Jorge Herrando,es ESP,DF,Osasuna,es La Liga,24.0,2001.0,28,17,1600,17.8,0,1,1,0,0,0,3,0,0.06,,,,,,,,,,,,,,,3,0,0.0,0.17,0.0,0.0,,57,46.8,79.0,9,11,23.0,10,1.18,17,26,-9,-0.51,-0.65,0,24,9,0,2,22,15,0
1152,Sergio Herrera,es ESP,GK,Osasuna,es La Liga,32.0,1993.0,37,37,3284,36.5,0,0,0,0,0,0,3,1,0.0,47.0,1.29,152.0,113.0,74.3,11.0,9.0,17.0,7.0,18.9,8.0,8.0,0.0,0.0,0,0,,0.0,0.0,,,89,96.0,89.0,36,0,,0,1.14,43,47,-4,-0.11,1.21,0,3,5,0,0,0,0,0
1156,Daniel Heuer Fernandes,pt POR,GK,Hamburger SV,de Bundesliga,32.0,1992.0,33,33,2970,33.0,0,0,0,0,0,0,3,0,0.0,53.0,1.61,150.0,105.0,68.7,9.0,10.0,14.0,6.0,18.2,10.0,6.0,2.0,2.0,1,0,0.0,0.03,0.0,0.0,,90,97.1,90.0,33,0,,1,1.12,39,53,-14,-0.42,-0.42,0,0,4,0,0,0,0,0
1158,Santiago Hidalgo,ar ARG,"MF,FW",Toulouse,fr Ligue 1,20.0,2005.0,29,15,1396,15.5,4,6,10,4,0,0,4,0,0.64,,,,,,,,,,,,,,,34,14,41.2,2.19,0.9,0.12,0.29,48,45.6,75.0,4,14,20.0,4,1.41,28,15,13,0.84,1.49,0,41,30,8,12,8,20,0
1159,Isak Hien,se SWE,DF,Atalanta,it Serie A,26.0,1999.0,28,20,1970,21.9,1,0,1,1,0,0,5,0,0.05,,,,,,,,,,,,,,,9,3,33.3,0.41,0.14,0.11,0.33,70,57.6,87.0,18,8,30.0,4,1.57,28,24,4,0.18,-0.5,0,36,21,0,0,29,34,1
1161,Omar El Hilali,ma MAR,DF,Espanyol,es La Liga,21.0,2003.0,36,32,2826,31.4,0,2,2,0,0,0,9,0,0.06,,,,,,,,,,,,,,,1,0,0.0,0.03,0.0,0.0,,79,82.6,87.0,26,4,13.0,1,1.28,34,46,-12,-0.38,-0.38,0,44,24,3,57,39,55,0
1162,James Hill,eng ENG,DF,Bournemouth,eng Premier League,23.0,2002.0,29,22,2106,23.4,0,3,3,0,0,0,5,0,0.13,,,,,,,,,,,,,,,12,2,16.7,0.51,0.09,0.0,0.0,73,61.6,88.0,20,7,23.0,5,1.76,34,24,10,0.43,0.84,0,17,13,2,11,37,20,2
1164,Piero Hincapié,ec ECU,DF,Arsenal,eng Premier League,23.0,2002.0,25,20,1792,19.9,1,2,3,1,0,0,2,0,0.15,,,,,,,,,,,,,,,3,2,66.7,0.15,0.1,0.33,0.5,72,52.4,85.0,15,5,18.0,5,2.32,41,19,22,1.1,-0.11,0,18,14,1,33,26,26,1
1166,Jack Hinshelwood,eng ENG,MF,Brighton,eng Premier League,20.0,2005.0,27,20,1741,19.3,4,3,7,4,0,0,0,0,0.36,,,,,,,,,,,,,,,37,15,40.5,1.91,0.78,0.11,0.27,64,50.9,76.0,4,7,32.0,2,1.33,23,23,0,0.0,-0.32,0,32,12,2,7,6,13,1
1170,Jonas Hofmann,de GER,MF,Leverkusen,de Bundesliga,33.0,1992.0,23,11,1013,11.3,2,2,4,2,0,0,3,0,0.36,,,,,,,,,,,,,,,23,7,30.4,2.04,0.62,0.09,0.29,44,33.1,72.0,3,12,19.0,8,1.65,21,10,11,0.98,0.54,0,4,9,2,37,2,10,0
1172,Lucas Höler,de GER,"FW,MF",Freiburg,de Bundesliga,31.0,1994.0,33,25,2037,22.6,3,1,4,3,0,0,4,0,0.18,,,,,,,,,,,,,,,33,15,45.5,1.46,0.66,0.09,0.2,62,66.6,78.0,10,8,12.0,1,1.33,28,43,-15,-0.66,-1.45,0,30,30,12,8,11,12,0
1176,Franck Honorat,fr FRA,"MF,FW",Gladbach,de Bundesliga,28.0,1996.0,28,24,1977,22.0,2,6,8,2,0,0,0,0,0.36,,,,,,,,,,,,,,,17,5,29.4,0.77,0.23,0.12,0.4,71,64.6,78.0,8,4,29.0,0,1.18,24,32,-8,-0.36,-0.11,0,12,6,10,134,5,13,0
1177,Mathias Honsak,at AUT,"MF,FW",Heidenheim,de Bundesliga,28.0,1996.0,27,15,1249,13.9,2,1,3,2,0,0,1,0,0.22,,,,,,,,,,,,,,,31,8,25.8,2.23,0.58,0.06,0.25,46,40.8,67.0,1,12,20.0,2,0.63,11,30,-19,-1.37,-0.77,0,11,15,9,25,17,12,0
1179,Andreas Hountondji,bj BEN,FW,St Pauli,de Bundesliga,23.0,2002.0,21,15,1067,11.9,4,0,4,4,0,1,2,0,0.34,,,,,,,,,,,,,,,21,13,61.9,1.77,1.1,0.19,0.31,51,34.9,60.0,0,6,28.0,0,0.48,8,23,-15,-1.27,-0.54,0,9,6,7,20,0,0,0
1181,Lukáš Hrádecký,fi FIN,GK,Monaco,fr Ligue 1,35.0,1989.0,17,17,1439,16.0,0,0,0,0,0,0,1,0,0.0,27.0,1.69,70.0,45.0,64.3,7.0,2.0,8.0,2.0,11.8,3.0,2.0,0.0,1.0,0,0,,0.0,0.0,,,85,47.0,85.0,15,0,,0,1.35,24,27,-3,-0.19,-0.69,0,0,0,0,0,0,1,0
1182,Robin Hranáč,cz CZE,DF,Hoffenheim,de Bundesliga,25.0,2000.0,29,26,2251,25.0,1,0,1,1,0,0,5,0,0.04,,,,,,,,,,,,,,,8,3,37.5,0.32,0.12,0.13,0.33,78,73.6,85.0,21,3,18.0,3,1.97,51,35,16,0.64,0.97,0,26,10,0,6,20,15,0
1184,Callum Hudson-Odoi,eng ENG,MF,Nottingham Forest,eng Premier League,24.0,2000.0,30,21,1841,20.5,3,4,7,3,0,0,0,0,0.34,,,,,,,,,,,,,,,30,10,33.3,1.47,0.49,0.1,0.3,61,53.8,75.0,4,9,31.0,0,1.0,21,26,-5,-0.24,-0.36,0,12,12,2,91,8,7,0
1185,Will Hughes,eng ENG,MF,Crystal Palace,eng Premier League,30.0,1995.0,31,19,1571,17.5,0,0,0,0,0,0,7,0,0.0,,,,,,,,,,,,,,,17,0,0.0,0.97,0.0,0.0,,51,45.9,73.0,8,12,16.0,6,1.26,11,18,-7,-0.4,-0.25,0,24,25,0,45,15,16,0
1186,Dean Huijsen,es ESP,DF,Real Madrid,es La Liga,20.0,2005.0,28,24,2034,22.6,2,2,4,2,0,0,7,1,0.18,,,,,,,,,,,,,,,20,5,25.0,0.88,0.22,0.1,0.4,73,59.5,81.0,16,4,24.0,1,2.39,49,18,31,1.37,0.66,0,21,13,1,1,18,18,0
1187,Trai Hume,nir NIR,"DF,MF",Sunderland,eng Premier League,23.0,2002.0,38,34,3036,33.7,2,1,3,2,0,0,9,0,0.09,,,,,,,,,,,,,,,34,7,20.6,1.01,0.21,0.06,0.29,80,88.8,87.0,26,4,22.0,0,1.42,34,42,-8,-0.24,-0.71,0,30,38,3,88,25,46,1
1188,Bashir Humphreys,eng ENG,"DF,MF",Burnley,eng Premier League,22.0,2003.0,20,17,1578,17.5,0,0,0,0,0,0,6,0,0.0,,,,,,,,,,,,,,,9,3,33.3,0.51,0.17,0.0,0.0,79,46.1,88.0,13,3,29.0,6,0.5,15,33,-18,-1.03,-0.1,0,14,10,2,17,11,17,0
1190,Omari Hutchinson,eng ENG,MF,Nottingham Forest,eng Premier League,21.0,2003.0,31,17,1688,18.8,1,5,6,1,0,0,1,0,0.32,,,,,,,,,,,,,,,25,11,44.0,1.33,0.59,0.04,0.09,54,49.4,78.0,8,14,26.0,5,1.19,25,24,1,0.05,0.26,0,23,24,8,133,11,11,0
1194,Lucas Høgsberg,dk DEN,DF,Strasbourg,fr Ligue 1,19.0,2006.0,24,21,1792,19.9,0,0,0,0,0,0,4,1,0.0,,,,,,,,,,,,,,,4,1,25.0,0.2,0.05,0.0,0.0,75,58.6,83.0,12,3,16.0,7,1.5,28,31,-3,-0.15,-1.14,1,16,13,1,0,13,9,0
1195,Pierre Højbjerg,dk DEN,MF,Marseille,fr Ligue 1,29.0,1995.0,32,30,2712,30.1,4,5,9,4,0,0,4,0,0.3,,,,,,,,,,,,,,,46,14,30.4,1.53,0.46,0.09,0.29,85,88.6,89.0,25,2,24.0,0,1.75,54,40,14,0.46,-0.57,0,38,46,0,10,26,24,0
1196,Oscar Højlund,dk DEN,MF,Eintracht Frankfurt,de Bundesliga,20.0,2005.0,24,12,1089,12.1,1,1,2,1,0,0,4,1,0.17,,,,,,,,,,,,,,,7,3,42.9,0.58,0.25,0.14,0.33,45,35.6,71.0,0,12,20.0,4,1.21,15,23,-8,-0.66,-0.84,1,27,5,1,2,7,17,0
1197,Rasmus Højlund,dk DEN,FW,Napoli,it Serie A,22.0,2003.0,33,32,2750,30.6,12,5,17,11,1,1,1,0,0.52,,,,,,,,,,,,,,,60,25,41.7,1.96,0.82,0.18,0.44,83,80.4,85.0,19,1,30.0,0,1.94,50,31,19,0.62,0.22,0,37,53,20,3,0,1,0
1199,Pablo Ibáñez,es ESP,MF,Alavés,es La Liga,26.0,1998.0,37,28,2236,24.8,1,1,2,1,0,0,7,0,0.08,,,,,,,,,,,,,,,47,13,27.7,1.89,0.52,0.02,0.08,60,65.4,71.0,6,9,27.0,0,1.16,22,33,-11,-0.44,-0.37,0,38,66,3,38,21,37,0
1200,Arijon Ibrahimović,de GER,"MF,FW",Heidenheim,de Bundesliga,19.0,2005.0,32,25,2169,24.1,2,4,6,1,1,1,2,0,0.21,,,,,,,,,,,,,,,47,19,40.4,1.95,0.79,0.02,0.05,68,70.9,78.0,10,7,30.0,0,0.78,29,49,-20,-0.83,0.28,0,13,27,5,127,23,18,0
1204,Jay Idzes,id IDN,DF,Sassuolo,it Serie A,25.0,2000.0,35,35,3061,34.0,0,0,0,0,0,0,2,0,0.0,,,,,,,,,,,,,,,5,0,0.0,0.15,0.0,0.0,,87,89.5,87.0,32,0,,1,1.4,42,42,0,0.0,1.0,0,33,14,1,1,38,15,0
1206,Iglesias,es ESP,DF,Getafe,es La Liga,27.0,1998.0,37,36,3185,35.4,1,2,3,1,0,0,4,0,0.08,,,,,,,,,,,,,,,26,5,19.2,0.73,0.14,0.04,0.2,86,93.1,88.0,31,1,24.0,1,1.38,28,34,-6,-0.17,-0.17,0,63,70,1,108,28,72,1
1207,Borja Iglesias,es ESP,FW,Celta Vigo,es La Liga,32.0,1993.0,35,21,1900,21.1,14,2,16,10,4,4,7,0,0.57,,,,,,,,,,,,,,,46,26,56.5,2.18,1.23,0.22,0.38,54,55.6,75.0,4,14,24.0,1,1.34,32,26,6,0.28,0.34,0,38,30,22,3,0,5,0
1209,Jonathan Ikone,fr FRA,"MF,FW",Paris FC,fr Ligue 1,27.0,1998.0,23,13,1100,12.2,3,1,4,3,0,0,2,0,0.33,,,,,,,,,,,,,,,25,6,24.0,2.05,0.49,0.12,0.5,48,35.9,68.0,1,10,22.0,2,1.26,15,11,4,0.33,0.65,0,13,18,3,7,5,15,0
1211,Andrej Ilic,rs SRB,FW,Union Berlin,de Bundesliga,25.0,2000.0,32,24,2257,25.1,5,10,15,5,0,1,5,0,0.6,,,,,,,,,,,,,,,71,26,36.6,2.83,1.04,0.07,0.19,71,73.8,84.0,17,8,29.0,0,1.19,37,46,-9,-0.36,0.2,0,38,32,16,18,2,3,0
1215,Emirhan İlkhan,tr TUR,MF,Torino,it Serie A,21.0,2004.0,19,13,1001,11.1,1,2,3,1,0,0,2,1,0.27,,,,,,,,,,,,,,,13,3,23.1,1.17,0.27,0.08,0.33,53,29.3,67.0,1,6,22.0,18,0.95,13,25,-12,-1.08,-0.82,0,11,18,0,7,13,19,0
1220,Tim Iroegbunam,eng ENG,MF,Everton,eng Premier League,22.0,2003.0,29,17,1487,16.5,0,2,2,0,0,0,9,0,0.12,,,,,,,,,,,,,,,12,1,8.3,0.73,0.06,0.0,0.0,51,43.5,79.0,6,12,12.0,6,1.31,19,18,1,0.06,0.25,0,29,20,0,3,22,44,0
1221,Jackson Irvine,au AUS,MF,St Pauli,de Bundesliga,32.0,1993.0,24,18,1624,18.0,0,1,1,0,0,0,2,1,0.06,,,,,,,,,,,,,,,19,4,21.1,1.05,0.22,0.0,0.0,68,53.1,85.0,11,6,16.0,2,0.79,16,24,-8,-0.44,1.0,1,20,12,2,13,28,17,0
1225,Gustav Isaksen,dk DEN,FW,Lazio,it Serie A,24.0,2001.0,30,18,1593,17.7,5,1,6,5,0,0,0,0,0.34,,,,,,,,,,,,,,,48,19,39.6,2.71,1.07,0.1,0.26,53,46.6,71.0,0,12,26.0,4,1.27,15,19,-4,-0.23,-0.47,0,18,57,1,32,7,8,0
1227,Wilson Isidor,ht HAI,FW,Sunderland,eng Premier League,24.0,2000.0,32,11,1165,12.9,6,0,6,6,0,0,1,0,0.46,,,,,,,,,,,,,,,43,17,39.5,3.32,1.31,0.14,0.35,36,34.1,71.0,0,21,18.0,4,1.44,18,17,1,0.08,0.36,0,14,7,10,0,2,8,0
1228,Ardian Ismajli,al ALB,DF,Torino,it Serie A,28.0,1996.0,25,21,1906,21.2,0,1,1,0,0,0,5,0,0.05,,,,,,,,,,,,,,,6,4,66.7,0.28,0.19,0.0,0.0,76,55.7,85.0,17,4,29.0,0,1.4,28,28,0,0.0,1.13,0,21,18,1,8,36,14,0
1230,Hiroki Ito,jp JPN,DF,Bayern Munich,de Bundesliga,26.0,1999.0,16,10,920,10.2,1,2,3,1,0,0,0,0,0.29,,,,,,,,,,,,,,,10,3,30.0,0.98,0.29,0.1,0.33,58,30.1,80.0,3,6,20.0,5,2.56,32,14,18,1.76,-1.1,0,10,3,0,7,13,3,0
1231,Alex Iwobi,ng NGA,MF,Fulham,eng Premier League,29.0,1996.0,29,29,2419,26.9,4,3,7,4,0,0,3,0,0.26,,,,,,,,,,,,,,,39,15,38.5,1.45,0.56,0.1,0.27,83,70.7,83.0,12,0,,0,1.31,36,40,-4,-0.15,-0.15,0,8,10,1,88,15,18,0
1234,Nicolas Jackson,sn SEN,FW,Bayern Munich,de Bundesliga,24.0,2001.0,23,12,1007,11.2,8,1,9,8,0,0,2,1,0.8,,,,,,,,,,,,,,,38,21,55.3,3.4,1.88,0.21,0.38,44,32.9,71.0,5,11,15.0,3,2.52,37,11,26,2.32,-0.31,0,15,10,8,7,4,4,0
1235,Jérémy Jacquet,fr FRA,DF,Rennes,fr Ligue 1,20.0,2005.0,19,19,1671,18.6,0,0,0,0,0,0,6,1,0.0,,,,,,,,,,,,,,,11,3,27.3,0.59,0.16,0.0,0.0,88,54.6,88.0,17,0,,0,1.42,27,29,-2,-0.11,-0.82,1,20,17,1,0,22,17,0
1236,Lee Jae-sung,kr KOR,"MF,FW",Mainz 05,de Bundesliga,32.0,1992.0,28,26,2185,24.3,4,2,6,4,0,0,4,0,0.25,,,,,,,,,,,,,,,30,9,30.0,1.24,0.37,0.13,0.44,78,71.4,82.0,8,2,22.0,0,1.18,26,39,-13,-0.54,-0.95,0,19,22,9,31,25,21,0
1237,Kristijan Jakić,hr CRO,"MF,DF",Augsburg,de Bundesliga,28.0,1997.0,26,18,1653,18.4,2,1,3,2,0,0,5,0,0.16,,,,,,,,,,,,,,,18,6,33.3,0.98,0.33,0.11,0.33,64,54.0,77.0,10,8,34.0,2,1.15,24,27,-3,-0.16,0.67,0,17,17,2,4,17,25,0
1240,Reece James,eng ENG,"DF,MF",Chelsea,eng Premier League,25.0,1999.0,29,20,1963,21.8,2,4,6,2,0,0,4,0,0.28,,,,,,,,,,,,,,,22,7,31.8,1.01,0.32,0.09,0.29,68,57.4,86.0,15,9,27.0,3,1.55,33,20,13,0.6,1.03,0,26,22,1,126,32,33,0
1241,Vitaly Janelt,de GER,MF,Brentford,eng Premier League,27.0,1998.0,25,15,1444,16.0,1,4,5,1,0,0,8,0,0.31,,,,,,,,,,,,,,,12,3,25.0,0.75,0.19,0.08,0.33,58,42.2,82.0,11,10,21.0,3,1.4,26,21,5,0.31,0.4,0,20,13,0,61,27,17,0
1247,Bakery Jatta,gm GAM,MF,Hamburger SV,de Bundesliga,27.0,1998.0,15,12,911,10.1,1,1,2,1,0,0,1,0,0.2,,,,,,,,,,,,,,,11,4,36.4,1.09,0.4,0.09,0.25,61,29.8,71.0,2,3,20.0,1,1.33,16,12,4,0.4,1.15,0,13,5,2,19,8,11,0
1248,Mikel Jauregizar,es ESP,MF,Athletic Club,es La Liga,21.0,2003.0,36,34,2831,31.5,2,0,2,2,0,0,6,1,0.06,,,,,,,,,,,,,,,39,11,28.2,1.24,0.35,0.05,0.18,79,82.8,82.0,19,2,29.0,0,1.17,30,45,-15,-0.48,-0.48,1,49,34,0,72,48,45,0
1250,Finn Jeltsch,de GER,DF,Stuttgart,de Bundesliga,19.0,2006.0,23,17,1511,16.8,0,1,1,0,0,0,3,0,0.06,,,,,,,,,,,,,,,3,0,0.0,0.18,0.0,0.0,,66,49.4,85.0,14,6,12.0,6,1.91,37,23,14,0.83,0.37,0,13,16,3,3,19,14,0
1251,Castrop Jens,kr KOR,MF,Gladbach,de Bundesliga,22.0,2003.0,26,20,1584,17.6,3,1,4,3,0,0,2,2,0.23,,,,,,,,,,,,,,,30,12,40.0,1.7,0.68,0.1,0.25,61,51.8,74.0,4,6,17.0,1,1.0,21,31,-10,-0.57,-0.51,0,31,26,3,21,17,27,0
1252,Mathias Jensen,dk DEN,MF,Brentford,eng Premier League,29.0,1996.0,36,26,2247,25.0,3,1,4,3,0,0,3,0,0.16,,,,,,,,,,,,,,,29,8,27.6,1.16,0.32,0.1,0.38,62,65.7,81.0,13,10,13.0,2,1.47,35,33,2,0.08,0.0,0,20,15,2,124,21,23,0
1253,Oliver Jensen,dk DEN,MF,Parma,it Serie A,23.0,2002.0,34,19,1840,20.4,1,1,2,1,0,0,2,0,0.1,,,,,,,,,,,,,,,15,3,20.0,0.73,0.15,0.07,0.33,54,53.8,78.0,9,15,23.0,4,1.21,14,28,-14,-0.68,-0.46,0,13,20,2,14,17,8,0
1254,Moritz Jenz,de GER,DF,Wolfsburg,de Bundesliga,26.0,1999.0,22,20,1787,19.9,1,0,1,1,0,0,8,1,0.05,,,,,,,,,,,,,,,5,1,20.0,0.25,0.05,0.2,1.0,81,58.4,89.0,18,2,1.0,5,0.68,21,44,-23,-1.16,-1.09,1,31,7,0,1,12,22,1
1256,Igor Jesus,br BRA,FW,Nottingham Forest,eng Premier League,24.0,2001.0,37,28,2298,25.5,6,4,10,5,1,1,2,0,0.35,,,,,,,,,,,,,,,70,21,30.0,2.74,0.82,0.07,0.24,62,67.2,74.0,5,9,24.0,0,1.19,35,37,-2,-0.08,0.0,0,42,40,11,10,2,16,0
1257,Juan Jesus,br BRA,DF,Napoli,it Serie A,34.0,1991.0,24,19,1675,18.6,0,0,0,0,0,0,10,1,0.0,,,,,,,,,,,,,,,3,0,0.0,0.16,0.0,0.0,,70,49.0,83.0,13,5,21.0,10,2.21,27,18,9,0.48,-0.19,1,39,2,0,1,26,22,0
1258,Álex Jiménez,es ESP,"DF,MF",Bournemouth,eng Premier League,20.0,2005.0,31,26,2317,25.7,1,0,1,1,0,0,10,0,0.04,,,,,,,,,,,,,,,21,4,19.0,0.82,0.16,0.05,0.25,75,67.7,84.0,12,5,29.0,1,1.48,41,38,3,0.12,0.03,0,35,20,0,51,27,45,0
1261,Raúl Jiménez,mx MEX,FW,Fulham,eng Premier League,34.0,1991.0,36,27,2189,24.3,9,3,12,5,4,4,5,0,0.33,,,,,,,,,,,,,,,73,18,24.7,3.0,0.74,0.07,0.28,61,64.0,75.0,10,9,17.0,0,1.44,34,29,5,0.21,0.86,0,46,34,20,7,7,20,0
1263,João Pedro,br BRA,"FW,MF",Chelsea,eng Premier League,23.0,2001.0,35,31,2661,29.6,15,5,20,15,0,0,5,0,0.68,,,,,,,,,,,,,,,73,28,38.4,2.47,0.95,0.21,0.54,76,77.8,82.0,14,4,31.0,0,1.4,48,36,12,0.41,1.12,0,38,55,16,18,6,17,0
1264,Joelinton,br BRA,MF,Newcastle United,eng Premier League,28.0,1996.0,27,23,1951,21.7,2,1,3,2,0,0,10,0,0.14,,,,,,,,,,,,,,,32,11,34.4,1.48,0.51,0.06,0.18,72,57.0,81.0,13,4,24.0,3,1.48,34,27,7,0.32,0.87,0,46,27,1,11,28,23,0
1265,Jofre,es ESP,MF,Espanyol,es La Liga,24.0,2001.0,26,9,930,10.3,1,0,1,1,0,0,1,0,0.1,,,,,,,,,,,,,,,23,7,30.4,2.23,0.68,0.04,0.14,36,27.2,62.0,0,17,22.0,12,1.08,12,21,-9,-0.87,-0.76,0,13,27,2,35,6,6,0
1267,Ísak Jóhannesson,is ISL,MF,Köln,de Bundesliga,22.0,2003.0,31,21,1809,20.1,1,2,3,1,0,0,6,0,0.15,,,,,,,,,,,,,,,14,5,35.7,0.7,0.25,0.07,0.2,58,59.1,76.0,8,10,22.0,1,0.97,25,39,-14,-0.7,-0.7,0,14,5,2,65,8,15,0
1271,Brennan Johnson,wls WAL,"MF,FW",Crystal Palace,eng Premier League,24.0,2001.0,18,13,1112,12.4,0,1,1,0,0,0,4,0,0.08,,,,,,,,,,,,,,,17,3,17.6,1.38,0.24,0.0,0.0,62,32.5,76.0,4,5,24.0,1,1.0,7,19,-12,-0.97,-1.05,0,18,11,6,45,2,7,0
1273,Sam Johnstone,eng ENG,GK,Wolves,eng Premier League,32.0,1993.0,12,12,1080,12.0,0,0,0,0,0,0,0,0,0.0,24.0,2.0,62.0,39.0,62.9,0.0,2.0,10.0,0.0,0.0,1.0,1.0,0.0,0.0,0,0,,0.0,0.0,,,90,31.6,90.0,12,0,,18,0.17,6,24,-18,-1.5,-0.62,0,0,0,0,0,0,1,1
1274,Curtis Jones,eng ENG,"MF,DF",Liverpool,eng Premier League,24.0,2001.0,34,18,1937,21.5,1,2,3,1,0,0,2,0,0.14,,,,,,,,,,,,,,,22,7,31.8,1.02,0.33,0.05,0.14,57,56.6,83.0,9,16,28.0,2,1.47,38,38,0,0.0,-0.61,0,17,29,0,16,18,23,0
1276,Frenkie de Jong,nl NED,MF,Barcelona,es La Liga,28.0,1997.0,25,16,1636,18.2,1,5,6,1,0,0,4,1,0.33,,,,,,,,,,,,,,,7,2,28.6,0.39,0.11,0.14,0.5,65,47.8,88.0,13,9,26.0,1,2.32,43,21,22,1.21,-0.66,1,10,26,2,5,17,19,0
1279,Mateo Joseph,es ESP,"MF,FW",Mallorca,es La Liga,21.0,2003.0,29,19,1699,18.9,2,3,5,2,0,0,2,0,0.26,,,,,,,,,,,,,,,33,14,42.4,1.75,0.74,0.06,0.14,59,49.7,76.0,4,10,25.0,1,1.03,24,29,-5,-0.26,0.0,0,19,31,4,14,13,19,0
1282,Abdulai Juma Bah,sl SLE,DF,Nice,fr Ligue 1,19.0,2006.0,26,22,1958,21.8,0,0,0,0,0,0,7,0,0.0,,,,,,,,,,,,,,,7,2,28.6,0.32,0.09,0.0,0.0,75,64.0,86.0,20,4,17.0,6,1.0,21,42,-21,-0.97,-0.8,0,27,7,3,0,30,18,0
1284,Eli Junior Kroupi,fr FRA,"MF,FW",Bournemouth,eng Premier League,19.0,2006.0,33,21,1672,18.6,13,0,13,11,2,2,5,0,0.59,,,,,,,,,,,,,,,52,22,42.3,2.8,1.18,0.21,0.5,51,48.9,71.0,0,12,16.0,5,1.45,31,21,10,0.54,0.85,0,27,12,6,10,9,6,0
1285,Luiz Lúcio Reis Júnior,br BRA,GK,Villarreal,es La Liga,24.0,2001.0,28,28,2520,28.0,0,0,0,0,0,0,3,0,0.0,30.0,1.07,96.0,72.0,74.0,18.0,3.0,7.0,8.0,28.6,6.0,5.0,1.0,0.0,0,0,,0.0,0.0,,,90,73.7,90.0,28,0,,10,2.04,51,30,21,0.75,0.25,0,2,4,0,0,1,0,0
1288,Vinicius Júnior,br BRA,"FW,MF",Real Madrid,es La Liga,25.0,2000.0,36,32,2815,31.3,16,5,21,12,4,5,8,0,0.54,,,,,,,,,,,,,,,100,46,46.0,3.2,1.47,0.12,0.26,78,82.3,84.0,18,4,33.0,0,2.22,64,30,34,1.09,-0.1,0,38,81,13,63,2,15,0
1290,James Justin,eng ENG,"DF,MF",Leeds United,eng Premier League,27.0,1998.0,29,21,1901,21.1,2,1,3,2,0,0,4,0,0.14,,,,,,,,,,,,,,,24,6,25.0,1.14,0.28,0.08,0.33,66,55.6,86.0,17,8,12.0,7,1.41,27,26,1,0.05,0.52,0,13,31,2,38,26,38,0
1291,Ferran Jutglà,es ESP,FW,Celta Vigo,es La Liga,26.0,1999.0,30,21,1652,18.4,9,3,12,9,0,0,4,0,0.65,,,,,,,,,,,,,,,45,26,57.8,2.45,1.42,0.2,0.35,55,48.3,69.0,2,9,22.0,5,1.33,25,24,1,0.05,-0.15,0,24,30,10,19,8,3,0
1293,Martijn Kaars,nl NED,FW,St Pauli,de Bundesliga,26.0,1999.0,29,14,1348,15.0,3,1,4,2,1,1,2,0,0.2,,,,,,,,,,,,,,,23,10,43.5,1.54,0.67,0.09,0.2,46,44.1,71.0,3,15,24.0,3,0.69,11,27,-16,-1.07,-0.28,0,8,6,4,15,0,5,0
1294,Mohamed Kaba,gn GUI,MF,Nantes,fr Ligue 1,23.0,2001.0,13,12,1008,11.2,0,2,2,0,0,0,2,0,0.18,,,,,,,,,,,,,,,11,6,54.5,0.98,0.54,0.0,0.0,78,32.9,81.0,4,1,31.0,0,0.62,10,10,0,0.0,1.01,0,15,29,0,2,15,15,0
1296,Ozan Kabak,tr TUR,DF,Hoffenheim,de Bundesliga,25.0,2000.0,25,18,1751,19.5,4,0,4,4,0,0,5,0,0.21,,,,,,,,,,,,,,,35,12,34.3,1.8,0.62,0.11,0.33,70,57.2,90.0,18,7,19.0,3,2.0,39,34,5,0.26,-0.29,0,26,8,0,2,26,17,0
1298,Christian Kabasele,be BEL,DF,Udinese,it Serie A,34.0,1991.0,30,28,2247,25.0,3,0,3,3,0,0,5,1,0.12,,,,,,,,,,,,,,,9,6,66.7,0.36,0.24,0.33,0.5,75,65.7,80.0,16,2,9.0,7,1.23,28,29,-1,-0.04,0.11,0,33,25,1,0,33,13,0
1299,Anton Kade,de GER,"MF,FW",Augsburg,de Bundesliga,21.0,2004.0,28,18,1743,19.4,6,0,6,6,0,0,3,0,0.31,,,,,,,,,,,,,,,48,21,43.8,2.48,1.08,0.13,0.29,62,57.0,81.0,6,10,29.0,1,1.29,22,35,-13,-0.67,-0.47,0,20,18,10,22,13,14,0
1300,Ferdi Kadioglu,tr TUR,"DF,MF",Brighton,eng Premier League,25.0,1999.0,37,34,3133,34.8,1,0,1,1,0,0,6,0,0.03,,,,,,,,,,,,,,,28,13,46.4,0.8,0.37,0.04,0.08,85,91.6,89.0,30,3,38.0,1,1.35,46,41,5,0.14,-0.17,0,22,36,7,109,25,39,0
1304,Arnaud Kalimuendo,fr FRA,"FW,MF",Eintracht Frankfurt,de Bundesliga,23.0,2002.0,19,17,1417,15.7,6,1,7,6,0,0,4,0,0.44,,,,,,,,,,,,,,,30,16,53.3,1.91,1.02,0.2,0.38,75,46.3,80.0,10,2,30.0,0,1.0,24,31,-7,-0.44,-0.61,0,9,18,6,15,3,4,0
1305,Pierre Kalulu,fr FRA,"DF,MF",Juventus,it Serie A,25.0,2000.0,37,37,3281,36.5,2,4,6,2,0,0,4,1,0.16,,,,,,,,,,,,,,,13,4,30.8,0.36,0.11,0.15,0.5,89,95.9,89.0,36,0,,0,1.86,60,30,30,0.82,2.77,1,34,16,0,94,24,35,0
1308,Daichi Kamada,jp JPN,MF,Crystal Palace,eng Premier League,28.0,1996.0,28,22,1902,21.1,0,0,0,0,0,0,3,0,0.0,,,,,,,,,,,,,,,19,4,21.1,0.9,0.19,0.0,0.0,68,55.6,80.0,8,6,22.0,0,1.43,32,28,4,0.19,1.02,0,30,28,1,42,14,35,0
1312,Boubacar Kamara,fr FRA,MF,Aston Villa,eng Premier League,25.0,1999.0,18,17,1411,15.7,1,3,4,1,0,0,5,0,0.26,,,,,,,,,,,,,,,7,4,57.1,0.45,0.26,0.14,0.25,78,41.3,82.0,9,1,19.0,0,2.33,26,15,11,0.7,0.88,0,16,30,0,2,15,16,0
1314,Hassane Kamara,ci CIV,"MF,DF",Udinese,it Serie A,31.0,1994.0,26,22,1861,20.7,0,2,2,0,0,0,5,0,0.1,,,,,,,,,,,,,,,16,5,31.3,0.77,0.24,0.0,0.0,72,54.4,80.0,10,4,25.0,3,1.35,26,26,0,0.0,0.17,0,16,11,0,81,25,20,0
1317,Jakub Kamiński,pl POL,"MF,FW",Köln,de Bundesliga,23.0,2002.0,34,34,3016,33.5,7,3,10,7,0,0,4,0,0.3,,,,,,,,,,,,,,,62,25,40.3,1.85,0.75,0.11,0.28,89,98.6,89.0,28,0,,0,0.94,49,60,-11,-0.33,5.81,0,14,28,7,115,25,27,0
1320,Harry Kane,eng ENG,"FW,MF",Bayern Munich,de Bundesliga,32.0,1993.0,31,25,2377,26.4,36,5,41,26,10,11,1,0,1.17,,,,,,,,,,,,,,,119,67,56.3,4.51,2.54,0.22,0.39,77,77.7,86.0,17,6,38.0,1,2.58,98,26,72,2.73,0.88,0,25,32,20,12,8,13,0
1321,Lee Kang-in,kr KOR,"MF,FW",Paris Saint-Germain,fr Ligue 1,24.0,2001.0,27,18,1519,16.9,3,4,7,3,0,0,3,0,0.41,,,,,,,,,,,,,,,37,15,40.5,2.19,0.89,0.08,0.2,56,49.6,71.0,6,9,27.0,2,2.11,37,16,21,1.24,-0.16,0,18,19,3,113,1,9,0
1325,Adam Karabec,cz CZE,"MF,FW",Lyon,fr Ligue 1,22.0,2003.0,21,11,922,10.2,1,0,1,1,0,0,3,0,0.1,,,,,,,,,,,,,,,9,5,55.6,0.88,0.49,0.11,0.2,44,30.1,74.0,0,10,11.0,10,1.95,11,8,3,0.29,-0.13,0,14,20,3,80,1,3,0
1326,Atakan Karazor,tr TUR,MF,Stuttgart,de Bundesliga,28.0,1996.0,28,22,1884,20.9,0,1,1,0,0,0,5,1,0.05,,,,,,,,,,,,,,,7,2,28.6,0.33,0.1,0.0,0.0,67,61.6,84.0,12,6,7.0,3,1.82,37,29,8,0.38,-0.69,0,20,34,1,7,15,27,0
1327,Dermane Karim,tg TOG,MF,Lorient,fr Ligue 1,21.0,2003.0,30,15,1365,15.2,1,2,3,1,0,0,3,0,0.2,,,,,,,,,,,,,,,16,2,12.5,1.05,0.13,0.06,0.5,46,44.6,72.0,2,15,19.0,1,1.37,18,25,-7,-0.46,-0.67,0,21,39,0,17,10,17,0
1328,Lennart Karl,de GER,MF,Bayern Munich,de Bundesliga,17.0,2008.0,26,16,1281,14.2,5,5,10,5,0,0,1,0,0.7,,,,,,,,,,,,,,,42,21,50.0,2.95,1.48,0.12,0.24,49,41.9,67.0,4,10,21.0,4,2.58,50,14,36,2.53,0.0,0,5,11,4,29,11,15,0
1329,Jesper Karlström,se SWE,MF,Udinese,it Serie A,30.0,1995.0,36,36,3146,35.0,1,0,1,1,0,0,6,0,0.03,,,,,,,,,,,,,,,20,3,15.0,0.57,0.09,0.05,0.33,87,92.0,87.0,29,0,,0,1.28,39,45,-6,-0.17,-1.16,0,42,30,1,15,37,34,0
1336,Michael Kayode,it ITA,DF,Brentford,eng Premier League,21.0,2004.0,37,37,3258,36.2,1,1,2,1,0,0,8,0,0.06,,,,,,,,,,,,,,,9,3,33.3,0.25,0.08,0.11,0.33,88,95.3,88.0,31,0,,0,1.43,54,49,5,0.14,1.25,0,26,50,1,56,39,47,1
1337,Moise Kean,it ITA,FW,Fiorentina,it Serie A,25.0,2000.0,26,23,2036,22.6,8,1,9,6,2,2,4,0,0.31,,,,,,,,,,,,,,,98,27,27.6,4.33,1.19,0.06,0.22,78,59.5,86.0,15,3,19.0,1,0.92,24,32,-8,-0.35,-0.29,0,29,44,30,7,7,4,0
1338,Michael Keane,eng ENG,DF,Everton,eng Premier League,32.0,1993.0,33,29,2591,28.8,3,1,4,3,0,0,1,1,0.14,,,,,,,,,,,,,,,27,7,25.9,0.94,0.24,0.11,0.43,79,75.8,89.0,27,4,4.0,1,1.15,31,42,-11,-0.38,-1.25,0,16,6,0,1,37,24,0
1339,Ilan Kebbal,dz ALG,"MF,FW",Paris FC,fr Ligue 1,27.0,1998.0,29,26,2222,24.7,9,4,13,6,3,4,7,0,0.41,,,,,,,,,,,,,,,49,20,40.8,1.98,0.81,0.12,0.3,77,72.6,83.0,14,3,22.0,1,1.24,34,38,-4,-0.16,-0.27,0,15,61,3,110,7,15,0
1340,Yassine Kechta,ma MAR,MF,Le Havre,fr Ligue 1,23.0,2002.0,30,14,1332,14.8,2,1,3,2,0,0,3,0,0.2,,,,,,,,,,,,,,,21,9,42.9,1.42,0.61,0.1,0.22,44,43.5,73.0,1,16,19.0,3,1.07,18,22,-4,-0.27,0.15,0,35,16,3,26,18,18,0
1341,Thilo Kehrer,de GER,DF,Monaco,fr Ligue 1,28.0,1996.0,28,28,2353,26.1,0,0,0,0,0,0,8,2,0.0,,,,,,,,,,,,,,,16,1,6.3,0.61,0.04,0.0,0.0,84,76.9,84.0,23,0,,3,1.68,47,35,12,0.46,1.22,1,27,29,2,5,31,39,0
1342,Mandela Keita,be BEL,MF,Parma,it Serie A,23.0,2002.0,37,36,2979,33.1,1,1,2,1,0,0,1,0,0.06,,,,,,,,,,,,,,,16,5,31.3,0.48,0.15,0.06,0.2,81,87.1,83.0,19,1,6.0,0,1.22,19,37,-18,-0.54,-0.54,0,30,57,0,2,43,48,1
1344,Caoimhín Kelleher,ie IRL,GK,Brentford,eng Premier League,26.0,1998.0,37,37,3330,37.0,0,0,0,0,0,0,1,0,0.0,49.0,1.32,146.0,105.0,69.9,13.0,11.0,13.0,10.0,27.0,8.0,5.0,3.0,0.0,0,0,,0.0,0.0,,,90,97.4,90.0,37,0,,0,1.35,51,49,2,0.05,-0.95,0,3,6,0,0,1,0,0
1346,Lloyd Kelly,eng ENG,DF,Juventus,it Serie A,26.0,1998.0,35,33,2996,33.3,1,1,2,1,0,0,4,0,0.06,,,,,,,,,,,,,,,17,3,17.6,0.51,0.09,0.06,0.33,86,87.6,89.0,30,2,30.0,0,1.77,55,30,25,0.75,0.33,0,43,20,4,12,14,33,0
1347,Aljoscha Kemlein,de GER,MF,Union Berlin,de Bundesliga,20.0,2004.0,30,23,1959,21.8,0,2,2,0,0,0,4,0,0.09,,,,,,,,,,,,,,,17,2,11.8,0.78,0.09,0.0,0.0,65,64.0,79.0,8,7,20.0,4,1.13,28,31,-3,-0.14,0.76,0,22,11,0,9,18,25,0
1348,Marc-Oliver Kempf,de GER,DF,Como,it Serie A,30.0,1995.0,34,27,2326,25.8,4,1,5,4,0,0,3,0,0.19,,,,,,,,,,,,,,,21,6,28.6,0.81,0.23,0.19,0.67,68,68.0,82.0,22,7,18.0,4,1.94,47,20,27,1.04,0.3,0,26,19,0,0,13,12,0
1350,Milos Kerkez,hu HUN,DF,Liverpool,eng Premier League,21.0,2003.0,34,27,2257,25.1,2,1,3,2,0,0,4,0,0.12,,,,,,,,,,,,,,,9,2,22.2,0.36,0.08,0.22,1.0,66,66.0,79.0,15,7,16.0,4,1.47,41,36,5,0.2,-0.19,0,22,30,4,79,15,26,0
1351,Kevin,br BRA,MF,Fulham,eng Premier League,22.0,2003.0,26,9,1041,11.6,1,1,2,1,0,0,1,0,0.17,,,,,,,,,,,,,,,25,10,40.0,2.16,0.86,0.04,0.1,40,30.4,68.0,0,17,25.0,1,1.38,13,14,-1,-0.09,0.03,0,14,17,3,43,9,10,0
1353,Bilal El Khannouss,ma MAR,"MF,FW",Stuttgart,de Bundesliga,21.0,2004.0,25,19,1630,18.1,4,5,9,4,0,0,6,0,0.5,,,,,,,,,,,,,,,42,15,35.7,2.32,0.83,0.1,0.27,65,53.3,80.0,7,6,18.0,2,1.84,33,30,3,0.17,-1.03,0,19,9,1,65,10,21,0
1354,Rani Khedira,tn TUN,MF,Union Berlin,de Bundesliga,31.0,1994.0,32,32,2830,31.4,5,1,6,5,0,0,7,0,0.19,,,,,,,,,,,,,,,23,10,43.5,0.73,0.32,0.22,0.5,88,92.5,88.0,27,0,,0,1.13,36,53,-17,-0.54,-1.71,0,52,18,2,26,37,35,0
1355,Abdukodir Khusanov,uz UZB,DF,Manchester City,eng Premier League,21.0,2004.0,21,15,1432,15.9,0,0,0,0,0,0,2,0,0.0,,,,,,,,,,,,,,,7,1,14.3,0.44,0.06,0.0,0.0,68,41.9,85.0,12,6,27.0,9,1.95,25,13,12,0.75,-0.6,0,14,6,0,3,29,20,0
1357,Kialonda,ao ANG,DF,Lecce,it Serie A,27.0,1997.0,23,21,1830,20.3,0,0,0,0,0,0,6,1,0.0,,,,,,,,,,,,,,,9,1,11.1,0.44,0.05,0.0,0.0,80,53.5,86.0,19,2,14.0,1,1.13,17,25,-8,-0.39,0.4,0,13,22,2,1,19,9,0
1358,Kiké,es ESP,FW,Espanyol,es La Liga,35.0,1989.0,37,17,1734,19.3,8,1,9,7,1,2,3,0,0.42,,,,,,,,,,,,,,,60,27,45.0,3.11,1.4,0.12,0.26,47,50.7,75.0,5,20,23.0,1,1.16,28,26,2,0.1,0.85,0,33,44,26,17,4,8,0
1359,Semih Kılıçsoy,tr TUR,FW,Cagliari,it Serie A,19.0,2005.0,22,11,975,10.8,4,0,4,4,0,0,1,0,0.37,,,,,,,,,,,,,,,17,8,47.1,1.57,0.74,0.24,0.5,44,28.5,72.0,1,11,16.0,15,1.05,10,15,-5,-0.46,-0.17,0,14,15,2,1,1,4,0
1360,Max Kilman,eng ENG,DF,West Ham United,eng Premier League,28.0,1997.0,21,17,1561,17.3,0,0,0,0,0,0,4,0,0.0,,,,,,,,,,,,,,,7,1,14.3,0.4,0.06,0.0,0.0,74,45.6,90.0,17,4,8.0,13,0.95,18,37,-19,-1.1,-1.1,0,16,2,0,2,6,8,0
1361,Joshua Kimmich,de GER,MF,Bayern Munich,de Bundesliga,30.0,1995.0,29,24,2280,25.3,2,8,10,2,0,0,4,0,0.39,,,,,,,,,,,,,,,28,10,35.7,1.11,0.39,0.07,0.2,79,74.5,88.0,19,5,36.0,1,2.55,89,25,64,2.53,-0.01,0,8,21,0,126,24,26,0
1362,Joshua King,eng ENG,MF,Fulham,eng Premier League,18.0,2007.0,32,15,1308,14.5,1,2,3,1,0,0,4,0,0.21,,,,,,,,,,,,,,,26,11,42.3,1.79,0.76,0.04,0.09,41,38.2,65.0,0,17,19.0,3,1.38,14,18,-4,-0.28,-0.28,0,13,30,3,12,3,12,0
1367,Justin Kluivert,nl NED,MF,Bournemouth,eng Premier League,26.0,1999.0,20,10,952,10.6,2,0,2,2,0,0,5,0,0.19,,,,,,,,,,,,,,,17,4,23.5,1.61,0.38,0.12,0.5,48,27.8,72.0,0,10,23.0,1,1.2,16,19,-3,-0.28,-0.54,0,18,10,1,40,4,7,0
1369,Ansgar Knauff,de GER,"MF,FW",Eintracht Frankfurt,de Bundesliga,23.0,2002.0,28,12,1326,14.7,4,1,5,4,0,0,3,0,0.34,,,,,,,,,,,,,,,34,14,41.2,2.31,0.95,0.12,0.29,47,43.3,75.0,1,16,27.0,0,1.29,29,26,3,0.2,0.57,0,26,12,7,39,9,10,0
1371,Gregor Kobel,ch SUI,GK,Dortmund,de Bundesliga,27.0,1997.0,34,34,3060,34.0,0,0,0,0,0,0,3,0,0.0,34.0,1.0,117.0,88.0,75.2,22.0,7.0,5.0,15.0,44.1,5.0,5.0,0.0,0.0,0,0,,0.0,0.0,,,90,100.0,90.0,34,0,,0,2.15,70,34,36,1.06,,0,0,5,0,0,0,0,0
1372,Robin Koch,de GER,DF,Eintracht Frankfurt,de Bundesliga,29.0,1996.0,32,32,2833,31.5,3,1,4,3,0,0,3,1,0.13,,,,,,,,,,,,,,,15,5,33.3,0.48,0.16,0.2,0.6,89,92.6,89.0,30,0,,0,1.38,57,60,-3,-0.1,0.3,1,31,13,0,2,47,27,0
1373,Christian Kofane,cm CMR,FW,Leverkusen,de Bundesliga,19.0,2006.0,29,12,1239,13.8,5,4,9,5,0,0,3,0,0.65,,,,,,,,,,,,,,,46,19,41.3,3.34,1.38,0.11,0.26,43,40.5,76.0,2,17,19.0,2,1.69,30,18,12,0.87,0.43,0,30,17,3,0,2,7,0
1374,Hervé Koffi,bf BFA,GK,Angers,fr Ligue 1,28.0,1996.0,30,30,2658,29.5,0,0,0,0,0,0,1,0,0.0,36.0,1.22,152.0,120.0,78.3,9.0,9.0,12.0,10.0,33.3,6.0,3.0,2.0,1.0,0,0,,0.0,0.0,,,89,86.9,89.0,29,0,,0,1.2,25,36,-11,-0.37,1.42,0,1,11,0,0,0,2,0
1376,Derrick Köhn,gh GHA,"MF,DF",Union Berlin,de Bundesliga,26.0,1999.0,29,21,1899,21.1,1,2,3,0,1,1,5,1,0.09,,,,,,,,,,,,,,,28,5,17.9,1.33,0.24,0.0,0.0,65,62.1,82.0,10,8,21.0,2,1.17,25,32,-7,-0.33,0.21,0,33,16,6,114,8,22,0
1377,Philipp Köhn,ch SUI,GK,Monaco,fr Ligue 1,27.0,1998.0,19,17,1621,18.0,0,0,0,0,0,0,1,0,0.0,27.0,1.5,73.0,48.0,65.8,9.0,4.0,4.0,5.0,29.4,2.0,2.0,0.0,0.0,0,0,,0.0,0.0,,,85,53.0,90.0,17,2,46.0,15,1.79,36,27,9,0.5,0.69,0,0,3,0,0,1,0,0
1378,Dominik Kohr,de GER,DF,Mainz 05,de Bundesliga,31.0,1994.0,29,28,2338,26.0,2,0,2,2,0,0,11,2,0.08,,,,,,,,,,,,,,,15,4,26.7,0.58,0.15,0.13,0.5,81,76.4,83.0,19,1,15.0,0,1.24,35,40,-5,-0.19,0.31,1,40,43,1,17,44,35,0
1379,Koke,es ESP,MF,Atlético Madrid,es La Liga,33.0,1992.0,34,24,2219,24.7,2,2,4,2,0,0,6,0,0.16,,,,,,,,,,,,,,,14,4,28.6,0.57,0.16,0.14,0.5,65,64.9,79.0,14,10,32.0,2,2.0,43,28,15,0.61,0.38,0,21,22,0,44,19,30,0
1380,Sead Kolašinac,ba BIH,DF,Atalanta,it Serie A,32.0,1993.0,19,15,1212,13.5,0,0,0,0,0,0,3,0,0.0,,,,,,,,,,,,,,,3,0,0.0,0.22,0.0,0.0,,64,35.4,73.0,4,4,30.0,8,1.74,23,16,7,0.52,0.19,0,22,10,1,3,11,18,0
1384,Randal Kolo Muani,fr FRA,"FW,MF",Tottenham Hotspur,eng Premier League,26.0,1998.0,30,21,1664,18.5,1,1,2,1,0,0,3,0,0.11,,,,,,,,,,,,,,,20,4,20.0,1.08,0.22,0.05,0.25,55,48.7,69.0,4,9,25.0,2,0.87,17,31,-14,-0.76,-1.01,0,41,17,3,18,2,16,0
1386,Mert Kömür,de GER,"MF,FW",Augsburg,de Bundesliga,20.0,2005.0,28,17,1464,16.3,2,4,6,2,0,0,1,0,0.37,,,,,,,,,,,,,,,41,16,39.0,2.52,0.98,0.05,0.13,52,47.8,74.0,6,11,19.0,5,1.25,21,28,-7,-0.43,0.08,0,26,18,2,60,8,13,0
1387,Ibrahima Konaté,fr FRA,DF,Liverpool,eng Premier League,26.0,1999.0,36,36,3090,34.3,1,0,1,1,0,0,7,0,0.03,,,,,,,,,,,,,,,12,4,33.3,0.35,0.12,0.08,0.25,86,90.4,86.0,26,0,,1,1.64,55,45,10,0.29,0.29,0,33,41,0,3,28,31,0
1390,Ismaël Koné,ca CAN,MF,Sassuolo,it Serie A,23.0,2002.0,35,33,2737,30.4,6,0,6,6,0,0,5,1,0.2,,,,,,,,,,,,,,,23,10,43.5,0.76,0.33,0.26,0.6,78,80.0,81.0,11,2,30.0,1,1.37,37,39,-2,-0.07,0.2,1,25,54,0,5,12,18,0
1391,Manu Koné,fr FRA,MF,Roma,it Serie A,24.0,2001.0,29,28,2456,27.3,2,3,5,2,0,0,2,0,0.18,,,,,,,,,,,,,,,21,5,23.8,0.77,0.18,0.1,0.4,85,71.8,87.0,24,1,19.0,0,1.93,40,20,20,0.73,-0.01,0,47,53,2,1,20,27,0
1392,Ransford Königsdörffer,gh GHA,"FW,MF",Hamburger SV,de Bundesliga,23.0,2001.0,33,29,2329,25.9,5,1,6,5,0,1,2,0,0.23,,,,,,,,,,,,,,,65,22,33.8,2.51,0.85,0.08,0.23,71,76.1,76.0,5,4,29.0,0,1.12,33,44,-11,-0.43,-0.06,0,25,32,28,21,6,4,0
1393,Ezri Konsa,eng ENG,DF,Aston Villa,eng Premier League,27.0,1997.0,34,34,3035,33.7,0,0,0,0,0,0,0,1,0.0,,,,,,,,,,,,,,,11,2,18.2,0.33,0.06,0.0,0.0,89,88.7,89.0,33,0,,2,1.79,52,44,8,0.24,0.47,0,11,42,0,5,22,8,0
1394,Teun Koopmeiners,nl NED,"MF,DF",Juventus,it Serie A,27.0,1998.0,33,18,1827,20.3,0,0,0,0,0,0,5,0,0.0,,,,,,,,,,,,,,,28,7,25.0,1.38,0.34,0.0,0.0,55,53.4,82.0,11,15,23.0,4,1.7,25,22,3,0.15,-1.21,0,33,11,3,47,18,13,0
1396,Odilon Kossounou,ci CIV,DF,Atalanta,it Serie A,24.0,2001.0,19,10,988,11.0,1,0,1,1,0,0,1,0,0.09,,,,,,,,,,,,,,,5,1,20.0,0.46,0.09,0.2,1.0,52,28.9,76.0,5,9,26.0,10,1.58,16,11,5,0.46,0.09,0,16,3,1,2,10,14,0
1401,Koffi Kouao,ci CIV,"DF,MF",Metz,fr Ligue 1,27.0,1998.0,27,27,2265,25.2,2,1,3,2,0,0,10,0,0.12,,,,,,,,,,,,,,,23,10,43.5,0.91,0.4,0.09,0.2,84,74.0,84.0,18,0,,5,0.56,21,48,-27,-1.07,0.85,0,32,33,3,59,28,46,1
1402,Arsène Kouassi,bf BFA,MF,Lorient,fr Ligue 1,20.0,2004.0,31,30,2605,28.9,2,6,8,2,0,0,4,0,0.28,,,,,,,,,,,,,,,9,5,55.6,0.31,0.17,0.22,0.4,84,85.1,84.0,21,1,77.0,0,1.29,39,41,-2,-0.07,0.13,0,15,53,10,119,24,18,0
1404,Konstantinos Koulierakis,gr GRE,DF,Wolfsburg,de Bundesliga,21.0,2003.0,29,27,2482,27.6,4,1,5,4,0,0,5,0,0.18,,,,,,,,,,,,,,,26,12,46.2,0.94,0.44,0.15,0.33,86,81.1,90.0,26,2,27.0,3,1.0,38,54,-16,-0.58,0.67,0,29,13,0,20,35,25,1
1406,Jules Koundé,fr FRA,DF,Barcelona,es La Liga,26.0,1998.0,30,24,2261,25.1,1,3,4,1,0,0,6,0,0.16,,,,,,,,,,,,,,,14,4,28.6,0.56,0.16,0.07,0.25,75,66.1,88.0,20,6,26.0,3,2.43,65,22,43,1.71,0.47,0,24,24,2,40,31,24,0
1414,Andrej Kramarić,hr CRO,"MF,FW",Hoffenheim,de Bundesliga,34.0,1991.0,34,26,2207,24.5,14,6,20,9,5,5,2,0,0.61,,,,,,,,,,,,,,,64,33,51.6,2.61,1.35,0.14,0.27,65,72.1,75.0,4,8,32.0,0,1.79,53,33,20,0.82,1.55,0,5,14,5,82,7,5,0
1416,Jean-Philippe Krasso,ci CIV,FW,Paris FC,fr Ligue 1,28.0,1997.0,25,12,1092,12.1,2,2,4,1,1,1,0,0,0.25,,,,,,,,,,,,,,,27,10,37.0,2.23,0.82,0.04,0.1,44,35.7,70.0,1,13,19.0,0,1.12,15,17,-2,-0.16,-0.12,0,20,19,10,4,1,8,0
1417,Tom Krauß,de GER,"MF,DF",Köln,de Bundesliga,24.0,2001.0,26,19,1780,19.8,0,2,2,0,0,0,4,0,0.1,,,,,,,,,,,,,,,9,2,22.2,0.46,0.1,0.0,0.0,68,58.2,83.0,8,7,29.0,6,1.08,24,32,-8,-0.4,0.02,0,23,22,0,14,26,43,0
1418,Ladislav Krejčí,cz CZE,"DF,MF",Wolves,eng Premier League,26.0,1999.0,28,27,2356,26.2,2,1,3,2,0,0,5,1,0.11,,,,,,,,,,,,,,,21,10,47.6,0.8,0.38,0.1,0.2,84,68.9,85.0,21,1,48.0,2,0.57,20,45,-25,-0.96,0.4,1,33,7,0,17,32,21,1
1420,Rasmus Kristensen,dk DEN,"DF,MF",Eintracht Frankfurt,de Bundesliga,28.0,1997.0,22,19,1538,17.1,2,0,2,2,0,0,6,1,0.12,,,,,,,,,,,,,,,15,6,40.0,0.88,0.35,0.13,0.33,70,50.3,79.0,12,3,15.0,0,1.36,27,30,-3,-0.18,-0.12,1,24,10,3,33,19,33,0
1421,Thomas Kristensen,dk DEN,DF,Udinese,it Serie A,23.0,2002.0,28,28,2472,27.5,3,0,3,3,0,0,4,0,0.11,,,,,,,,,,,,,,,11,6,54.5,0.4,0.22,0.27,0.5,88,72.3,88.0,25,0,,2,1.36,33,31,2,0.07,0.55,0,24,9,3,4,27,15,0
1422,Nikola Krstović,me MNE,FW,Atalanta,it Serie A,25.0,2000.0,33,18,1791,19.9,10,5,15,10,0,0,4,0,0.75,,,,,,,,,,,,,,,99,34,34.3,4.97,1.71,0.1,0.29,54,52.4,77.0,8,15,27.0,5,1.64,32,16,16,0.8,0.86,0,45,27,27,5,3,12,0
1423,Lukas Kübler,de GER,DF,Freiburg,de Bundesliga,32.0,1992.0,23,19,1587,17.6,2,2,4,2,0,0,3,0,0.23,,,,,,,,,,,,,,,19,5,26.3,1.08,0.28,0.11,0.4,69,51.9,79.0,9,4,23.0,4,1.43,33,35,-2,-0.11,0.13,0,20,11,6,30,31,25,0
1424,Takefusa Kubo,jp JPN,MF,Real Sociedad,es La Liga,24.0,2001.0,24,17,1503,16.7,2,4,6,2,0,0,2,0,0.36,,,,,,,,,,,,,,,28,12,42.9,1.68,0.72,0.07,0.17,63,43.9,76.0,4,7,31.0,3,1.0,17,22,-5,-0.3,-0.44,0,9,51,11,39,10,18,0
1425,Mohammed Kudus,gh GHA,"MF,FW",Tottenham Hotspur,eng Premier League,24.0,2000.0,19,19,1535,17.1,2,5,7,2,0,0,3,0,0.41,,,,,,,,,,,,,,,26,9,34.6,1.52,0.53,0.08,0.22,81,44.9,81.0,8,0,,0,1.37,22,20,2,0.12,0.64,0,23,15,10,122,3,17,0
1428,Sael Kumbedi,fr FRA,"DF,MF",Wolfsburg,de Bundesliga,20.0,2005.0,24,20,1804,20.0,0,5,5,0,0,0,2,0,0.25,,,,,,,,,,,,,,,5,0,0.0,0.25,0.0,0.0,,75,59.0,86.0,12,4,24.0,5,0.88,30,45,-15,-0.75,-0.1,0,21,18,4,41,14,33,0
1433,Khvicha Kvaratskhelia,ge GEO,FW,Paris Saint-Germain,fr Ligue 1,24.0,2001.0,28,18,1479,16.4,8,4,12,7,1,1,1,0,0.67,,,,,,,,,,,,,,,65,29,44.6,3.96,1.76,0.11,0.24,53,48.3,68.0,3,10,26.0,3,2.21,31,11,20,1.22,-0.21,0,18,26,5,43,10,13,0
1436,Adrián de la Fuente,es ESP,DF,Levante,es La Liga,26.0,1999.0,33,30,2711,30.1,3,1,4,2,1,3,5,0,0.1,,,,,,,,,,,,,,,39,9,23.1,1.29,0.3,0.05,0.22,82,79.3,89.0,28,3,17.0,1,1.15,34,47,-13,-0.43,-0.3,0,34,27,1,40,48,18,1
1437,Rémy Labeau Lascary,gp GLP,"MF,FW",Brest,fr Ligue 1,22.0,2003.0,27,12,1200,13.3,5,1,6,5,0,0,2,0,0.45,,,,,,,,,,,,,,,34,16,47.1,2.55,1.2,0.15,0.31,44,39.2,70.0,3,15,24.0,0,1.33,18,21,-3,-0.23,0.21,0,29,18,9,12,4,11,0
1439,Maxence Lacroix,fr FRA,DF,Crystal Palace,eng Premier League,25.0,2000.0,35,35,3085,34.3,1,2,3,1,0,0,4,1,0.09,,,,,,,,,,,,,,,25,7,28.0,0.73,0.2,0.04,0.14,88,90.2,88.0,33,0,,1,1.11,36,45,-9,-0.26,0.01,0,34,19,0,5,45,38,0
1442,Yoel Lago,es ESP,DF,Celta Vigo,es La Liga,21.0,2004.0,12,11,938,10.4,0,0,0,0,0,0,4,0,0.0,,,,,,,,,,,,,,,1,0,0.0,0.1,0.0,0.0,,78,27.4,85.0,8,1,3.0,17,1.25,12,15,-3,-0.29,-0.58,0,17,14,1,0,7,10,0
1444,Konrad Laimer,at AUT,DF,Bayern Munich,de Bundesliga,28.0,1997.0,29,22,1994,22.2,3,9,12,3,0,0,9,0,0.54,,,,,,,,,,,,,,,17,8,47.1,0.77,0.36,0.18,0.38,69,65.2,80.0,12,7,34.0,0,2.72,86,20,66,2.98,1.29,0,29,9,4,38,17,25,0
1445,Kenny Lala,mg MAD,DF,Brest,fr Ligue 1,33.0,1991.0,32,31,2791,31.0,0,3,3,0,0,0,4,0,0.1,,,,,,,,,,,,,,,8,1,12.5,0.26,0.03,0.0,0.0,87,91.2,89.0,29,1,24.0,0,1.13,39,52,-13,-0.42,-0.75,0,17,23,0,106,26,26,0
1447,Senne Lammens,be BEL,GK,Manchester Utd,eng Premier League,23.0,2002.0,32,32,2880,32.0,0,0,0,0,0,0,0,0,0.0,39.0,1.22,114.0,78.0,69.3,18.0,10.0,4.0,8.0,25.0,4.0,4.0,0.0,0.0,0,0,,0.0,0.0,,,90,84.2,90.0,32,0,,3,2.0,62,39,23,0.72,1.39,0,0,4,0,0,0,1,0
1450,Aymeric Laporte,es ESP,DF,Athletic Club,es La Liga,31.0,1994.0,25,24,2058,22.9,0,1,1,0,0,0,4,0,0.04,,,,,,,,,,,,,,,15,5,33.3,0.66,0.22,0.0,0.0,82,60.2,85.0,20,1,27.0,2,1.24,24,35,-11,-0.48,-0.22,0,9,13,1,2,27,17,0
1451,Hugo Larsson,se SWE,MF,Eintracht Frankfurt,de Bundesliga,21.0,2004.0,25,21,1812,20.1,2,2,4,2,0,0,0,0,0.2,,,,,,,,,,,,,,,13,6,46.2,0.65,0.3,0.15,0.33,72,59.2,81.0,10,4,29.0,3,1.28,33,32,1,0.05,0.41,0,7,2,0,9,27,9,0
1454,Josh Laurent,eng ENG,"DF,MF",Burnley,eng Premier League,30.0,1995.0,33,18,1764,19.6,1,0,1,1,0,0,7,1,0.05,,,,,,,,,,,,,,,15,4,26.7,0.77,0.2,0.07,0.25,53,51.6,81.0,9,15,20.0,4,0.64,17,40,-23,-1.17,-0.41,0,31,11,2,14,28,25,0
1455,Armand Lauriente,fr FRA,FW,Sassuolo,it Serie A,26.0,1998.0,38,33,2592,28.8,7,9,16,7,0,0,4,0,0.56,,,,,,,,,,,,,,,71,26,36.6,2.47,0.9,0.1,0.27,68,75.8,75.0,6,5,25.0,0,1.29,34,38,-4,-0.14,-0.14,0,42,47,18,109,7,15,0
1458,Valentino Lazaro,at AUT,MF,Torino,it Serie A,29.0,1996.0,31,26,2252,25.0,0,2,2,0,0,0,4,0,0.08,,,,,,,,,,,,,,,8,2,25.0,0.32,0.08,0.0,0.0,73,65.8,82.0,15,5,24.0,7,1.1,23,48,-25,-1.0,-1.46,0,37,9,1,135,22,25,0
1459,Manuel Lazzari,it ITA,DF,Lazio,it Serie A,31.0,1993.0,23,9,938,10.4,0,0,0,0,0,0,2,0,0.0,,,,,,,,,,,,,,,4,2,50.0,0.38,0.19,0.0,0.0,41,27.4,74.0,2,14,20.0,9,1.22,12,10,2,0.19,0.23,0,10,19,0,16,6,9,0
1461,Théo Le Bris,fr FRA,MF,Lorient,fr Ligue 1,22.0,2002.0,28,22,1893,21.0,2,2,4,2,0,0,0,0,0.19,,,,,,,,,,,,,,,17,7,41.2,0.81,0.33,0.12,0.29,68,61.9,81.0,7,6,19.0,1,1.36,30,26,4,0.19,0.73,0,8,7,0,81,17,28,0
1463,Enzo Le Fée,fr FRA,"MF,FW",Sunderland,eng Premier League,25.0,2000.0,36,33,2930,32.6,5,6,11,2,3,4,5,0,0.25,,,,,,,,,,,,,,,36,12,33.3,1.11,0.37,0.06,0.17,81,85.7,87.0,25,3,16.0,0,1.47,37,43,-6,-0.18,-0.18,0,31,37,4,98,28,56,0
1465,Robin Le Normand,es ESP,DF,Atlético Madrid,es La Liga,28.0,1996.0,28,17,1789,19.9,1,1,2,1,0,0,5,0,0.1,,,,,,,,,,,,,,,6,1,16.7,0.3,0.05,0.17,1.0,64,52.3,84.0,14,11,33.0,4,1.82,33,20,13,0.65,0.38,0,22,14,1,3,20,20,0
1466,Nicola Leali,it ITA,GK,Genoa,it Serie A,32.0,1993.0,22,21,1847,20.5,0,0,0,0,0,0,2,1,0.0,28.0,1.36,84.0,58.0,69.0,4.0,8.0,9.0,4.0,19.0,2.0,2.0,0.0,0.0,0,0,,0.0,0.0,,,84,54.0,86.0,20,1,45.0,15,0.91,21,27,-6,-0.29,-0.06,0,2,2,0,0,1,0,0
1467,Rafael Leão,pt POR,FW,Milan,it Serie A,26.0,1999.0,29,23,1851,20.6,9,3,12,7,2,2,5,0,0.49,,,,,,,,,,,,,,,63,24,38.1,3.06,1.17,0.11,0.29,64,54.1,75.0,6,6,22.0,1,1.66,24,22,2,0.1,-0.82,0,19,34,9,25,5,3,0
1468,Pierre Lees-Melou,fr FRA,MF,Paris FC,fr Ligue 1,32.0,1993.0,22,20,1782,19.8,1,3,4,1,0,0,7,1,0.2,,,,,,,,,,,,,,,27,6,22.2,1.36,0.3,0.04,0.17,81,58.2,87.0,14,2,18.0,0,1.36,28,26,2,0.1,0.45,1,28,24,0,13,20,35,0
1470,Jordan Lefort,mr MTN,DF,Angers,fr Ligue 1,31.0,1993.0,34,34,3060,34.0,0,2,2,0,0,0,2,0,0.06,,,,,,,,,,,,,,,11,2,18.2,0.32,0.06,0.0,0.0,90,100.0,90.0,34,0,,0,1.06,29,48,-19,-0.56,,0,22,19,2,23,47,33,0
1472,Diogo Leite,pt POR,DF,Union Berlin,de Bundesliga,26.0,1999.0,23,23,1963,21.8,0,0,0,0,0,0,4,0,0.0,,,,,,,,,,,,,,,10,1,10.0,0.46,0.05,0.0,0.0,85,64.2,85.0,16,0,,2,1.26,30,32,-2,-0.09,0.89,0,26,26,1,7,44,15,1
1475,Florian Lejeune,fr FRA,DF,Rayo Vallecano,es La Liga,34.0,1991.0,36,36,3230,35.9,2,1,3,2,0,0,7,0,0.08,,,,,,,,,,,,,,,50,18,36.0,1.39,0.5,0.04,0.11,90,94.4,90.0,35,0,,1,1.22,38,43,-5,-0.14,-1.09,0,47,14,1,8,47,47,0
1476,Youssef Lekhedim,es ESP,"DF,MF",Alavés,es La Liga,19.0,2005.0,25,13,1335,14.8,0,1,1,0,0,0,7,0,0.07,,,,,,,,,,,,,,,11,3,27.3,0.74,0.2,0.0,0.0,53,39.0,83.0,7,12,21.0,11,1.15,19,22,-3,-0.2,0.19,0,24,13,0,61,12,10,0
1478,Thomas Lemar,fr FRA,MF,Girona,es La Liga,29.0,1995.0,27,14,1258,14.0,3,1,4,3,0,0,4,0,0.29,,,,,,,,,,,,,,,17,8,47.1,1.22,0.57,0.18,0.38,47,36.8,69.0,1,13,22.0,2,1.0,15,16,-1,-0.07,0.55,0,19,20,0,56,5,15,0
1481,Tim Lemperle,de GER,FW,Hoffenheim,de Bundesliga,23.0,2002.0,29,24,1944,21.6,8,2,10,7,1,1,3,1,0.42,,,,,,,,,,,,,,,53,21,39.6,2.45,0.97,0.13,0.33,67,63.5,76.0,1,5,22.0,0,1.86,47,30,17,0.79,1.11,1,60,16,18,27,6,16,0
1483,Clément Lenglet,fr FRA,DF,Atlético Madrid,es La Liga,30.0,1995.0,19,17,1391,15.5,0,1,1,0,0,0,6,1,0.06,,,,,,,,,,,,,,,5,0,0.0,0.32,0.0,0.0,,73,40.7,80.0,12,2,19.0,15,1.63,24,21,3,0.19,-0.47,1,22,7,0,2,20,10,0
1484,Bernd Leno,de GER,GK,Fulham,eng Premier League,33.0,1992.0,38,38,3420,38.0,0,0,0,0,0,0,3,0,0.0,51.0,1.34,146.0,98.0,67.1,15.0,7.0,16.0,9.0,23.7,4.0,3.0,0.0,1.0,0,0,,0.0,0.0,,,90,100.0,90.0,38,0,,0,1.37,47,51,-4,-0.11,,0,0,6,0,0,1,1,1
1485,Donovan Léon,gf GUF,GK,Auxerre,fr Ligue 1,32.0,1992.0,29,29,2460,27.3,0,0,0,0,0,0,1,2,0.0,35.0,1.28,127.0,95.0,74.0,7.0,9.0,13.0,9.0,31.0,3.0,2.0,1.0,0.0,0,0,,0.0,0.0,,,85,80.4,85.0,26,0,,0,1.03,24,35,-11,-0.4,-0.55,0,3,7,0,0,0,2,0
1487,Esteban Lepaul,fr FRA,FW,Rennes,fr Ligue 1,25.0,2000.0,32,31,2511,27.9,20,5,25,17,3,4,3,0,0.79,,,,,,,,,,,,,,,84,37,44.0,3.01,1.33,0.2,0.46,78,82.1,80.0,11,1,29.0,0,1.75,49,38,11,0.39,0.72,0,23,15,8,17,3,5,0
1488,Johann Lepenant,fr FRA,MF,Nantes,fr Ligue 1,22.0,2002.0,28,24,2263,25.1,0,1,1,0,0,0,4,0,0.04,,,,,,,,,,,,,,,22,7,31.8,0.87,0.28,0.0,0.0,81,74.0,88.0,18,4,40.0,0,0.64,21,33,-12,-0.48,0.76,0,29,48,0,74,28,47,0
1489,Mehdi Léris,dz ALG,MF,Pisa,it Serie A,27.0,1998.0,34,21,1900,21.1,2,3,5,2,0,0,2,0,0.24,,,,,,,,,,,,,,,25,7,28.0,1.18,0.33,0.08,0.29,56,55.6,73.0,5,13,28.0,3,0.47,16,42,-26,-1.23,-0.11,0,27,22,8,99,23,37,0
1490,Jefferson Lerma,co COL,"MF,DF",Crystal Palace,eng Premier League,30.0,1994.0,31,18,1733,19.3,0,2,2,0,0,0,7,0,0.1,,,,,,,,,,,,,,,19,7,36.8,0.99,0.36,0.0,0.0,56,50.7,83.0,15,13,18.0,4,1.19,19,25,-6,-0.31,-0.1,0,25,24,0,12,25,18,2
1491,Louis Leroux,fr FRA,"MF,DF",Nantes,fr Ligue 1,19.0,2006.0,23,16,1441,16.0,1,1,2,1,0,0,2,0,0.12,,,,,,,,,,,,,,,15,3,20.0,0.94,0.19,0.07,0.33,63,47.1,79.0,7,7,24.0,3,0.87,13,24,-11,-0.69,-0.02,0,12,14,1,30,5,23,0
1492,Robert Lewandowski,pl POL,FW,Barcelona,es La Liga,36.0,1988.0,31,17,1664,18.5,14,2,16,13,1,3,2,0,0.81,,,,,,,,,,,,,,,63,29,46.0,3.41,1.57,0.21,0.45,54,48.7,80.0,10,14,22.0,4,2.45,52,19,33,1.78,0.45,0,13,21,17,0,3,3,0
1493,Jamie Leweling,de GER,MF,Stuttgart,de Bundesliga,24.0,2001.0,32,26,2367,26.3,7,9,16,7,0,0,4,0,0.61,,,,,,,,,,,,,,,49,18,36.7,1.86,0.68,0.14,0.39,74,77.4,84.0,10,6,29.0,0,1.75,50,40,10,0.38,-1.18,0,17,43,15,123,13,12,0
1495,Keane Lewis-Potter,eng ENG,"DF,MF",Brentford,eng Premier League,24.0,2001.0,36,22,1972,21.9,3,3,6,3,0,0,1,0,0.27,,,,,,,,,,,,,,,31,9,29.0,1.41,0.41,0.1,0.33,55,57.7,81.0,10,14,14.0,2,1.39,28,32,-4,-0.18,-0.62,0,15,36,3,69,10,14,0
1498,Philipp Lienhart,at AUT,DF,Freiburg,de Bundesliga,29.0,1996.0,20,14,1302,14.5,1,0,1,1,0,0,4,1,0.07,,,,,,,,,,,,,,,8,2,25.0,0.55,0.14,0.13,0.5,65,42.5,81.0,9,6,28.0,2,1.5,28,22,6,0.41,1.03,1,7,8,2,13,13,13,0
1499,Matthijs de Ligt,nl NED,DF,Manchester Utd,eng Premier League,25.0,1999.0,13,13,1170,13.0,1,0,1,1,0,0,0,0,0.08,,,,,,,,,,,,,,,11,3,27.3,0.85,0.23,0.09,0.33,90,34.2,90.0,13,0,,0,1.62,21,20,1,0.08,-0.64,0,6,5,0,4,11,13,0
1501,Victor Lindelöf,se SWE,"DF,MF",Aston Villa,eng Premier League,31.0,1994.0,17,11,948,10.5,0,1,1,0,0,0,0,0,0.09,,,,,,,,,,,,,,,3,0,0.0,0.28,0.0,0.0,,56,27.7,83.0,8,6,6.0,17,2.18,20,15,5,0.47,0.4,0,2,0,0,0,8,3,0
1503,Luca Lipani,it ITA,MF,Sassuolo,it Serie A,20.0,2005.0,24,10,1034,11.5,0,1,1,0,0,0,3,0,0.09,,,,,,,,,,,,,,,12,3,25.0,1.04,0.26,0.0,0.0,43,30.2,72.0,2,14,23.0,13,1.17,14,14,0,0.0,0.15,0,28,8,1,5,15,17,0
1506,Adrián Liso,es ESP,"FW,MF",Getafe,es La Liga,20.0,2005.0,28,21,1702,18.9,3,0,3,3,0,0,5,1,0.16,,,,,,,,,,,,,,,26,10,38.5,1.37,0.53,0.12,0.3,61,49.8,75.0,4,7,18.0,6,1.36,13,18,-5,-0.26,-0.21,1,39,43,16,42,4,22,0
1508,Valentino Livramento,eng ENG,DF,Newcastle United,eng Premier League,22.0,2002.0,17,14,1328,14.8,0,1,1,0,0,0,1,0,0.07,,,,,,,,,,,,,,,3,0,0.0,0.2,0.0,0.0,,78,38.8,88.0,12,3,33.0,0,1.47,22,14,8,0.54,0.97,0,7,16,2,36,2,14,0
1511,Diego Llorente,es ESP,DF,Real Betis,es La Liga,31.0,1993.0,18,14,1229,13.7,1,0,1,1,0,0,5,0,0.07,,,,,,,,,,,,,,,4,3,75.0,0.29,0.22,0.25,0.33,68,35.9,78.0,10,4,36.0,11,1.56,24,12,12,0.88,0.92,0,13,13,0,1,27,15,0
1512,Marcos Llorente,es ESP,"DF,MF",Atlético Madrid,es La Liga,30.0,1995.0,29,25,2181,24.2,0,4,4,0,0,0,7,1,0.17,,,,,,,,,,,,,,,18,6,33.3,0.74,0.25,0.0,0.0,75,63.8,83.0,19,4,28.0,1,1.97,45,26,19,0.78,0.86,1,28,11,4,49,13,41,0
1513,Gautier Lloris,fr FRA,DF,Le Havre,fr Ligue 1,30.0,1995.0,29,28,2398,26.6,1,1,2,1,0,0,2,1,0.08,,,,,,,,,,,,,,,12,4,33.3,0.45,0.15,0.08,0.25,83,78.4,85.0,25,1,12.0,0,1.03,25,31,-6,-0.23,0.59,0,27,17,2,2,43,24,1
1514,Giovani Lo Celso,ar ARG,MF,Real Betis,es La Liga,29.0,1996.0,24,15,1393,15.5,2,3,5,2,0,0,4,0,0.32,,,,,,,,,,,,,,,30,11,36.7,1.94,0.71,0.07,0.18,58,40.7,73.0,2,9,34.0,3,1.67,25,16,9,0.58,0.49,0,9,42,4,61,6,13,0
1515,Danny Loader,cm CMR,"MF,FW",Auxerre,fr Ligue 1,24.0,2000.0,30,29,2517,28.0,3,3,6,3,0,0,9,0,0.21,,,,,,,,,,,,,,,62,17,27.4,2.22,0.61,0.05,0.18,84,82.3,86.0,17,1,29.0,0,0.93,27,36,-9,-0.32,-0.16,0,64,47,4,32,9,25,0
1516,Stanislav Lobotka,sk SVK,MF,Napoli,it Serie A,30.0,1994.0,32,29,2431,27.0,1,1,2,1,0,0,3,0,0.07,,,,,,,,,,,,,,,8,4,50.0,0.3,0.15,0.13,0.25,76,71.1,82.0,19,3,22.0,0,1.91,44,30,14,0.52,-0.21,0,13,45,0,5,16,16,0
1517,Manuel Locatelli,it ITA,MF,Juventus,it Serie A,27.0,1998.0,36,36,2994,33.3,1,2,3,1,0,1,9,0,0.09,,,,,,,,,,,,,,,46,12,26.1,1.38,0.36,0.02,0.08,83,87.5,83.0,24,0,,1,1.86,49,28,21,0.63,-0.64,0,55,44,0,19,38,66,0
1518,Bradley Locko,fr FRA,DF,Brest,fr Ligue 1,23.0,2002.0,21,14,1286,14.3,0,2,2,0,0,0,0,0,0.14,,,,,,,,,,,,,,,2,1,50.0,0.14,0.07,0.0,0.0,61,42.0,84.0,8,7,17.0,1,1.1,20,23,-3,-0.21,0.25,0,12,18,2,34,10,28,0
1519,Ruben Loftus-Cheek,eng ENG,"MF,FW",Milan,it Serie A,29.0,1996.0,28,12,1133,12.6,3,1,4,3,0,0,2,0,0.32,,,,,,,,,,,,,,,29,6,20.7,2.3,0.48,0.1,0.5,40,33.1,68.0,3,16,20.0,4,1.86,19,11,8,0.64,0.24,0,23,19,1,10,5,8,0
1520,Sean Longstaff,eng ENG,MF,Leeds United,eng Premier League,27.0,1997.0,23,10,1011,11.2,2,2,4,2,0,0,2,0,0.36,,,,,,,,,,,,,,,16,4,25.0,1.42,0.36,0.13,0.5,44,29.6,84.0,7,13,13.0,6,1.35,12,20,-8,-0.71,-0.75,0,13,17,1,54,12,24,0
1523,Anthony Lopes,pt POR,GK,Nantes,fr Ligue 1,34.0,1990.0,32,32,2878,32.0,0,0,0,0,0,0,4,0,0.0,50.0,1.56,143.0,98.0,68.5,4.0,7.0,20.0,7.0,21.9,5.0,5.0,0.0,0.0,2,0,0.0,0.06,0.0,0.0,,90,94.1,90.0,31,0,,0,0.59,25,51,-26,-0.81,-2.3,0,1,14,0,0,1,1,0
1526,Diego López,es ESP,"MF,FW",Valencia,es La Liga,23.0,2002.0,34,20,1762,19.6,4,1,5,4,0,0,2,0,0.26,,,,,,,,,,,,,,,28,8,28.6,1.43,0.41,0.14,0.5,52,51.5,74.0,6,14,20.0,2,1.35,15,30,-15,-0.77,-1.09,0,20,33,3,41,14,16,0
1528,Fer López,es ESP,"MF,FW",Celta Vigo,es La Liga,21.0,2004.0,17,13,1170,13.0,1,1,2,1,0,0,3,0,0.15,,,,,,,,,,,,,,,13,5,38.5,1.0,0.38,0.08,0.2,69,34.2,81.0,5,4,30.0,0,1.29,17,19,-2,-0.15,-0.43,0,24,18,1,18,6,11,0
1529,Fermin López,es ESP,MF,Barcelona,es La Liga,22.0,2003.0,30,19,1797,20.0,6,9,15,6,0,0,3,0,0.75,,,,,,,,,,,,,,,68,25,36.8,3.41,1.25,0.09,0.24,60,52.5,75.0,7,11,33.0,1,2.63,54,18,36,1.8,0.53,0,34,20,5,36,7,22,0
1531,Javi López,es ESP,DF,Oviedo,es La Liga,23.0,2002.0,25,20,1711,19.0,0,1,1,0,0,0,3,1,0.05,,,,,,,,,,,,,,,7,1,14.3,0.37,0.05,0.0,0.0,68,50.0,82.0,12,5,15.0,7,0.84,17,28,-11,-0.58,0.63,0,38,26,2,60,20,23,0
1533,Maxime Lopez,fr FRA,MF,Paris FC,fr Ligue 1,27.0,1997.0,26,22,1960,21.8,0,3,3,0,0,0,11,0,0.14,,,,,,,,,,,,,,,13,6,46.2,0.6,0.28,0.0,0.0,75,64.1,83.0,17,4,32.0,2,1.19,29,36,-7,-0.32,-0.65,0,27,8,5,83,11,17,0
1535,Unai López,es ESP,MF,Rayo Vallecano,es La Liga,29.0,1995.0,28,19,1612,17.9,0,4,4,0,0,0,8,1,0.22,,,,,,,,,,,,,,,22,4,18.2,1.23,0.22,0.0,0.0,58,47.1,75.0,4,9,20.0,4,1.46,20,13,7,0.39,0.89,1,37,14,1,62,21,16,0
1538,Iker Losada,es ESP,MF,Levante,es La Liga,23.0,2001.0,23,10,902,10.0,3,1,4,3,0,0,1,0,0.4,,,,,,,,,,,,,,,14,4,28.6,1.4,0.4,0.21,0.75,39,26.4,62.0,0,13,22.0,14,1.0,14,16,-2,-0.2,0.23,0,6,7,3,22,10,12,0
1540,Tom Louchet,fr FRA,MF,Nice,fr Ligue 1,22.0,2003.0,27,14,1367,15.2,3,2,5,3,0,0,1,1,0.33,,,,,,,,,,,,,,,21,6,28.6,1.38,0.4,0.14,0.5,51,44.7,79.0,4,13,20.0,4,1.07,15,28,-13,-0.86,-0.32,0,16,13,0,51,9,17,0
1545,Pol Lozano,es ESP,MF,Espanyol,es La Liga,25.0,1999.0,33,28,2157,24.0,2,1,3,2,0,0,12,1,0.13,,,,,,,,,,,,,,,17,5,29.4,0.71,0.21,0.12,0.4,65,63.1,74.0,10,5,15.0,2,1.33,30,36,-6,-0.25,0.18,1,64,29,0,29,23,19,0
1547,Lucas,br BRA,"MF,DF",Burnley,eng Premier League,24.0,2001.0,20,15,1409,15.7,0,0,0,0,0,0,1,1,0.0,,,,,,,,,,,,,,,16,4,25.0,1.02,0.26,0.0,0.0,70,41.2,87.0,14,5,21.0,13,0.45,16,29,-13,-0.83,0.24,0,15,4,5,56,19,22,0
1551,Jhon Lucumí,co COL,DF,Bologna,it Serie A,27.0,1998.0,29,26,2287,25.4,1,0,1,1,0,0,5,0,0.04,,,,,,,,,,,,,,,8,2,25.0,0.31,0.08,0.13,0.5,79,66.9,85.0,23,3,22.0,4,1.48,33,28,5,0.2,0.36,0,23,19,1,1,30,22,0
1553,Florentino Luís,pt POR,MF,Burnley,eng Premier League,25.0,1999.0,31,25,2105,23.4,0,2,2,0,0,0,6,0,0.09,,,,,,,,,,,,,,,13,2,15.4,0.56,0.09,0.0,0.0,68,61.5,79.0,9,6,20.0,4,0.52,20,45,-25,-1.07,-0.25,0,40,8,1,11,40,49,0
1554,José Luis Gayà,es ESP,DF,Valencia,es La Liga,30.0,1995.0,32,31,2448,27.2,1,2,3,1,0,0,6,1,0.11,,,,,,,,,,,,,,,13,3,23.1,0.48,0.11,0.08,0.33,77,71.6,79.0,16,1,9.0,2,1.16,23,37,-14,-0.51,-0.98,0,31,20,3,88,23,44,0
1559,Castello Lukeba,fr FRA,DF,RB Leipzig,de Bundesliga,22.0,2002.0,26,24,2176,24.2,1,0,1,1,0,0,3,0,0.04,,,,,,,,,,,,,,,8,2,25.0,0.33,0.08,0.13,0.5,84,71.1,88.0,22,2,27.0,2,1.88,50,33,17,0.7,0.5,0,11,12,1,3,31,14,0
1561,Saša Lukić,rs SRB,MF,Fulham,eng Premier League,28.0,1996.0,26,20,1734,19.3,1,2,3,1,0,0,9,0,0.16,,,,,,,,,,,,,,,18,6,33.3,0.93,0.31,0.06,0.17,67,50.7,80.0,12,6,24.0,3,1.19,16,22,-6,-0.31,-0.42,0,53,25,2,68,16,28,0
1562,Kristoffer Lund,us USA,"DF,MF",Köln,de Bundesliga,23.0,2002.0,33,26,2276,25.3,0,2,2,0,0,0,2,0,0.08,,,,,,,,,,,,,,,20,3,15.0,0.79,0.12,0.0,0.0,69,74.4,81.0,12,7,24.0,1,0.97,35,47,-12,-0.47,-0.24,0,13,40,3,83,28,26,0
1564,Sebastiano Luperto,it ITA,DF,Cremonese,it Serie A,28.0,1996.0,15,15,1307,14.5,0,1,1,0,0,0,1,0,0.07,,,,,,,,,,,,,,,5,2,40.0,0.34,0.14,0.0,0.0,87,38.2,87.0,12,0,,0,0.73,11,26,-15,-1.03,-0.61,0,9,12,1,10,12,9,0
1565,Sebastiano Luperto,it ITA,DF,Cagliari,it Serie A,28.0,1996.0,19,19,1706,19.0,1,0,1,1,0,0,3,0,0.05,,,,,,,,,,,,,,,7,3,42.9,0.37,0.16,0.14,0.33,90,49.9,90.0,18,0,,4,1.32,22,24,-2,-0.11,0.47,0,23,17,0,1,19,12,0
1571,Senne Lynen,be BEL,MF,Werder Bremen,de Bundesliga,26.0,1999.0,31,31,2752,30.6,0,0,0,0,0,0,4,0,0.0,,,,,,,,,,,,,,,25,4,16.0,0.82,0.13,0.0,0.0,89,89.9,89.0,26,0,,0,0.9,33,54,-21,-0.69,-0.1,0,38,12,0,14,77,33,0
1573,Ian Maatsen,nl NED,DF,Aston Villa,eng Premier League,23.0,2002.0,30,17,1605,17.8,0,1,1,0,0,0,2,0,0.06,,,,,,,,,,,,,,,20,5,25.0,1.12,0.28,0.0,0.0,54,46.9,82.0,8,13,17.0,8,1.7,29,27,2,0.11,-0.14,0,17,19,1,54,18,31,0
1574,Alexis Mac Allister,ar ARG,MF,Liverpool,eng Premier League,26.0,1998.0,37,31,2658,29.5,2,4,6,2,0,0,7,0,0.2,,,,,,,,,,,,,,,52,12,23.1,1.76,0.41,0.04,0.17,72,77.7,82.0,20,6,20.0,0,1.54,45,41,4,0.14,-0.57,0,35,32,0,20,18,27,0
1576,Deiver Machado,co COL,"DF,MF",Nantes,fr Ligue 1,31.0,1993.0,14,12,907,10.1,0,1,1,0,0,0,2,0,0.1,,,,,,,,,,,,,,,7,1,14.3,0.69,0.1,0.0,0.0,65,29.6,70.0,6,2,37.0,1,0.86,8,13,-5,-0.5,0.26,0,21,20,4,22,8,16,0
1580,Shuto Machino,jp JPN,"FW,MF",Gladbach,de Bundesliga,25.0,1999.0,32,9,1076,12.0,3,1,4,3,0,0,2,0,0.33,,,,,,,,,,,,,,,25,11,44.0,2.09,0.92,0.12,0.27,34,35.2,79.0,2,23,16.0,1,1.16,13,32,-19,-1.59,-1.95,0,14,11,9,10,3,5,0
1584,Noni Madueke,eng ENG,"FW,MF",Arsenal,eng Premier League,23.0,2002.0,26,16,1211,13.5,3,1,4,3,0,0,0,0,0.3,,,,,,,,,,,,,,,25,9,36.0,1.86,0.67,0.12,0.33,47,35.4,64.0,0,10,18.0,6,1.96,24,9,15,1.11,-0.07,0,15,15,4,80,5,10,0
1585,Pablo Maffeo,es ESP,DF,Mallorca,es La Liga,28.0,1997.0,31,30,2662,29.6,1,2,3,1,0,0,11,0,0.1,,,,,,,,,,,,,,,7,1,14.3,0.24,0.03,0.14,1.0,86,77.8,87.0,20,1,45.0,1,1.13,37,41,-4,-0.14,0.58,0,26,23,0,85,33,34,1
1586,Gabriel Magalhães,br BRA,DF,Arsenal,eng Premier League,27.0,1997.0,32,30,2751,30.6,3,4,7,3,0,0,4,0,0.23,,,,,,,,,,,,,,,27,7,25.9,0.88,0.23,0.11,0.43,86,80.4,90.0,29,2,33.0,0,2.25,56,20,36,1.18,0.1,0,21,34,0,6,22,20,0
1587,Soungoutou Magassa,fr FRA,MF,West Ham United,eng Premier League,21.0,2003.0,22,11,981,10.9,1,0,1,1,0,0,4,0,0.09,,,,,,,,,,,,,,,7,2,28.6,0.64,0.18,0.14,0.5,45,28.7,74.0,2,11,15.0,12,0.73,11,23,-12,-1.1,-0.84,0,17,17,0,9,17,23,0
1588,Hugo Magnetti,fr FRA,MF,Brest,fr Ligue 1,27.0,1998.0,33,31,2688,29.9,1,1,2,1,0,0,4,1,0.07,,,,,,,,,,,,,,,22,5,22.7,0.74,0.17,0.05,0.2,81,87.8,85.0,20,2,19.0,0,1.18,39,46,-7,-0.23,0.98,0,31,33,0,26,44,45,0
1589,Frank Magri,cm CMR,"FW,MF",Toulouse,fr Ligue 1,25.0,1999.0,17,16,1253,13.9,5,1,6,5,0,1,3,0,0.43,,,,,,,,,,,,,,,33,12,36.4,2.37,0.86,0.15,0.42,74,40.9,77.0,3,1,28.0,0,1.53,18,17,1,0.07,0.07,0,28,22,3,15,3,3,0
1590,Harry Maguire,eng ENG,DF,Manchester Utd,eng Premier League,32.0,1993.0,23,19,1653,18.4,1,2,3,1,0,0,3,1,0.16,,,,,,,,,,,,,,,14,4,28.6,0.76,0.22,0.07,0.25,72,48.3,84.0,13,4,13.0,3,2.04,36,19,17,0.93,0.82,0,16,16,0,4,12,17,0
1592,Mike Maignan,fr FRA,GK,Milan,it Serie A,30.0,1995.0,37,37,3295,36.6,0,0,0,0,0,0,4,0,0.0,35.0,0.96,134.0,106.0,77.6,19.0,10.0,8.0,14.0,37.8,8.0,5.0,2.0,1.0,0,0,,0.0,0.0,,,89,96.3,89.0,36,0,,0,1.81,49,35,14,0.38,-2.5,0,0,6,0,0,1,0,0
1593,Linton Maina,de GER,"MF,FW",Köln,de Bundesliga,26.0,1999.0,24,9,1023,11.4,2,0,2,2,0,0,0,0,0.18,,,,,,,,,,,,,,,20,8,40.0,1.76,0.7,0.1,0.25,43,33.4,70.0,0,15,26.0,4,0.92,15,24,-9,-0.79,-0.57,0,8,6,1,25,4,6,0
1594,Patrick Mainka,de GER,DF,Heidenheim,de Bundesliga,30.0,1994.0,34,34,3060,34.0,2,2,4,2,0,0,1,0,0.12,,,,,,,,,,,,,,,37,9,24.3,1.09,0.26,0.05,0.22,90,100.0,90.0,34,0,,0,0.76,41,72,-31,-0.91,,0,10,20,3,0,36,30,0
1595,Kobbie Mainoo,eng ENG,MF,Manchester Utd,eng Premier League,20.0,2005.0,28,16,1662,18.5,1,2,3,1,0,0,2,0,0.16,,,,,,,,,,,,,,,13,3,23.1,0.7,0.16,0.08,0.33,59,48.6,89.0,14,12,20.0,4,2.21,38,22,16,0.87,0.71,0,12,22,1,13,19,20,0
1596,Ainsley Maitland-Niles,eng ENG,"DF,MF",Lyon,fr Ligue 1,27.0,1997.0,30,28,2483,27.6,1,4,5,1,0,1,7,1,0.18,,,,,,,,,,,,,,,14,7,50.0,0.51,0.25,0.07,0.14,83,81.1,85.0,22,2,48.0,0,1.83,48,35,13,0.47,0.47,1,37,12,1,44,33,36,0
1598,Lovro Majer,hr CRO,MF,Wolfsburg,de Bundesliga,27.0,1998.0,28,16,1371,15.2,2,3,5,2,0,0,5,0,0.33,,,,,,,,,,,,,,,27,6,22.2,1.77,0.39,0.07,0.33,49,44.8,70.0,1,12,21.0,4,0.75,20,30,-10,-0.66,0.09,0,30,22,4,28,8,18,0
1600,Jean-Victor Makengo,fr FRA,MF,Lorient,fr Ligue 1,27.0,1998.0,31,23,1800,20.0,4,2,6,4,0,0,2,0,0.3,,,,,,,,,,,,,,,39,14,35.9,1.95,0.7,0.1,0.29,58,58.8,70.0,2,8,23.0,3,1.35,27,26,1,0.05,0.34,0,12,35,0,18,14,16,1
1601,Jordy Makengo,fr FRA,DF,Freiburg,de Bundesliga,23.0,2001.0,20,12,1178,13.1,0,1,1,0,0,0,1,0,0.08,,,,,,,,,,,,,,,0,0,,0.0,0.0,,,59,38.5,85.0,9,8,19.0,9,1.45,19,20,-1,-0.08,0.16,0,10,9,2,32,14,10,0
1603,Said El Mala,de GER,"FW,MF",Köln,de Bundesliga,18.0,2006.0,34,20,1956,21.7,13,4,17,12,1,1,4,0,0.74,,,,,,,,,,,,,,,74,30,40.5,3.4,1.38,0.16,0.4,58,63.9,79.0,6,14,28.0,0,0.94,32,37,-5,-0.23,0.5,0,15,23,18,39,8,14,0
1608,Youssef Maleh,ma MAR,MF,Cremonese,it Serie A,26.0,1998.0,14,14,1100,12.2,1,0,1,1,0,0,2,1,0.08,,,,,,,,,,,,,,,15,3,20.0,1.23,0.25,0.07,0.33,79,32.2,79.0,7,0,,0,0.71,9,22,-13,-1.06,-0.6,0,27,10,0,41,9,11,0
1611,Donyell Malen,nl NED,FW,Roma,it Serie A,26.0,1999.0,18,18,1467,16.3,14,2,16,11,3,4,1,0,0.8,,,,,,,,,,,,,,,70,31,44.3,4.29,1.9,0.16,0.35,82,42.9,82.0,7,0,,0,1.89,33,17,16,0.98,0.43,0,12,17,14,6,3,3,0
1612,Ruslan Malinovskyi,ua UKR,MF,Genoa,it Serie A,32.0,1993.0,34,28,2235,24.8,6,3,9,3,3,3,10,0,0.24,,,,,,,,,,,,,,,55,15,27.3,2.21,0.6,0.05,0.2,66,65.4,74.0,6,6,25.0,1,1.06,28,32,-4,-0.16,0.29,0,36,26,1,68,16,19,0
1618,Gianluca Mancini,it ITA,DF,Roma,it Serie A,29.0,1996.0,36,36,3059,34.0,4,2,6,4,0,0,9,0,0.18,,,,,,,,,,,,,,,20,8,40.0,0.59,0.24,0.2,0.5,85,89.4,85.0,27,0,,0,1.86,52,26,26,0.76,0.27,0,71,42,5,29,47,28,0
1619,Reinildo Mandava,mz MOZ,DF,Sunderland,eng Premier League,31.0,1994.0,25,23,1966,21.8,0,1,1,0,0,0,7,1,0.05,,,,,,,,,,,,,,,4,0,0.0,0.18,0.0,0.0,,79,57.5,83.0,19,2,23.0,0,1.6,28,26,2,0.09,0.59,0,32,35,1,23,29,23,0
1620,Aïssa Mandi,dz ALG,DF,Lille,fr Ligue 1,33.0,1991.0,29,28,2424,26.9,1,0,1,1,0,0,8,0,0.04,,,,,,,,,,,,,,,14,4,28.6,0.52,0.15,0.07,0.25,84,79.2,86.0,24,1,6.0,2,1.83,37,28,9,0.33,-0.51,0,17,17,1,10,44,21,0
1621,Rolando Mandragora,it ITA,MF,Fiorentina,it Serie A,28.0,1997.0,34,30,2421,26.9,7,3,10,6,1,1,7,0,0.33,,,,,,,,,,,,,,,64,18,28.1,2.38,0.67,0.09,0.33,71,70.8,75.0,11,4,41.0,1,1.03,29,33,-4,-0.15,0.3,0,37,56,0,69,15,24,0
1623,Mateus Mane,pt POR,MF,Wolves,eng Premier League,17.0,2007.0,27,19,1795,19.9,3,1,4,3,0,0,0,0,0.2,,,,,,,,,,,,,,,41,17,41.5,2.06,0.85,0.07,0.18,66,52.5,85.0,15,8,23.0,0,0.67,16,30,-14,-0.7,0.79,0,26,47,2,94,5,13,0
1627,Johan Manzambi,ch SUI,MF,Freiburg,de Bundesliga,19.0,2005.0,27,26,2077,23.1,5,4,9,5,0,0,4,2,0.39,,,,,,,,,,,,,,,51,13,25.5,2.21,0.56,0.1,0.38,77,67.9,78.0,8,1,45.0,1,1.37,36,36,0,0.0,0.55,0,22,78,2,35,27,14,0
1628,Sekou Mara,fr FRA,FW,Auxerre,fr Ligue 1,23.0,2002.0,27,14,1226,13.6,3,2,5,3,0,0,0,0,0.37,,,,,,,,,,,,,,,33,12,36.4,2.42,0.88,0.09,0.25,45,40.1,71.0,1,13,17.0,2,0.96,17,17,0,0.0,0.49,0,27,27,2,0,3,7,0
1629,Alessandro Marcandalli,it ITA,DF,Genoa,it Serie A,22.0,2002.0,32,29,2597,28.9,0,2,2,0,0,0,4,0,0.07,,,,,,,,,,,,,,,5,2,40.0,0.17,0.07,0.0,0.0,81,75.9,87.0,24,3,28.0,4,1.22,36,36,0,0.0,1.09,0,23,11,0,10,18,24,0
1630,Marcão,br BRA,DF,Sevilla,es La Liga,29.0,1996.0,13,11,938,10.4,1,0,1,1,0,0,5,1,0.1,,,,,,,,,,,,,,,10,2,20.0,0.96,0.19,0.1,0.5,72,27.4,84.0,9,2,8.0,2,1.23,13,15,-2,-0.19,0.24,1,22,21,1,1,4,4,0
1634,José María Giménez,uy URU,DF,Atlético Madrid,es La Liga,30.0,1995.0,16,13,1178,13.1,0,1,1,0,0,0,3,0,0.08,,,,,,,,,,,,,,,13,3,23.1,0.99,0.23,0.0,0.0,74,34.4,85.0,12,3,26.0,4,1.88,20,14,6,0.46,-0.02,0,20,10,1,0,15,12,0
1639,Marius Marin,ro ROU,MF,Pisa,it Serie A,26.0,1998.0,23,18,1281,14.2,0,0,0,0,0,0,7,0,0.0,,,,,,,,,,,,,,,3,0,0.0,0.21,0.0,0.0,,56,37.5,66.0,4,5,19.0,6,0.65,7,22,-15,-1.05,0.21,0,36,20,0,18,14,26,0
1640,Pablo Marín,es ESP,MF,Real Sociedad,es La Liga,22.0,2003.0,34,15,1502,16.7,0,1,1,0,0,0,2,0,0.06,,,,,,,,,,,,,,,13,4,30.8,0.78,0.24,0.0,0.0,44,43.9,71.0,4,19,23.0,4,1.26,28,35,-7,-0.42,-0.65,0,22,23,5,17,9,18,0
1641,Rafa Marín,es ESP,DF,Villarreal,es La Liga,23.0,2002.0,23,21,1979,22.0,1,0,1,1,0,0,1,0,0.05,,,,,,,,,,,,,,,5,1,20.0,0.23,0.05,0.2,1.0,86,57.9,89.0,19,2,56.0,13,2.04,39,26,13,0.59,-0.22,0,16,8,3,0,20,22,1
1645,Guillermo Maripán,cl CHI,DF,Torino,it Serie A,31.0,1994.0,27,24,2145,23.8,2,0,2,2,0,0,4,0,0.08,,,,,,,,,,,,,,,18,8,44.4,0.76,0.34,0.11,0.25,79,62.7,84.0,20,3,41.0,10,1.15,25,37,-12,-0.5,-0.01,0,27,7,2,3,27,28,0
1648,Marquinhos,br BRA,DF,Paris Saint-Germain,fr Ligue 1,31.0,1994.0,14,11,1052,11.7,0,0,0,0,0,0,0,0,0.0,,,,,,,,,,,,,,,3,0,0.0,0.26,0.0,0.0,,75,34.4,90.0,11,3,21.0,15,2.21,24,6,18,1.54,0.33,0,8,2,0,3,7,9,1
1651,Eric Martel,de GER,"MF,DF",Köln,de Bundesliga,23.0,2002.0,31,30,2559,28.4,2,2,4,2,0,0,12,1,0.14,,,,,,,,,,,,,,,23,4,17.4,0.81,0.14,0.09,0.5,83,83.6,85.0,22,1,14.0,0,1.0,41,50,-9,-0.32,0.58,1,42,51,0,11,35,32,0
1652,Aarón Martín,es ESP,"MF,DF",Genoa,it Serie A,28.0,1997.0,33,26,2156,24.0,1,5,6,1,0,1,2,0,0.25,,,,,,,,,,,,,,,11,4,36.4,0.46,0.17,0.09,0.25,65,63.0,79.0,15,7,13.0,5,1.12,28,37,-9,-0.38,-0.3,0,31,27,0,194,10,28,0
1654,Gerard Martín,es ESP,DF,Barcelona,es La Liga,23.0,2002.0,32,26,2119,23.5,0,0,0,0,0,0,6,0,0.0,,,,,,,,,,,,,,,7,4,57.1,0.3,0.17,0.0,0.0,66,62.0,79.0,15,6,9.0,3,2.47,58,16,42,1.78,0.61,0,16,7,0,14,31,29,0
1655,Iván Martín,es ESP,MF,Girona,es La Liga,26.0,1999.0,35,29,2532,28.1,0,1,1,0,0,0,5,1,0.04,,,,,,,,,,,,,,,13,5,38.5,0.46,0.18,0.0,0.0,72,74.0,83.0,15,6,22.0,2,1.17,29,36,-7,-0.25,0.66,1,30,31,3,15,17,39,0
1656,Jon Martin,es ESP,DF,Real Sociedad,es La Liga,19.0,2006.0,25,25,2250,25.0,2,0,2,2,0,0,6,0,0.08,,,,,,,,,,,,,,,15,5,33.3,0.6,0.2,0.13,0.4,90,65.8,90.0,25,0,,8,1.2,42,44,-2,-0.08,-0.08,0,18,12,1,0,35,16,0
1657,Mario Martín,es ESP,"MF,FW",Getafe,es La Liga,21.0,2004.0,35,26,2125,23.6,2,1,3,2,0,0,11,0,0.13,,,,,,,,,,,,,,,26,6,23.1,1.1,0.25,0.08,0.33,61,62.1,71.0,6,9,32.0,0,1.29,19,27,-8,-0.34,-0.48,0,71,34,4,13,16,32,0
1658,Gabriel Martinelli,br BRA,"FW,MF",Arsenal,eng Premier League,24.0,2001.0,30,11,1081,12.0,1,4,5,1,0,0,3,0,0.42,,,,,,,,,,,,,,,29,13,44.8,2.41,1.08,0.03,0.08,36,31.6,64.0,2,19,20.0,6,2.2,22,8,14,1.17,0.01,0,10,14,5,37,1,8,0
1659,Arnau Martinez,es ESP,"DF,MF",Girona,es La Liga,22.0,2003.0,35,33,2666,29.6,2,3,5,2,0,0,6,0,0.17,,,,,,,,,,,,,,,19,4,21.1,0.64,0.14,0.11,0.5,76,78.0,80.0,18,2,14.0,2,1.14,34,35,-1,-0.03,1.76,0,24,30,3,50,37,39,0
1661,Emiliano Martínez,ar ARG,GK,Aston Villa,eng Premier League,32.0,1992.0,32,32,2835,31.5,0,1,1,0,0,0,2,0,0.03,39.0,1.24,133.0,95.0,70.7,16.0,6.0,10.0,8.0,25.0,1.0,0.0,1.0,0.0,0,0,,0.0,0.0,,,89,82.9,89.0,31,0,,0,1.69,46,39,7,0.22,0.22,0,0,17,0,0,0,0,0
1662,Joaquín Martínez Gauna,es ESP,"MF,DF",Sevilla,es La Liga,22.0,2003.0,21,14,1408,15.6,2,3,5,2,0,0,1,0,0.32,,,,,,,,,,,,,,,17,8,47.1,1.09,0.51,0.12,0.25,67,41.2,86.0,9,7,29.0,11,1.05,22,24,-2,-0.13,0.41,0,12,16,4,88,8,20,0
1664,Lautaro Martínez,ar ARG,FW,Inter,it Serie A,27.0,1997.0,30,27,2159,24.0,17,6,23,17,0,0,4,0,0.96,,,,,,,,,,,,,,,92,39,42.4,3.84,1.63,0.18,0.44,72,63.1,77.0,4,3,24.0,3,2.4,60,21,39,1.63,0.56,0,47,47,8,17,6,13,0
1665,Lisandro Martínez,ar ARG,DF,Manchester Utd,eng Premier League,27.0,1998.0,18,13,1233,13.7,0,0,0,0,0,0,0,1,0.0,,,,,,,,,,,,,,,5,0,0.0,0.36,0.0,0.0,,69,36.1,87.0,11,5,20.0,1,1.89,25,15,10,0.73,0.36,0,9,2,0,2,12,11,1
1666,Pablo Martínez,es ESP,MF,Levante,es La Liga,27.0,1998.0,27,21,1857,20.6,1,5,6,1,0,0,3,0,0.29,,,,,,,,,,,,,,,28,4,14.3,1.36,0.19,0.04,0.25,69,54.3,81.0,8,6,28.0,1,1.37,25,28,-3,-0.15,0.49,0,30,12,3,87,19,10,0
1668,Toni Martínez,es ESP,FW,Alavés,es La Liga,28.0,1997.0,37,32,2714,30.2,14,3,17,13,1,1,2,0,0.53,,,,,,,,,,,,,,,93,36,38.7,3.08,1.19,0.14,0.36,73,79.4,80.0,12,5,28.0,1,1.08,40,41,-1,-0.03,1.37,0,46,37,13,14,4,15,0
1669,Adam Marušić,me MNE,DF,Lazio,it Serie A,32.0,1992.0,33,32,2778,30.9,1,2,3,1,0,0,1,1,0.1,,,,,,,,,,,,,,,16,7,43.8,0.52,0.23,0.06,0.14,84,81.2,86.0,25,1,30.0,1,1.45,29,30,-1,-0.03,-0.31,0,22,18,1,35,33,16,0
1670,Omar Mascarell,gq EQG,"MF,DF",Mallorca,es La Liga,32.0,1993.0,30,26,2239,24.9,2,2,4,2,0,0,5,0,0.16,,,,,,,,,,,,,,,7,3,42.9,0.28,0.12,0.29,0.67,75,65.5,81.0,17,4,32.0,4,1.2,32,35,-3,-0.12,0.41,0,38,14,0,6,35,28,0
1672,Patrizio Masini,it ITA,MF,Genoa,it Serie A,24.0,2001.0,28,13,1413,15.7,0,1,1,0,0,0,5,0,0.06,,,,,,,,,,,,,,,18,5,27.8,1.15,0.32,0.0,0.0,50,41.3,88.0,11,15,18.0,9,1.07,15,22,-7,-0.45,-0.31,0,39,45,0,14,26,39,0
1673,Han-Noah Massengo,fr FRA,MF,Augsburg,de Bundesliga,24.0,2001.0,33,29,2427,27.0,2,1,3,2,0,0,5,0,0.11,,,,,,,,,,,,,,,20,6,30.0,0.74,0.22,0.1,0.33,74,79.3,80.0,14,4,26.0,0,1.27,31,52,-21,-0.78,-1.49,0,25,23,0,17,36,18,0
1674,Franco Mastantuono,ar ARG,"MF,FW",Real Madrid,es La Liga,17.0,2007.0,23,11,1037,11.5,1,0,1,1,0,0,5,1,0.09,,,,,,,,,,,,,,,30,7,23.3,2.6,0.61,0.03,0.14,45,30.3,70.0,1,12,22.0,10,2.48,29,9,20,1.74,0.9,0,18,30,1,31,3,12,0
1677,Clinton Mata,ao ANG,DF,Lyon,fr Ligue 1,32.0,1992.0,32,32,2833,31.5,0,0,0,0,0,0,5,0,0.0,,,,,,,,,,,,,,,5,0,0.0,0.16,0.0,0.0,,89,92.6,89.0,29,0,,0,1.75,49,40,9,0.29,-1.3,0,35,35,0,20,26,21,1
1678,Igor Matanovic,hr CRO,FW,Freiburg,de Bundesliga,22.0,2003.0,31,14,1571,17.5,11,2,13,10,1,2,0,0,0.69,,,,,,,,,,,,,,,51,19,37.3,2.92,1.09,0.2,0.53,51,51.3,84.0,8,17,23.0,1,1.52,27,27,0,0.0,0.36,0,42,22,6,0,9,11,0
1679,Pape Matar Sarr,sn SEN,MF,Tottenham Hotspur,eng Premier League,22.0,2002.0,26,13,1397,15.5,2,4,6,2,0,0,3,0,0.39,,,,,,,,,,,,,,,17,6,35.3,1.1,0.39,0.12,0.33,54,40.8,89.0,11,13,19.0,3,1.12,21,23,-2,-0.13,0.18,0,29,13,3,8,14,21,0
1680,Jean-Philippe Mateta,fr FRA,FW,Crystal Palace,eng Premier League,28.0,1997.0,32,25,2218,24.6,12,0,12,8,4,4,2,0,0.32,,,,,,,,,,,,,,,63,32,50.8,2.56,1.3,0.13,0.25,69,64.9,81.0,12,7,27.0,0,1.09,23,29,-6,-0.24,0.06,0,21,19,18,11,6,4,0
1681,Nemanja Matić,rs SRB,MF,Sassuolo,it Serie A,36.0,1988.0,34,31,2660,29.6,1,1,2,1,0,0,7,1,0.07,,,,,,,,,,,,,,,11,4,36.4,0.37,0.14,0.09,0.25,78,77.8,82.0,19,3,35.0,0,1.24,35,39,-4,-0.14,-0.14,0,24,39,0,11,27,28,0
1684,Chrislain Matsima,fr FRA,DF,Augsburg,de Bundesliga,23.0,2002.0,18,17,1489,16.5,1,1,2,1,0,0,5,0,0.12,,,,,,,,,,,,,,,7,1,14.3,0.42,0.06,0.14,1.0,83,48.7,87.0,15,1,5.0,0,1.11,23,33,-10,-0.6,-0.26,0,10,4,0,4,30,11,0
1685,Jean Mattéo Bahoya,fr FRA,"MF,FW",Eintracht Frankfurt,de Bundesliga,20.0,2005.0,27,15,1331,14.8,3,4,7,3,0,0,2,0,0.47,,,,,,,,,,,,,,,29,9,31.0,1.96,0.61,0.1,0.33,49,43.5,69.0,4,12,25.0,2,1.26,22,28,-6,-0.41,-0.51,0,13,22,3,33,12,14,0
1686,Alan Matturro,uy URU,DF,Levante,es La Liga,20.0,2004.0,19,10,947,10.5,1,1,2,1,0,0,0,1,0.19,,,,,,,,,,,,,,,8,1,12.5,0.76,0.1,0.13,1.0,50,27.7,79.0,8,9,17.0,11,1.0,13,22,-9,-0.86,-0.67,0,7,10,0,0,6,13,0
1689,Konstantinos Mavropanos,gr GRE,DF,West Ham United,eng Premier League,27.0,1997.0,31,27,2534,28.2,3,0,3,3,0,0,2,0,0.11,,,,,,,,,,,,,,,23,8,34.8,0.82,0.28,0.13,0.38,82,74.1,90.0,27,4,26.0,3,1.03,34,44,-10,-0.36,0.56,0,16,9,2,4,47,24,2
1690,Christian Mawissa,fr FRA,"DF,MF",Monaco,fr Ligue 1,20.0,2005.0,18,13,1191,13.2,0,0,0,0,0,0,4,0,0.0,,,,,,,,,,,,,,,2,1,50.0,0.15,0.08,0.0,0.0,66,38.9,82.0,9,5,26.0,2,1.78,23,22,1,0.08,-0.17,0,12,12,0,5,15,25,0
1693,Borja Mayoral,es ESP,FW,Getafe,es La Liga,28.0,1997.0,16,12,1058,11.8,4,1,5,4,0,1,0,0,0.43,,,,,,,,,,,,,,,15,7,46.7,1.28,0.6,0.27,0.57,66,30.9,81.0,6,4,21.0,5,0.94,9,15,-6,-0.51,-0.51,0,6,7,11,6,4,5,0
1694,Senny Mayulu,fr FRA,"MF,FW",Paris Saint-Germain,fr Ligue 1,19.0,2006.0,26,21,1672,18.6,4,4,8,4,0,0,2,0,0.43,,,,,,,,,,,,,,,35,11,31.4,1.88,0.59,0.11,0.36,64,54.6,73.0,6,5,29.0,0,2.12,37,15,22,1.18,-0.31,0,24,20,1,27,12,31,0
1695,Ibrahim Maza,dz ALG,MF,Leverkusen,de Bundesliga,19.0,2005.0,28,20,1849,20.5,3,4,7,3,0,0,2,0,0.34,,,,,,,,,,,,,,,54,17,31.5,2.63,0.83,0.06,0.18,66,60.4,79.0,9,8,33.0,2,1.64,42,27,15,0.73,0.28,0,19,36,3,64,16,24,0
1696,Noussair Mazraoui,ma MAR,"DF,MF",Manchester Utd,eng Premier League,27.0,1997.0,20,11,985,10.9,0,0,0,0,0,0,3,0,0.0,,,,,,,,,,,,,,,5,0,0.0,0.46,0.0,0.0,,49,28.8,72.0,3,9,22.0,6,2.0,19,10,9,0.82,0.45,0,12,14,0,13,11,15,0
1700,Samuel Mbangula,be BEL,"MF,FW",Werder Bremen,de Bundesliga,21.0,2004.0,26,12,1171,13.0,3,2,5,3,0,0,0,0,0.38,,,,,,,,,,,,,,,17,8,47.1,1.31,0.61,0.18,0.38,45,38.3,72.0,1,14,22.0,3,0.85,15,22,-7,-0.54,0.22,0,4,23,4,23,3,10,0
1702,Kylian Mbappé,fr FRA,FW,Real Madrid,es La Liga,26.0,1998.0,31,29,2599,28.9,25,5,30,17,8,9,4,0,0.76,,,,,,,,,,,,,,,146,63,43.2,5.06,2.18,0.12,0.27,84,76.0,88.0,20,2,25.0,1,2.29,55,26,29,1.0,-0.42,0,13,36,39,26,3,1,0
1703,Ibrahim Mbaye,sn SEN,"FW,MF",Paris Saint-Germain,fr Ligue 1,17.0,2008.0,24,10,1006,11.2,3,2,5,3,0,0,0,0,0.45,,,,,,,,,,,,,,,24,10,41.7,2.15,0.89,0.13,0.3,42,32.9,69.0,3,14,23.0,6,2.29,23,11,12,1.07,-0.37,0,10,13,2,16,4,7,0
1705,Chancel Mbemba,cd COD,DF,Lille,fr Ligue 1,30.0,1994.0,13,9,954,10.6,0,0,0,0,0,0,3,0,0.0,,,,,,,,,,,,,,,7,3,42.9,0.66,0.28,0.0,0.0,73,31.2,90.0,9,4,36.0,16,2.23,22,15,7,0.66,0.32,0,10,6,0,0,13,8,1
1706,Bryan Mbeumo,cm CMR,"MF,FW",Manchester Utd,eng Premier League,25.0,1999.0,33,31,2609,29.0,11,3,14,11,0,0,4,0,0.48,,,,,,,,,,,,,,,73,32,43.8,2.52,1.1,0.15,0.34,79,76.3,83.0,13,2,19.0,0,1.97,57,36,21,0.72,0.95,0,23,28,7,105,7,11,0
1708,Pathé Mboup,sn SEN,MF,Brest,fr Ligue 1,21.0,2003.0,28,9,1054,11.7,1,0,1,1,0,0,6,0,0.09,,,,,,,,,,,,,,,23,10,43.5,1.96,0.85,0.04,0.1,38,34.4,71.0,1,19,22.0,3,1.14,12,18,-6,-0.51,-0.24,0,34,19,5,11,12,18,0
1709,Moustapha Mbow,sn SEN,DF,Paris FC,fr Ligue 1,25.0,2000.0,31,30,2717,30.2,0,1,1,0,0,0,5,0,0.03,,,,,,,,,,,,,,,10,3,30.0,0.33,0.1,0.0,0.0,88,88.8,90.0,30,1,17.0,2,1.23,41,43,-2,-0.07,0.2,0,27,16,1,2,38,33,0
1711,John McGinn,sct SCO,MF,Aston Villa,eng Premier League,30.0,1994.0,30,28,2137,23.7,5,4,9,5,0,0,5,0,0.38,,,,,,,,,,,,,,,28,12,42.9,1.18,0.51,0.18,0.42,71,62.5,75.0,6,2,25.0,0,1.9,37,28,9,0.38,0.52,0,31,48,0,82,12,17,0
1712,Weston McKennie,us USA,MF,Juventus,it Serie A,26.0,1998.0,36,32,2835,31.5,5,5,10,5,0,0,5,0,0.32,,,,,,,,,,,,,,,43,16,37.2,1.37,0.51,0.12,0.31,79,82.9,87.0,23,4,13.0,1,1.81,53,31,22,0.7,-0.07,0,44,11,7,36,26,24,0
1713,Mark McKenzie,us USA,DF,Toulouse,fr Ligue 1,26.0,1999.0,30,28,2494,27.7,0,2,2,0,0,0,7,1,0.07,,,,,,,,,,,,,,,6,1,16.7,0.22,0.04,0.0,0.0,83,81.5,88.0,25,2,19.0,0,1.3,37,38,-1,-0.04,-0.35,0,35,12,1,4,25,31,0
1714,Dwight McNeil,eng ENG,MF,Everton,eng Premier League,25.0,1999.0,22,14,1168,13.0,0,1,1,0,0,0,1,0,0.08,,,,,,,,,,,,,,,24,5,20.8,1.85,0.39,0.0,0.0,53,34.2,76.0,3,8,13.0,14,1.45,14,9,5,0.39,0.7,0,11,7,2,40,10,16,0
1715,Scott McTominay,sct SCO,MF,Napoli,it Serie A,28.0,1996.0,33,31,2791,31.0,10,3,13,10,0,1,1,0,0.42,,,,,,,,,,,,,,,101,34,33.7,3.26,1.1,0.1,0.29,85,81.6,88.0,27,2,38.0,0,2.09,49,27,22,0.71,0.71,0,24,73,5,10,23,13,0
1716,Facundo Medina,ar ARG,DF,Marseille,fr Ligue 1,26.0,1999.0,17,16,1365,15.2,0,1,1,0,0,0,7,0,0.07,,,,,,,,,,,,,,,4,1,25.0,0.26,0.07,0.0,0.0,80,44.6,85.0,13,1,6.0,3,1.76,26,23,3,0.2,-0.6,0,24,9,0,13,24,16,1
1718,Henrik Meister,dk DEN,FW,Pisa,it Serie A,21.0,2003.0,28,15,1515,16.8,2,0,2,2,0,0,2,0,0.12,,,,,,,,,,,,,,,20,8,40.0,1.19,0.48,0.1,0.25,54,44.3,75.0,6,13,29.0,8,0.46,13,28,-15,-0.89,0.53,0,26,17,5,1,1,3,0
1719,Bamo Meïté,ci CIV,DF,Lorient,fr Ligue 1,23.0,2001.0,25,22,1979,22.0,0,3,3,0,0,0,5,0,0.14,,,,,,,,,,,,,,,8,1,12.5,0.36,0.05,0.0,0.0,79,64.7,87.0,18,3,23.0,3,1.44,31,29,2,0.09,0.51,0,30,25,2,12,13,15,0
1721,Hannibal Mejbri,tn TUN,MF,Burnley,eng Premier League,22.0,2003.0,27,15,1229,13.7,1,4,5,1,0,0,10,0,0.37,,,,,,,,,,,,,,,19,5,26.3,1.39,0.37,0.05,0.2,46,35.9,70.0,3,12,15.0,2,0.74,16,27,-11,-0.81,0.26,0,23,46,3,30,7,17,0
1723,Nuno Mendes,pt POR,DF,Paris Saint-Germain,fr Ligue 1,23.0,2002.0,20,13,1256,14.0,4,5,9,3,1,1,1,0,0.57,,,,,,,,,,,,,,,30,15,50.0,2.15,1.07,0.1,0.2,63,41.0,85.0,10,7,22.0,4,2.25,29,12,17,1.22,-0.18,0,12,25,3,44,14,20,0
1724,Brais Méndez,es ESP,"MF,FW",Real Sociedad,es La Liga,28.0,1997.0,29,21,1660,18.4,6,2,8,5,1,2,4,1,0.38,,,,,,,,,,,,,,,36,16,44.4,1.95,0.87,0.14,0.31,57,48.5,71.0,3,8,22.0,5,1.24,26,27,-1,-0.05,0.0,0,42,35,7,62,8,18,0
1727,Antoine Mendy,sn SEN,DF,Nice,fr Ligue 1,21.0,2004.0,25,24,2097,23.3,1,0,1,1,0,0,5,0,0.04,,,,,,,,,,,,,,,17,7,41.2,0.73,0.3,0.06,0.14,84,68.5,87.0,21,1,11.0,6,0.92,26,38,-12,-0.52,0.51,0,30,22,1,21,19,35,0
1728,Batista Mendy,fr FRA,MF,Sevilla,es La Liga,25.0,2000.0,27,19,1617,18.0,1,0,1,1,0,0,6,0,0.06,,,,,,,,,,,,,,,17,5,29.4,0.95,0.28,0.06,0.2,60,47.3,78.0,10,8,17.0,5,1.15,16,26,-10,-0.56,-0.36,0,37,27,0,5,18,23,0
1731,Nobel Mendy,sn SEN,DF,Rayo Vallecano,es La Liga,20.0,2004.0,24,22,1797,20.0,2,0,2,2,0,0,9,2,0.1,,,,,,,,,,,,,,,11,3,27.3,0.55,0.15,0.18,0.67,75,52.5,79.0,12,2,27.0,7,1.25,21,26,-5,-0.25,-0.36,1,32,12,1,6,23,15,0
1733,Gideon Mensah,gh GHA,DF,Auxerre,fr Ligue 1,27.0,1998.0,30,26,2327,25.9,0,2,2,0,0,0,8,0,0.08,,,,,,,,,,,,,,,1,0,0.0,0.04,0.0,0.0,,78,76.0,86.0,16,4,22.0,2,1.03,27,28,-1,-0.04,1.07,0,37,34,1,64,23,37,0
1734,Khalis Merah,fr FRA,"MF,FW",Lyon,fr Ligue 1,18.0,2007.0,22,15,1130,12.6,0,1,1,0,0,0,2,0,0.08,,,,,,,,,,,,,,,6,3,50.0,0.48,0.24,0.0,0.0,51,36.9,68.0,0,7,15.0,12,2.18,20,11,9,0.72,0.53,0,11,20,0,13,6,19,0
1735,Alex Meret,it ITA,GK,Napoli,it Serie A,28.0,1997.0,11,11,979,10.9,0,1,1,0,0,0,1,0,0.09,12.0,1.1,31.0,21.0,67.7,9.0,0.0,2.0,4.0,36.4,2.0,2.0,0.0,0.0,0,0,,0.0,0.0,,,89,28.6,89.0,10,0,,15,2.45,20,12,8,0.74,0.22,0,1,1,0,0,1,0,0
1736,Mikel Merino,es ESP,"MF,FW",Arsenal,eng Premier League,29.0,1996.0,22,10,1036,11.5,4,3,7,4,0,0,1,0,0.61,,,,,,,,,,,,,,,22,8,36.4,1.91,0.69,0.18,0.5,47,30.3,77.0,5,12,22.0,2,2.23,22,10,12,1.04,-0.17,0,22,20,3,4,9,13,0
1737,Quentin Merlin,fr FRA,"DF,MF",Rennes,fr Ligue 1,23.0,2002.0,33,27,2533,28.1,1,5,6,1,0,0,2,0,0.21,,,,,,,,,,,,,,,26,7,26.9,0.92,0.25,0.04,0.14,77,82.8,87.0,23,6,32.0,1,1.76,45,43,2,0.07,-1.12,0,22,30,5,156,29,38,0
1742,Dayann Methalie,fr FRA,MF,Toulouse,fr Ligue 1,19.0,2006.0,28,23,1961,21.8,2,1,3,2,0,0,9,0,0.14,,,,,,,,,,,,,,,15,7,46.7,0.69,0.32,0.13,0.29,70,64.1,79.0,7,5,27.0,0,1.11,21,29,-8,-0.37,-1.1,0,57,12,1,43,23,31,0
1743,Karol Mets,ee EST,DF,St Pauli,de Bundesliga,32.0,1993.0,23,22,1932,21.5,1,0,1,1,0,0,3,0,0.05,,,,,,,,,,,,,,,7,1,14.3,0.33,0.05,0.14,1.0,84,63.1,87.0,18,1,16.0,3,0.78,17,40,-23,-1.07,-0.43,0,13,11,1,6,22,22,0
1744,Thomas Meunier,be BEL,DF,Lille,fr Ligue 1,33.0,1991.0,25,21,1909,21.2,2,2,4,2,0,0,3,0,0.19,,,,,,,,,,,,,,,19,5,26.3,0.9,0.24,0.11,0.4,76,62.4,87.0,16,4,18.0,0,2.08,36,19,17,0.8,0.96,0,29,3,2,51,17,18,0
1748,Georges Mikautadze,ge GEO,FW,Villarreal,es La Liga,24.0,2000.0,32,23,2109,23.4,13,6,19,13,0,0,1,0,0.81,,,,,,,,,,,,,,,65,32,49.2,2.77,1.37,0.2,0.41,66,61.7,80.0,7,9,29.0,2,1.91,44,30,14,0.6,-0.23,0,13,45,3,21,5,4,0
1751,William Mikelbrencis,fr FRA,"MF,DF",Hamburger SV,de Bundesliga,21.0,2004.0,26,15,1372,15.2,0,4,4,0,0,0,3,0,0.26,,,,,,,,,,,,,,,12,6,50.0,0.79,0.39,0.0,0.0,53,44.8,81.0,5,11,15.0,6,1.04,17,34,-17,-1.12,-1.28,0,18,5,5,54,6,22,0
1754,Nikola Milenković,rs SRB,DF,Nottingham Forest,eng Premier League,27.0,1997.0,38,37,3375,37.5,0,0,0,0,0,0,6,0,0.0,,,,,,,,,,,,,,,16,1,6.3,0.43,0.03,0.0,0.0,89,98.7,90.0,37,1,45.0,0,1.16,46,51,-5,-0.13,-4.13,0,21,20,1,2,29,19,1
1755,Lewis Miley,eng ENG,"MF,DF",Newcastle United,eng Premier League,19.0,2006.0,23,15,1496,16.6,1,4,5,1,0,0,0,0,0.3,,,,,,,,,,,,,,,12,4,33.3,0.72,0.24,0.08,0.25,65,43.7,88.0,13,8,22.0,5,1.3,25,22,3,0.18,0.41,0,5,4,2,42,20,18,0
1757,Vanja Milinković-Savić,rs SRB,GK,Napoli,it Serie A,28.0,1997.0,27,27,2430,27.0,0,1,1,0,0,0,0,0,0.04,24.0,0.89,69.0,52.0,72.5,14.0,7.0,6.0,11.0,40.7,8.0,5.0,3.0,0.0,0,0,,0.0,0.0,,,90,71.1,90.0,27,0,,9,1.81,38,24,14,0.52,-0.21,0,1,6,0,0,0,0,0
1758,Éder Militão,br BRA,DF,Real Madrid,es La Liga,27.0,1998.0,16,14,1139,12.7,2,1,3,2,0,0,2,0,0.24,,,,,,,,,,,,,,,21,9,42.9,1.66,0.71,0.1,0.22,71,33.3,76.0,9,2,39.0,2,2.06,26,9,17,1.34,0.36,0,15,13,0,1,10,16,0
1759,Luis Milla,es ESP,MF,Getafe,es La Liga,30.0,1994.0,37,37,3271,36.3,1,10,11,1,0,0,5,1,0.3,,,,,,,,,,,,,,,27,4,14.8,0.74,0.11,0.04,0.25,88,95.6,88.0,31,0,,0,1.38,32,35,-3,-0.08,1.73,0,32,43,3,225,42,33,0
1760,Pere Milla,es ESP,"MF,FW",Espanyol,es La Liga,32.0,1992.0,33,24,1973,21.9,7,1,8,7,0,0,6,1,0.36,,,,,,,,,,,,,,,59,21,35.6,2.69,0.96,0.12,0.33,60,57.7,73.0,1,9,26.0,2,1.33,27,23,4,0.18,1.18,0,24,38,10,36,18,24,0
1761,Lennon Miller,sct SCO,MF,Udinese,it Serie A,18.0,2006.0,24,9,996,11.1,0,2,2,0,0,0,4,0,0.18,,,,,,,,,,,,,,,9,1,11.1,0.81,0.09,0.0,0.0,42,29.1,74.0,1,15,22.0,13,1.25,19,14,5,0.45,0.75,0,14,17,1,32,9,12,0
1765,Kim Min-jae,kr KOR,DF,Bayern Munich,de Bundesliga,28.0,1996.0,25,19,1602,17.8,1,1,2,1,0,0,1,0,0.11,,,,,,,,,,,,,,,5,3,60.0,0.28,0.17,0.2,0.33,64,52.4,82.0,11,6,8.0,5,2.56,57,21,36,2.02,-1.06,0,9,3,0,1,38,19,0
1766,Yerry Mina,co COL,DF,Cagliari,it Serie A,30.0,1994.0,26,26,2150,23.9,2,0,2,2,0,0,5,1,0.08,,,,,,,,,,,,,,,10,3,30.0,0.42,0.13,0.2,0.67,83,62.9,83.0,21,0,,3,1.35,26,29,-3,-0.13,0.58,1,26,37,3,1,26,18,0
1767,Takumi Minamino,jp JPN,MF,Monaco,fr Ligue 1,30.0,1995.0,15,11,944,10.5,3,2,5,3,0,0,4,0,0.48,,,,,,,,,,,,,,,21,7,33.3,2.0,0.67,0.14,0.43,63,30.8,78.0,1,4,22.0,1,1.53,17,14,3,0.29,0.16,0,10,8,3,8,3,3,0
1768,Tyrone Mings,eng ENG,DF,Aston Villa,eng Premier League,32.0,1993.0,17,15,1324,14.7,0,0,0,0,0,0,1,0,0.0,,,,,,,,,,,,,,,9,1,11.1,0.61,0.07,0.0,0.0,78,38.7,86.0,14,2,17.0,6,1.24,16,23,-7,-0.48,-1.08,0,10,8,0,4,11,2,0
1769,Óscar Mingueza,es ESP,MF,Celta Vigo,es La Liga,26.0,1999.0,34,21,1968,21.9,1,4,5,1,0,0,4,0,0.23,,,,,,,,,,,,,,,14,5,35.7,0.64,0.23,0.07,0.2,58,57.5,78.0,9,13,25.0,4,1.44,37,26,11,0.5,0.87,0,15,28,1,68,9,20,0
1770,Yankuba Minteh,gm GAM,MF,Brighton,eng Premier League,21.0,2004.0,34,26,2391,26.6,3,4,7,3,0,0,3,0,0.26,,,,,,,,,,,,,,,41,11,26.8,1.54,0.41,0.07,0.27,70,69.9,83.0,11,8,29.0,2,1.26,39,33,6,0.23,0.23,0,32,22,10,159,15,37,0
1772,Rafa Mir,es ESP,"FW,MF",Elche,es La Liga,28.0,1997.0,27,21,1803,20.0,8,0,8,7,1,2,4,0,0.35,,,,,,,,,,,,,,,69,36,52.2,3.44,1.8,0.1,0.19,67,52.7,80.0,7,6,21.0,3,1.22,30,24,6,0.3,1.08,0,39,16,7,19,4,7,0
1773,Juan Miranda,es ESP,DF,Bologna,it Serie A,25.0,2000.0,32,29,2573,28.6,1,3,4,1,0,0,6,0,0.14,,,,,,,,,,,,,,,13,5,38.5,0.45,0.17,0.08,0.2,80,75.2,87.0,25,3,20.0,2,1.63,42,36,6,0.21,0.53,0,25,35,3,171,33,31,0
1775,Tyrick Mitchell,eng ENG,MF,Crystal Palace,eng Premier League,25.0,1999.0,38,36,3251,36.1,1,2,3,1,0,0,6,0,0.08,,,,,,,,,,,,,,,19,7,36.8,0.53,0.19,0.05,0.14,86,95.1,88.0,31,2,45.0,0,1.18,38,47,-9,-0.25,0.28,0,24,28,5,104,33,65,0
1776,Kaoru Mitoma,jp JPN,"MF,FW",Brighton,eng Premier League,28.0,1997.0,25,19,1721,19.1,3,1,4,3,0,0,5,0,0.21,,,,,,,,,,,,,,,32,13,40.6,1.67,0.68,0.09,0.23,69,50.3,82.0,10,6,28.0,0,1.4,24,20,4,0.21,0.1,0,31,21,4,46,8,12,0
1777,Maximilian Mittelstädt,de GER,"DF,MF",Stuttgart,de Bundesliga,28.0,1997.0,32,24,2186,24.3,6,4,10,2,4,4,4,0,0.25,,,,,,,,,,,,,,,31,16,51.6,1.28,0.66,0.06,0.13,68,71.4,84.0,12,8,22.0,1,1.75,49,29,20,0.82,0.62,0,11,26,2,122,35,42,0
1778,Henrikh Mkhitaryan,am ARM,MF,Inter,it Serie A,36.0,1989.0,30,16,1560,17.3,4,1,5,4,0,0,5,0,0.29,,,,,,,,,,,,,,,43,14,32.6,2.48,0.81,0.09,0.29,52,45.6,76.0,7,14,24.0,3,2.27,44,12,32,1.85,0.78,0,28,17,3,42,15,27,0
1782,Luka Modrić,hr CRO,MF,Milan,it Serie A,39.0,1985.0,34,32,2811,31.2,2,3,5,2,0,0,4,0,0.16,,,,,,,,,,,,,,,20,8,40.0,0.64,0.26,0.1,0.25,83,82.2,87.0,25,2,17.0,2,1.94,45,26,19,0.61,0.76,0,23,33,0,111,35,27,0
1785,Mostafa Mohamed,eg EGY,FW,Nantes,fr Ligue 1,27.0,1997.0,24,13,1152,12.8,4,0,4,4,0,0,1,0,0.31,,,,,,,,,,,,,,,35,8,22.9,2.73,0.62,0.11,0.5,48,37.6,74.0,2,11,17.0,8,0.5,7,24,-17,-1.33,-1.05,0,18,27,4,9,7,7,0
1787,Johan Mojica,co COL,DF,Mallorca,es La Liga,32.0,1992.0,35,30,2724,30.3,0,4,4,0,0,0,6,1,0.13,,,,,,,,,,,,,,,17,2,11.8,0.56,0.07,0.0,0.0,78,79.6,88.0,23,5,17.0,1,1.11,37,44,-7,-0.23,0.16,0,29,30,2,133,24,30,0
1790,Alberto Moleiro,es ESP,MF,Villarreal,es La Liga,21.0,2003.0,37,30,2478,27.5,10,5,15,10,0,0,4,0,0.54,,,,,,,,,,,,,,,46,20,43.5,1.67,0.73,0.22,0.5,67,72.5,77.0,9,7,23.0,1,1.95,54,31,23,0.84,0.55,0,33,27,3,31,14,21,0
1791,Nahuel Molina,ar ARG,"DF,MF",Atlético Madrid,es La Liga,27.0,1998.0,26,13,1331,14.8,2,2,4,2,0,0,4,0,0.27,,,,,,,,,,,,,,,14,4,28.6,0.95,0.27,0.14,0.5,51,38.9,84.0,11,13,19.0,9,1.88,20,18,2,0.14,-0.55,0,14,5,5,49,14,24,0
1792,Jon Moncayola,es ESP,MF,Osasuna,es La Liga,27.0,1998.0,36,35,3016,33.5,0,4,4,0,0,0,9,0,0.12,,,,,,,,,,,,,,,23,5,21.7,0.69,0.15,0.0,0.0,84,88.2,85.0,21,1,25.0,0,1.0,34,45,-11,-0.33,-1.44,0,41,13,0,142,27,26,0
1795,Lorenzo Montipò,it ITA,GK,Hellas Verona,it Serie A,29.0,1996.0,35,35,3150,35.0,0,1,1,0,0,0,0,0,0.03,54.0,1.54,137.0,87.0,62.0,3.0,11.0,21.0,5.0,14.3,5.0,2.0,3.0,0.0,0,0,,0.0,0.0,,,90,92.1,90.0,35,0,,3,0.57,24,54,-30,-0.86,1.14,0,0,8,0,0,0,0,0
1796,Álvaro Morata,es ESP,FW,Como,it Serie A,32.0,1992.0,26,9,930,10.3,0,1,1,0,0,1,4,1,0.1,,,,,,,,,,,,,,,23,8,34.8,2.23,0.77,0.0,0.0,36,27.2,69.0,1,17,18.0,3,1.73,14,6,8,0.77,-0.24,1,16,33,9,9,1,11,0
1797,Morato,br BRA,DF,Nottingham Forest,eng Premier League,24.0,2001.0,21,14,1345,14.9,1,0,1,1,0,0,5,0,0.07,,,,,,,,,,,,,,,5,2,40.0,0.33,0.13,0.2,0.5,64,39.3,89.0,13,7,14.0,16,1.29,13,23,-10,-0.67,-0.97,0,16,7,1,2,11,18,0
1800,Afonso Moreira,pt POR,"MF,FW",Lyon,fr Ligue 1,20.0,2005.0,27,18,1722,19.1,4,7,11,4,0,0,3,0,0.57,,,,,,,,,,,,,,,40,14,35.0,2.09,0.73,0.1,0.29,64,56.3,88.0,13,9,15.0,2,1.93,35,23,12,0.63,0.56,0,27,57,4,119,12,22,0
1801,Diego Moreira,be BEL,MF,Strasbourg,fr Ligue 1,20.0,2004.0,27,23,2034,22.6,4,6,10,4,0,0,4,0,0.44,,,,,,,,,,,,,,,29,11,37.9,1.28,0.49,0.14,0.36,75,66.5,84.0,8,4,26.0,0,1.52,43,31,12,0.53,0.62,0,17,27,8,89,20,25,0
1802,Alberto Moreno,es ESP,DF,Como,it Serie A,33.0,1992.0,19,13,1233,13.7,2,1,3,2,0,0,4,0,0.22,,,,,,,,,,,,,,,11,4,36.4,0.8,0.29,0.18,0.5,65,36.1,84.0,7,6,24.0,19,2.05,27,9,18,1.31,0.57,0,17,12,3,34,7,12,0
1803,Álex Moreno,es ESP,DF,Girona,es La Liga,32.0,1993.0,31,28,2559,28.4,0,3,3,0,0,0,5,0,0.11,,,,,,,,,,,,,,,17,5,29.4,0.6,0.18,0.0,0.0,83,74.8,89.0,27,3,23.0,0,1.13,28,40,-12,-0.42,0.0,0,32,20,9,66,29,28,0
1805,Gerard Moreno,es ESP,FW,Villarreal,es La Liga,33.0,1992.0,22,16,1343,14.9,10,0,10,7,3,3,0,0,0.47,,,,,,,,,,,,,,,39,16,41.0,2.61,1.07,0.18,0.44,61,39.3,73.0,4,6,29.0,2,1.95,32,16,16,1.07,0.64,0,14,16,6,11,3,8,0
1806,Matias Moreno,ar ARG,DF,Levante,es La Liga,21.0,2003.0,28,27,2252,25.0,0,0,0,0,0,0,8,0,0.0,,,,,,,,,,,,,,,10,0,0.0,0.4,0.0,0.0,,80,65.8,83.0,21,1,6.0,5,1.29,33,32,1,0.04,1.2,0,23,23,2,3,38,25,0
1807,Tete Morente,es ESP,MF,Elche,es La Liga,28.0,1996.0,13,11,929,10.3,1,1,2,1,0,0,1,0,0.19,,,,,,,,,,,,,,,8,1,12.5,0.78,0.1,0.13,1.0,71,27.2,79.0,5,2,28.0,3,1.46,9,13,-4,-0.39,-0.24,0,20,10,2,46,11,11,0
1809,Stefano Moreo,it ITA,"FW,MF",Pisa,it Serie A,32.0,1993.0,37,29,2307,25.6,7,1,8,5,2,2,2,0,0.23,,,,,,,,,,,,,,,52,20,38.5,2.03,0.78,0.1,0.25,62,67.5,75.0,12,8,18.0,1,0.49,21,51,-30,-1.17,0.04,0,22,20,5,28,21,11,0
1811,Ilaix Moriba,gn GUI,MF,Celta Vigo,es La Liga,22.0,2003.0,36,26,2495,27.7,2,3,5,2,0,0,8,0,0.18,,,,,,,,,,,,,,,18,5,27.8,0.65,0.18,0.11,0.4,69,73.0,86.0,22,10,25.0,0,1.5,40,30,10,0.36,0.85,0,40,58,0,2,24,42,0
1812,Manu Morlanes,es ESP,MF,Mallorca,es La Liga,26.0,1999.0,32,22,1765,19.6,3,0,3,3,0,0,5,1,0.15,,,,,,,,,,,,,,,13,4,30.8,0.66,0.2,0.23,0.75,55,51.6,72.0,2,10,18.0,2,1.16,26,29,-3,-0.15,0.23,1,28,12,0,11,19,30,0
1814,Nikola Moro,hr CRO,MF,Bologna,it Serie A,27.0,1998.0,30,19,1799,20.0,2,0,2,2,0,0,1,0,0.1,,,,,,,,,,,,,,,21,2,9.5,1.05,0.1,0.1,1.0,60,52.6,80.0,10,11,26.0,8,1.7,27,17,10,0.5,0.89,0,18,17,1,49,19,8,0
1816,Tyler Morton,eng ENG,MF,Lyon,fr Ligue 1,22.0,2002.0,29,29,2517,28.0,2,2,4,2,0,0,6,1,0.14,,,,,,,,,,,,,,,28,8,28.6,1.0,0.29,0.07,0.25,87,82.3,87.0,22,0,,0,1.83,47,30,17,0.61,1.27,0,29,19,0,83,24,29,0
1819,Cristhian Mosquera,es ESP,DF,Arsenal,eng Premier League,21.0,2004.0,20,9,994,11.0,0,0,0,0,0,0,4,0,0.0,,,,,,,,,,,,,,,1,0,0.0,0.09,0.0,0.0,,50,29.1,75.0,5,11,29.0,11,2.15,17,8,9,0.81,-0.48,0,17,7,1,3,8,21,0
1821,Yerson Mosquera,co COL,DF,Wolves,eng Premier League,24.0,2001.0,27,24,2136,23.7,0,0,0,0,0,0,12,0,0.0,,,,,,,,,,,,,,,30,6,20.0,1.26,0.25,0.0,0.0,79,62.5,86.0,17,3,26.0,6,0.7,21,40,-19,-0.8,0.74,0,34,44,1,18,25,36,2
1824,Mason Mount,eng ENG,MF,Manchester Utd,eng Premier League,26.0,1999.0,23,12,1017,11.3,3,0,3,3,0,0,2,0,0.27,,,,,,,,,,,,,,,19,5,26.3,1.68,0.44,0.16,0.6,44,29.7,70.0,3,11,16.0,6,1.87,19,15,4,0.35,-0.21,0,17,12,0,22,9,13,0
1825,Samir El Mourabet,ma MAR,MF,Strasbourg,fr Ligue 1,19.0,2005.0,33,25,2128,23.6,1,2,3,1,0,0,4,0,0.13,,,,,,,,,,,,,,,12,1,8.3,0.51,0.04,0.08,1.0,64,69.5,76.0,10,8,27.0,0,1.58,41,28,13,0.55,0.74,0,23,26,3,18,27,37,0
1826,Santiago Mouriño,uy URU,DF,Villarreal,es La Liga,23.0,2002.0,28,27,2377,26.4,1,2,3,1,0,0,11,1,0.11,,,,,,,,,,,,,,,15,3,20.0,0.57,0.11,0.07,0.33,85,69.5,86.0,20,1,45.0,4,1.89,51,31,20,0.76,0.24,1,54,36,1,6,29,64,0
1827,Louis Mouton,fr FRA,MF,Angers,fr Ligue 1,23.0,2002.0,32,24,1891,21.0,2,1,3,2,0,0,2,1,0.14,,,,,,,,,,,,,,,36,8,22.2,1.71,0.38,0.06,0.25,59,61.8,73.0,2,8,17.0,0,1.09,15,28,-13,-0.62,-0.16,0,20,16,4,31,12,26,0
1829,Tarik Muharemovic,ba BIH,DF,Sassuolo,it Serie A,22.0,2003.0,32,32,2835,31.5,2,2,4,2,0,0,7,0,0.13,,,,,,,,,,,,,,,20,7,35.0,0.63,0.22,0.1,0.29,89,82.9,89.0,31,0,,3,1.22,37,46,-9,-0.29,-1.05,0,24,20,0,2,45,24,2
1830,Miro Muheim,ch SUI,"MF,DF",Hamburger SV,de Bundesliga,27.0,1998.0,29,27,2435,27.1,0,4,4,0,0,0,7,1,0.15,,,,,,,,,,,,,,,24,7,29.2,0.89,0.26,0.0,0.0,84,79.6,88.0,23,2,30.0,0,1.1,33,42,-9,-0.33,0.39,0,39,50,1,148,27,35,0
1832,Ngal'Ayel Mukau,cd COD,MF,Lille,fr Ligue 1,20.0,2004.0,30,19,1534,17.0,1,0,1,1,0,0,3,0,0.06,,,,,,,,,,,,,,,20,5,25.0,1.17,0.29,0.05,0.2,51,50.1,71.0,3,11,16.0,1,1.8,24,21,3,0.18,-0.53,0,27,23,4,5,14,18,0
1834,Nordi Mukiele,fr FRA,DF,Sunderland,eng Premier League,27.0,1997.0,32,32,2784,30.9,3,3,6,3,0,0,5,0,0.19,,,,,,,,,,,,,,,26,4,15.4,0.84,0.13,0.12,0.75,87,81.4,87.0,29,0,,1,1.38,34,40,-6,-0.19,-0.19,0,35,26,3,85,37,45,1
1837,Marshall Munetsi,zw ZIM,MF,Paris FC,fr Ligue 1,29.0,1996.0,15,11,975,10.8,4,1,5,4,0,0,0,0,0.46,,,,,,,,,,,,,,,19,9,47.4,1.75,0.83,0.21,0.44,65,31.9,80.0,5,4,25.0,2,1.67,17,10,7,0.65,1.08,0,12,9,1,0,3,8,0
1839,Rodrigo Muniz,br BRA,FW,Fulham,eng Premier League,24.0,2001.0,21,10,1000,11.1,1,1,2,1,0,0,2,0,0.18,,,,,,,,,,,,,,,32,5,15.6,2.88,0.45,0.03,0.2,48,29.2,74.0,1,11,23.0,0,1.38,10,12,-2,-0.18,-0.11,0,21,18,5,2,2,3,1
1842,Daniel Muñoz,co COL,MF,Crystal Palace,eng Premier League,29.0,1996.0,29,29,2399,26.7,4,3,7,4,0,0,7,0,0.26,,,,,,,,,,,,,,,26,12,46.2,0.98,0.45,0.15,0.33,83,70.1,83.0,22,0,,0,1.34,31,33,-2,-0.08,0.63,0,34,18,8,62,24,48,0
1843,Iker Muñoz,es ESP,MF,Osasuna,es La Liga,22.0,2002.0,19,8,952,10.6,0,0,0,0,0,0,5,0,0.0,,,,,,,,,,,,,,,9,4,44.4,0.85,0.38,0.0,0.0,50,27.8,77.0,2,11,31.0,18,1.32,12,12,0,0.0,0.22,0,18,21,1,6,12,7,0
1845,Víctor Muñoz,es ESP,"MF,FW",Osasuna,es La Liga,22.0,2003.0,34,31,2656,29.5,6,2,8,6,0,0,3,0,0.27,,,,,,,,,,,,,,,81,31,38.3,2.74,1.05,0.07,0.19,78,77.7,82.0,15,3,34.0,0,1.24,32,32,0,0.0,0.71,0,32,54,5,99,10,13,0
1846,Arijanet Muric,xk KVX,GK,Sassuolo,it Serie A,26.0,1998.0,32,32,2880,32.0,0,0,0,0,0,0,4,0,0.0,43.0,1.34,155.0,118.0,75.5,12.0,6.0,14.0,6.0,18.8,6.0,5.0,1.0,0.0,0,0,,0.0,0.0,,,90,84.2,90.0,32,0,,6,1.31,40,43,-3,-0.09,0.07,0,1,3,0,0,0,0,0
1847,Murillo,br BRA,DF,Nottingham Forest,eng Premier League,23.0,2002.0,25,25,2130,23.7,1,0,1,1,0,0,5,0,0.04,,,,,,,,,,,,,,,11,4,36.4,0.46,0.17,0.09,0.25,85,62.3,85.0,22,0,,1,1.24,29,29,0,0.0,0.21,0,23,7,0,2,29,23,2
1848,Vedat Muriqi,xk KVX,FW,Mallorca,es La Liga,31.0,1994.0,37,36,3128,34.8,23,1,24,18,5,7,4,1,0.55,,,,,,,,,,,,,,,114,50,43.9,3.28,1.44,0.16,0.36,85,91.5,86.0,26,1,17.0,0,1.11,44,51,-7,-0.2,0.72,0,42,64,15,6,3,3,0
1850,Jacob Murphy,eng ENG,"FW,MF",Newcastle United,eng Premier League,30.0,1995.0,33,19,1617,18.0,3,2,5,3,0,0,2,0,0.28,,,,,,,,,,,,,,,42,13,31.0,2.34,0.72,0.07,0.23,49,47.3,69.0,1,14,21.0,3,1.27,24,19,5,0.28,0.63,0,9,13,5,125,6,12,0
1857,Yvon Mvogo,ch SUI,GK,Lorient,fr Ligue 1,31.0,1994.0,31,31,2790,31.0,0,0,0,0,0,0,0,0,0.0,43.0,1.39,115.0,76.0,66.1,10.0,12.0,9.0,6.0,19.4,5.0,4.0,0.0,1.0,0,0,,0.0,0.0,,,90,91.2,90.0,31,0,,0,1.35,43,43,0,0.0,1.0,0,0,4,0,0,1,1,0
1860,Junior Mwanga,fr FRA,MF,Nantes,fr Ligue 1,22.0,2003.0,15,15,1260,14.0,1,1,2,1,0,0,2,1,0.14,,,,,,,,,,,,,,,9,3,33.3,0.64,0.21,0.11,0.33,84,41.2,84.0,12,0,,0,0.73,15,27,-12,-0.86,-0.31,0,15,14,0,5,8,14,0
1861,Phillipp Mwene,at AUT,MF,Mainz 05,de Bundesliga,31.0,1994.0,29,24,2069,23.0,1,2,3,1,0,0,4,0,0.13,,,,,,,,,,,,,,,10,2,20.0,0.43,0.09,0.1,0.5,71,67.6,82.0,14,5,20.0,0,1.17,31,36,-5,-0.22,0.15,0,22,32,3,75,14,20,0
1862,Vitaliy Mykolenko,ua UKR,DF,Everton,eng Premier League,26.0,1999.0,33,33,2958,32.9,0,1,1,0,0,0,6,0,0.03,,,,,,,,,,,,,,,9,2,22.2,0.27,0.06,0.0,0.0,90,86.5,90.0,30,0,,1,1.33,44,47,-3,-0.09,-0.09,0,29,28,0,93,27,25,1
1863,Joakim Mæhle,dk DEN,"MF,DF",Wolfsburg,de Bundesliga,28.0,1997.0,16,14,1222,13.6,1,2,3,1,0,0,1,0,0.22,,,,,,,,,,,,,,,14,3,21.4,1.03,0.22,0.07,0.33,76,39.9,87.0,11,2,4.0,0,0.88,15,24,-9,-0.66,0.07,0,8,6,0,21,20,22,0
1864,David Møller Wolfe,no NOR,"MF,DF",Wolves,eng Premier League,23.0,2002.0,22,11,1049,11.7,0,2,2,0,0,0,1,0,0.17,,,,,,,,,,,,,,,3,0,0.0,0.26,0.0,0.0,,48,30.7,79.0,4,11,16.0,15,0.5,6,23,-17,-1.46,-0.55,0,10,4,0,32,7,5,0
1865,Obite N'Dicka,ci CIV,DF,Roma,it Serie A,25.0,1999.0,31,31,2680,29.8,3,0,3,3,0,0,5,0,0.1,,,,,,,,,,,,,,,23,6,26.1,0.77,0.2,0.13,0.5,86,78.4,86.0,28,0,,0,1.97,45,25,20,0.67,-0.3,0,32,35,0,2,45,16,0
1871,Sebastian Nanasi,se SWE,MF,Strasbourg,fr Ligue 1,23.0,2002.0,19,11,1050,11.7,7,2,9,7,0,0,0,0,0.77,,,,,,,,,,,,,,,19,11,57.9,1.63,0.94,0.37,0.64,55,34.3,80.0,5,8,21.0,9,1.63,24,17,7,0.6,0.42,0,8,3,1,24,5,4,0
1873,Nikolas Nartey,dk DEN,MF,Stuttgart,de Bundesliga,25.0,2000.0,28,14,1256,14.0,4,3,7,4,0,0,2,0,0.5,,,,,,,,,,,,,,,22,12,54.5,1.58,0.86,0.18,0.33,45,41.0,74.0,2,14,16.0,4,2.07,34,13,21,1.5,1.45,0,18,23,1,14,10,12,0
1875,Natan,br BRA,DF,Real Betis,es La Liga,24.0,2001.0,33,32,2807,31.2,0,0,0,0,0,0,8,0,0.0,,,,,,,,,,,,,,,10,1,10.0,0.32,0.03,0.0,0.0,85,82.1,87.0,28,1,25.0,4,1.64,50,41,9,0.29,-0.01,0,28,11,0,1,37,17,0
1876,Pau Navarro,es ESP,DF,Villarreal,es La Liga,20.0,2005.0,23,23,1921,21.3,0,0,0,0,0,0,4,0,0.0,,,,,,,,,,,,,,,2,2,100.0,0.09,0.09,0.0,0.0,84,56.2,84.0,18,0,,12,1.83,39,26,13,0.61,-0.17,0,34,11,1,2,18,35,1
1877,Roberto Navarro,es ESP,MF,Athletic Club,es La Liga,23.0,2002.0,32,10,1307,14.5,6,1,7,6,0,0,1,0,0.48,,,,,,,,,,,,,,,21,10,47.6,1.45,0.69,0.29,0.6,41,38.2,70.0,3,22,28.0,3,1.19,23,23,0,0.0,0.64,0,18,16,4,74,7,10,0
1879,Michel Ndary Adopo,fr FRA,MF,Cagliari,it Serie A,25.0,2000.0,38,33,3050,33.9,1,2,3,1,0,0,4,0,0.09,,,,,,,,,,,,,,,28,11,39.3,0.83,0.32,0.04,0.09,80,89.2,85.0,22,5,49.0,0,1.13,35,46,-11,-0.32,0.16,0,35,25,5,26,31,32,0
1883,Iliman Ndiaye,sn SEN,MF,Everton,eng Premier League,25.0,2000.0,32,32,2778,30.9,6,3,9,4,2,2,2,0,0.23,,,,,,,,,,,,,,,43,22,51.2,1.39,0.71,0.09,0.18,87,81.2,87.0,21,0,,0,1.28,40,44,-4,-0.13,-0.27,0,30,37,12,55,17,40,0
1884,Rassoul Ndiaye,sn SEN,MF,Le Havre,fr Ligue 1,23.0,2001.0,33,30,2566,28.5,4,4,8,4,0,0,2,0,0.28,,,,,,,,,,,,,,,34,9,26.5,1.19,0.32,0.12,0.44,78,83.9,83.0,15,3,26.0,0,1.03,25,32,-7,-0.25,0.67,0,22,37,5,92,17,32,0
1887,Cher Ndour,it ITA,MF,Fiorentina,it Serie A,21.0,2004.0,33,20,1876,20.8,3,0,3,3,0,0,2,0,0.14,,,,,,,,,,,,,,,24,8,33.3,1.15,0.38,0.13,0.38,57,54.9,79.0,9,13,23.0,5,1.24,18,22,-4,-0.19,0.1,0,26,23,1,20,15,17,0
1888,Dan Ndoye,ch SUI,MF,Nottingham Forest,eng Premier League,24.0,2000.0,24,14,1173,13.0,1,1,2,1,0,0,1,0,0.15,,,,,,,,,,,,,,,15,4,26.7,1.15,0.31,0.07,0.25,49,34.3,71.0,3,10,18.0,5,1.08,15,17,-2,-0.15,-0.11,0,16,22,9,41,10,11,0
1891,Paul Nebel,de GER,MF,Mainz 05,de Bundesliga,22.0,2002.0,30,24,2073,23.0,5,2,7,5,0,0,2,2,0.3,,,,,,,,,,,,,,,32,8,25.0,1.39,0.35,0.16,0.63,69,67.7,82.0,13,6,17.0,0,1.27,27,37,-10,-0.43,-0.53,0,29,20,3,129,12,30,0
1893,Loïc Nego,hu HUN,"DF,MF",Le Havre,fr Ligue 1,34.0,1991.0,30,26,2339,26.0,0,0,0,0,0,0,3,0,0.0,,,,,,,,,,,,,,,16,3,18.8,0.62,0.12,0.0,0.0,78,76.4,87.0,21,4,18.0,1,1.17,25,34,-9,-0.35,0.03,0,18,18,4,78,32,36,0
1896,Victor Nelsson,dk DEN,DF,Hellas Verona,it Serie A,26.0,1998.0,38,37,3315,36.8,0,0,0,0,0,0,4,0,0.0,,,,,,,,,,,,,,,8,1,12.5,0.22,0.03,0.0,0.0,87,96.9,89.0,35,1,13.0,0,0.55,22,59,-37,-1.0,-1.86,0,44,20,0,5,75,45,1
1897,David Neres,br BRA,"FW,MF",Napoli,it Serie A,28.0,1997.0,16,10,922,10.2,3,3,6,3,0,0,3,0,0.59,,,,,,,,,,,,,,,17,4,23.5,1.66,0.39,0.18,0.75,58,27.0,77.0,1,6,26.0,1,2.0,16,7,9,0.88,0.41,0,19,7,0,53,1,5,0
1898,Martim Neto,pt POR,MF,Elche,es La Liga,22.0,2003.0,25,15,1347,15.0,2,5,7,2,0,0,3,0,0.47,,,,,,,,,,,,,,,12,4,33.3,0.8,0.27,0.17,0.5,54,39.4,68.0,1,10,32.0,9,1.0,20,23,-3,-0.2,0.02,0,19,11,0,33,2,12,0
1899,Pedro Neto,pt POR,"MF,FW",Chelsea,eng Premier League,25.0,2000.0,34,30,2631,29.2,5,6,11,5,0,0,4,1,0.38,,,,,,,,,,,,,,,46,13,28.3,1.57,0.44,0.11,0.38,77,76.9,82.0,16,4,46.0,0,1.41,45,33,12,0.41,1.09,1,17,25,6,184,6,11,0
1900,Luca Netz,de GER,"MF,DF",Gladbach,de Bundesliga,22.0,2003.0,15,10,940,10.4,0,2,2,0,0,0,1,0,0.19,,,,,,,,,,,,,,,2,0,0.0,0.19,0.0,0.0,,63,30.7,86.0,7,5,17.0,5,0.93,14,10,4,0.38,1.02,0,8,2,0,26,7,10,0
1902,Manuel Neuer,de GER,GK,Bayern Munich,de Bundesliga,39.0,1986.0,22,22,1859,20.7,0,0,0,0,0,0,0,0,0.0,20.0,0.97,50.0,31.0,62.0,19.0,3.0,0.0,7.0,31.8,1.0,1.0,0.0,0.0,0,0,,0.0,0.0,,,85,60.8,85.0,19,0,,7,2.73,81,20,61,2.95,1.08,0,0,2,0,0,0,0,0
1903,Florian Neuhaus,de GER,"MF,FW",Gladbach,de Bundesliga,28.0,1997.0,17,11,930,10.3,0,1,1,0,0,0,0,0,0.1,,,,,,,,,,,,,,,22,6,27.3,2.13,0.58,0.0,0.0,55,30.4,71.0,0,6,25.0,13,1.29,19,9,10,0.97,1.86,0,9,9,0,9,9,7,0
1905,João Neves,pt POR,MF,Paris Saint-Germain,fr Ligue 1,20.0,2004.0,21,13,1287,14.3,5,1,6,5,0,0,0,0,0.42,,,,,,,,,,,,,,,27,6,22.2,1.89,0.42,0.19,0.83,61,42.1,80.0,7,8,31.0,2,2.38,35,14,21,1.47,0.25,0,13,13,0,4,6,14,0
1909,Cyril Ngonge,be BEL,FW,Torino,it Serie A,25.0,2000.0,20,11,994,11.0,1,1,2,1,0,0,2,0,0.18,,,,,,,,,,,,,,,24,12,50.0,2.17,1.09,0.04,0.08,50,29.1,72.0,2,9,22.0,1,1.0,9,20,-11,-1.0,-0.7,0,20,18,6,19,2,4,0
1913,Nathan Ngoy,be BEL,DF,Lille,fr Ligue 1,22.0,2003.0,29,27,2405,26.7,1,2,3,1,0,0,10,1,0.11,,,,,,,,,,,,,,,22,6,27.3,0.82,0.22,0.05,0.17,83,78.6,88.0,26,2,14.0,2,1.79,38,31,7,0.26,-0.84,0,20,11,0,6,38,21,0
1916,Moussa Niakhate,sn SEN,DF,Lyon,fr Ligue 1,29.0,1996.0,32,30,2759,30.7,0,2,2,0,0,0,3,0,0.07,,,,,,,,,,,,,,,4,0,0.0,0.13,0.0,0.0,,86,90.2,90.0,30,2,30.0,0,1.69,43,34,9,0.29,-0.9,0,38,32,0,6,32,22,0
1919,Cheikh Niasse,sn SEN,MF,Hellas Verona,it Serie A,25.0,2000.0,19,11,970,10.8,0,1,1,0,0,0,1,0,0.09,,,,,,,,,,,,,,,6,1,16.7,0.56,0.09,0.0,0.0,51,28.4,77.0,2,8,15.0,15,0.63,10,20,-10,-0.93,0.03,0,20,15,2,14,15,14,0
1921,Rasmus Nicolaisen,dk DEN,DF,Toulouse,fr Ligue 1,28.0,1997.0,33,31,2654,29.5,1,0,1,1,0,0,4,0,0.03,,,,,,,,,,,,,,,15,5,33.3,0.51,0.17,0.07,0.2,80,86.7,85.0,25,2,15.0,0,1.33,43,41,2,0.07,0.29,0,29,21,1,2,40,16,0
1922,Moritz Nicolas,de GER,GK,Gladbach,de Bundesliga,27.0,1997.0,34,34,3060,34.0,0,0,0,0,0,0,1,0,0.0,53.0,1.56,184.0,136.0,73.9,9.0,11.0,14.0,13.0,38.2,5.0,5.0,0.0,0.0,0,0,,0.0,0.0,,,90,100.0,90.0,34,0,,0,1.12,42,53,-11,-0.32,,0,0,3,0,0,0,1,0
1925,Julian Niehues,de GER,MF,Heidenheim,de Bundesliga,24.0,2001.0,24,17,1383,15.4,3,0,3,3,0,0,1,0,0.2,,,,,,,,,,,,,,,18,5,27.8,1.17,0.33,0.17,0.6,58,45.2,71.0,4,7,25.0,10,0.88,24,30,-6,-0.39,0.95,0,10,9,2,3,23,10,0
1926,Oliver Nielsen,dk DEN,DF,Lazio,it Serie A,22.0,2003.0,26,13,1536,17.1,0,0,0,0,0,0,3,0,0.0,,,,,,,,,,,,,,,6,2,33.3,0.35,0.12,0.0,0.0,59,44.9,89.0,12,13,29.0,12,1.58,22,19,3,0.18,0.27,0,14,9,0,2,16,6,0
1928,Justin Njinmah,de GER,"FW,MF",Werder Bremen,de Bundesliga,24.0,2000.0,33,22,1947,21.6,5,0,5,5,0,0,2,0,0.23,,,,,,,,,,,,,,,62,23,37.1,2.87,1.06,0.08,0.22,59,63.6,77.0,6,11,23.0,1,0.94,18,45,-27,-1.25,-1.57,0,8,25,20,34,6,14,0
1929,Obed Nkambadio,fr FRA,GK,Paris FC,fr Ligue 1,22.0,2003.0,12,12,1080,12.0,0,0,0,0,0,0,0,0,0.0,21.0,1.75,44.0,26.0,56.8,3.0,3.0,6.0,1.0,8.3,4.0,2.0,1.0,1.0,0,0,,0.0,0.0,,,90,35.3,90.0,12,0,,21,1.0,18,21,-3,-0.25,-0.25,0,0,0,0,0,0,0,0
1932,Christopher Nkunku,fr FRA,FW,Milan,it Serie A,27.0,1997.0,32,15,1356,15.1,7,3,10,2,5,5,0,0,0.33,,,,,,,,,,,,,,,29,16,55.2,1.92,1.06,0.07,0.13,42,39.6,70.0,3,17,18.0,1,1.78,27,13,14,0.93,0.75,0,9,22,8,17,2,2,0
1933,Felix Nmecha,de GER,MF,Dortmund,de Bundesliga,24.0,2000.0,29,25,2176,24.2,2,3,5,2,0,1,0,0,0.21,,,,,,,,,,,,,,,33,7,21.2,1.36,0.29,0.06,0.29,75,71.1,83.0,8,4,23.0,0,2.31,51,28,23,0.95,-0.37,0,28,22,2,7,25,23,0
1934,Lukas Nmecha,de GER,FW,Leeds United,eng Premier League,26.0,1998.0,31,10,1083,12.0,6,1,7,4,2,3,0,0,0.42,,,,,,,,,,,,,,,30,16,53.3,2.49,1.33,0.13,0.25,35,31.7,71.0,1,21,18.0,3,1.13,14,23,-9,-0.75,-0.82,0,18,18,3,10,3,7,0
1939,Brooke Norton-Cuffy,eng ENG,"MF,DF",Genoa,it Serie A,21.0,2004.0,27,25,2212,24.6,2,1,3,2,0,0,5,1,0.12,,,,,,,,,,,,,,,15,6,40.0,0.61,0.24,0.13,0.33,82,64.7,86.0,19,2,32.0,1,0.96,28,38,-10,-0.41,-0.41,1,23,16,0,80,11,31,0
1940,Tijjani Noslin,nl NED,FW,Lazio,it Serie A,26.0,1999.0,29,9,1148,12.8,4,2,6,4,0,0,6,1,0.47,,,,,,,,,,,,,,,35,13,37.1,2.74,1.02,0.11,0.31,40,33.6,77.0,3,20,23.0,8,1.34,15,14,1,0.08,0.08,1,19,23,5,10,3,6,0
1945,Alexander Nübel,de GER,GK,Stuttgart,de Bundesliga,28.0,1996.0,34,34,3060,34.0,0,1,1,0,0,0,0,0,0.03,49.0,1.44,147.0,107.0,72.8,18.0,8.0,8.0,11.0,32.4,10.0,9.0,1.0,0.0,0,0,,0.0,0.0,,,90,100.0,90.0,34,0,,0,1.82,71,49,22,0.65,,0,1,7,0,0,1,0,0
1946,Matheus Nunes,pt POR,DF,Manchester City,eng Premier League,26.0,1998.0,34,32,2862,31.8,1,5,6,1,0,0,5,0,0.19,,,,,,,,,,,,,,,7,2,28.6,0.22,0.06,0.14,0.5,84,83.7,87.0,28,2,35.0,3,2.21,68,28,40,1.26,0.94,0,17,30,4,67,29,41,0
1947,Álvaro Núñez,es ESP,"DF,MF",Elche,es La Liga,25.0,2000.0,19,19,1647,18.3,0,2,2,0,0,0,2,0,0.11,,,,,,,,,,,,,,,4,0,0.0,0.22,0.0,0.0,,87,48.2,87.0,14,0,,0,1.21,23,20,3,0.16,0.72,0,12,17,2,60,15,15,0
1949,Unai Núñez,es ESP,DF,Hellas Verona,it Serie A,28.0,1997.0,17,15,1265,14.1,0,0,0,0,0,0,6,0,0.0,,,,,,,,,,,,,,,7,1,14.3,0.5,0.07,0.0,0.0,74,37.0,82.0,12,2,21.0,1,0.71,12,26,-14,-1.0,-0.08,0,27,10,0,11,23,18,1
1950,Unai Núñez,es ESP,DF,Valencia,es La Liga,28.0,1997.0,13,10,911,10.1,0,0,0,0,0,0,3,0,0.0,,,,,,,,,,,,,,,9,1,11.1,0.89,0.1,0.0,0.0,70,26.6,82.0,6,3,29.0,2,1.92,16,12,4,0.4,0.86,0,12,7,0,4,11,11,0
1952,Antonio Nusa,no NOR,"FW,MF",RB Leipzig,de Bundesliga,20.0,2005.0,31,24,2027,22.5,4,3,7,4,0,0,0,0,0.31,,,,,,,,,,,,,,,61,20,32.8,2.71,0.89,0.07,0.2,65,66.2,77.0,4,7,26.0,0,2.0,42,29,13,0.58,0.05,0,9,64,1,68,7,14,0
1959,M'Bala Nzola,ao ANG,FW,Pisa,it Serie A,28.0,1996.0,16,11,1052,11.7,3,0,3,1,2,3,1,1,0.09,,,,,,,,,,,,,,,28,7,25.0,2.4,0.6,0.04,0.14,66,30.8,82.0,4,5,30.0,0,0.69,5,15,-10,-0.86,0.47,0,18,17,11,7,1,2,0
1962,Jake O'Brien,ie IRL,DF,Everton,eng Premier League,24.0,2001.0,37,35,3120,34.7,1,1,2,1,0,0,6,1,0.06,,,,,,,,,,,,,,,13,6,46.2,0.37,0.17,0.08,0.17,84,91.2,87.0,29,2,42.0,0,1.32,44,46,-2,-0.06,0.24,0,23,17,4,49,13,32,0
1966,Adam Obert,sk SVK,"DF,MF",Cagliari,it Serie A,22.0,2002.0,35,33,2771,30.8,0,3,3,0,0,0,10,1,0.1,,,,,,,,,,,,,,,10,3,30.0,0.32,0.1,0.0,0.0,79,81.0,83.0,19,2,21.0,1,1.2,28,40,-12,-0.39,-0.25,1,40,13,0,69,44,32,0
1967,Jan Oblak,si SVN,GK,Atlético Madrid,es La Liga,32.0,1993.0,30,30,2700,30.0,0,0,0,0,0,0,0,0,0.0,31.0,1.03,104.0,75.0,72.1,17.0,6.0,7.0,11.0,36.7,3.0,2.0,0.0,1.0,0,0,,0.0,0.0,,,90,78.9,90.0,30,0,,3,1.9,51,31,20,0.67,0.92,0,0,4,0,0,0,0,0
1969,Rafel Obrador,es ESP,MF,Torino,it Serie A,21.0,2004.0,16,14,1116,12.4,1,3,4,1,0,0,1,0,0.32,,,,,,,,,,,,,,,7,2,28.6,0.56,0.16,0.14,0.5,70,32.6,77.0,4,2,23.0,0,1.38,18,20,-2,-0.16,0.5,0,7,5,1,58,12,8,0
1972,Jens Odgaard,dk DEN,MF,Bologna,it Serie A,26.0,1999.0,26,16,1378,15.3,5,1,6,5,0,0,1,0,0.39,,,,,,,,,,,,,,,35,13,37.1,2.29,0.85,0.14,0.38,53,40.3,74.0,4,10,19.0,9,1.5,22,21,1,0.07,-0.02,0,28,28,5,15,4,12,0
1973,Wilson Odobert,fr FRA,"MF,FW",Tottenham Hotspur,eng Premier League,20.0,2004.0,24,10,985,10.9,0,2,2,0,0,0,0,0,0.18,,,,,,,,,,,,,,,21,8,38.1,1.92,0.73,0.0,0.0,41,28.8,68.0,1,14,22.0,2,1.08,16,13,3,0.27,0.72,0,2,10,2,28,0,8,0
1978,Ifechukwu Ogbus,ch SUI,DF,Freiburg,de Bundesliga,19.0,2005.0,18,14,1177,13.1,0,0,0,0,0,0,1,0,0.0,,,,,,,,,,,,,,,5,2,40.0,0.38,0.15,0.0,0.0,65,38.5,80.0,10,4,16.0,4,1.33,12,27,-15,-1.15,-1.58,0,5,11,0,3,13,16,0
1980,Noah Okafor,ch SUI,"FW,MF",Leeds United,eng Premier League,25.0,2000.0,28,19,1561,17.3,8,1,9,8,0,0,3,0,0.52,,,,,,,,,,,,,,,35,15,42.9,2.02,0.86,0.23,0.53,56,45.6,72.0,1,9,22.0,1,1.32,29,26,3,0.17,0.66,0,18,14,0,36,12,15,0
1982,Bryan Okoh,ch SUI,DF,Auxerre,fr Ligue 1,22.0,2003.0,13,12,1005,11.2,3,0,3,3,0,0,2,0,0.27,,,,,,,,,,,,,,,8,3,37.5,0.72,0.27,0.38,1.0,77,32.8,83.0,10,1,6.0,1,1.38,16,15,1,0.09,0.57,0,13,8,0,0,26,9,0
1983,Maduka Okoye,ng NGA,GK,Udinese,it Serie A,25.0,1999.0,30,30,2616,29.1,0,0,0,0,0,0,1,1,0.0,37.0,1.27,111.0,80.0,71.2,12.0,5.0,13.0,10.0,33.3,6.0,5.0,1.0,0.0,0,0,,0.0,0.0,,,87,76.5,87.0,29,0,,1,1.37,37,32,5,0.17,1.07,0,2,4,0,0,0,0,0
1985,Olasagasti,es ESP,MF,Levante,es La Liga,24.0,2000.0,33,18,1734,19.3,1,5,6,1,0,0,2,1,0.31,,,,,,,,,,,,,,,28,9,32.1,1.45,0.47,0.04,0.11,53,50.7,81.0,9,15,18.0,2,1.12,28,32,-4,-0.21,0.33,0,20,33,0,106,14,15,0
1986,Michael Olise,fr FRA,MF,Bayern Munich,de Bundesliga,23.0,2001.0,32,23,2316,25.7,15,19,34,15,0,0,8,0,1.32,,,,,,,,,,,,,,,102,50,49.0,3.96,1.94,0.15,0.3,72,75.7,86.0,14,9,38.0,1,2.59,94,25,69,2.68,0.62,0,32,58,7,146,14,11,0
1987,Mathías Olivera,uy URU,"DF,MF",Napoli,it Serie A,27.0,1997.0,25,15,1370,15.2,0,0,0,0,0,0,3,0,0.0,,,,,,,,,,,,,,,8,3,37.5,0.53,0.2,0.0,0.0,55,40.1,74.0,6,10,27.0,10,2.16,23,13,10,0.66,0.13,0,17,10,0,6,16,22,0
1989,Dani Olmo,es ESP,MF,Barcelona,es La Liga,27.0,1998.0,33,24,2067,23.0,7,8,15,7,0,0,1,0,0.65,,,,,,,,,,,,,,,70,21,30.0,3.05,0.91,0.1,0.33,63,60.4,75.0,8,9,30.0,0,2.48,56,17,39,1.7,0.37,0,27,42,6,28,14,23,0
1991,Tani Oluwaseyi,ca CAN,FW,Villarreal,es La Liga,25.0,2000.0,27,9,901,10.0,2,2,4,2,0,0,1,0,0.4,,,,,,,,,,,,,,,16,7,43.8,1.6,0.7,0.13,0.29,33,26.3,70.0,1,18,15.0,9,1.78,20,15,5,0.5,-0.25,0,11,8,10,3,1,5,0
1992,Warmed Omari,km COM,DF,Hamburger SV,de Bundesliga,25.0,2000.0,20,17,1605,17.8,0,1,1,0,0,0,0,0,0.06,,,,,,,,,,,,,,,3,1,33.3,0.17,0.06,0.0,0.0,80,52.5,87.0,12,3,45.0,0,1.1,19,28,-9,-0.5,-0.2,0,16,11,0,4,28,19,0
1993,Andrew Omobamidele,ie IRL,DF,Strasbourg,fr Ligue 1,23.0,2002.0,25,13,1357,15.1,1,0,1,1,0,0,4,0,0.07,,,,,,,,,,,,,,,4,3,75.0,0.27,0.2,0.25,0.33,54,44.3,82.0,8,12,25.0,2,1.56,25,21,4,0.27,-0.1,0,13,10,0,0,16,4,0
1994,Amadou Onana,be BEL,MF,Aston Villa,eng Premier League,23.0,2001.0,25,21,1758,19.5,2,0,2,2,0,0,3,0,0.1,,,,,,,,,,,,,,,19,7,36.8,0.97,0.36,0.11,0.29,70,51.4,81.0,11,4,17.0,1,1.96,28,26,2,0.1,-0.17,0,20,25,0,0,19,30,0
2000,Fredrik Oppegard,no NOR,"MF,DF",Auxerre,fr Ligue 1,22.0,2002.0,23,15,1246,13.8,0,0,0,0,0,0,1,1,0.0,,,,,,,,,,,,,,,10,2,20.0,0.72,0.14,0.0,0.0,54,40.7,74.0,7,8,16.0,7,0.78,12,19,-7,-0.51,-0.36,0,8,8,2,48,14,20,0
2001,Louis Oppie,de GER,MF,St Pauli,de Bundesliga,23.0,2002.0,23,17,1620,18.0,1,0,1,1,0,0,0,0,0.06,,,,,,,,,,,,,,,15,4,26.7,0.83,0.22,0.07,0.25,70,52.9,87.0,15,6,22.0,11,0.57,14,34,-20,-1.11,-0.42,0,15,15,4,58,11,19,0
2002,Gift Orban,ng NGA,FW,Hellas Verona,it Serie A,23.0,2002.0,28,23,2027,22.5,7,2,9,5,2,2,4,1,0.31,,,,,,,,,,,,,,,85,28,32.9,3.77,1.24,0.06,0.18,72,59.3,79.0,9,5,40.0,1,0.5,14,33,-19,-0.84,0.25,0,22,20,20,14,3,3,0
2003,Willi Orban,hu HUN,DF,RB Leipzig,de Bundesliga,32.0,1992.0,33,33,2949,32.8,2,0,2,2,0,0,4,0,0.06,,,,,,,,,,,,,,,20,9,45.0,0.61,0.27,0.1,0.22,89,96.4,89.0,32,0,,0,1.88,63,46,17,0.52,-1.1,0,20,23,2,8,45,33,0
2004,Christian Ordoñez,ar ARG,MF,Parma,it Serie A,21.0,2004.0,28,12,1091,12.1,1,0,1,1,0,0,5,1,0.08,,,,,,,,,,,,,,,10,2,20.0,0.82,0.16,0.1,0.5,39,31.9,67.0,3,16,18.0,9,1.29,9,14,-5,-0.41,0.09,1,16,11,0,12,9,13,0
2008,Aimar Oroz,es ESP,"MF,FW",Osasuna,es La Liga,23.0,2001.0,31,26,2139,23.8,0,2,2,0,0,0,6,0,0.08,,,,,,,,,,,,,,,29,4,13.8,1.22,0.17,0.0,0.0,69,62.5,77.0,6,5,25.0,0,1.23,25,29,-4,-0.17,-0.03,0,33,67,1,32,8,18,0
2009,Riccardo Orsolini,it ITA,"MF,FW",Bologna,it Serie A,28.0,1997.0,35,26,2111,23.5,10,1,11,6,4,6,2,0,0.3,,,,,,,,,,,,,,,82,31,37.8,3.5,1.32,0.07,0.19,60,61.7,74.0,8,9,22.0,2,1.54,32,31,1,0.04,-0.09,0,21,44,18,41,7,15,0
2016,Patrick Osterhage,de GER,MF,Freiburg,de Bundesliga,25.0,2000.0,20,13,1189,13.2,1,0,1,1,0,0,4,0,0.08,,,,,,,,,,,,,,,7,2,28.6,0.53,0.15,0.14,0.5,59,38.9,82.0,6,7,18.0,2,1.7,15,17,-2,-0.15,0.04,0,13,13,2,9,15,7,0
2020,Abdoul Ouattara,fr FRA,"MF,DF",Strasbourg,fr Ligue 1,19.0,2005.0,28,19,1768,19.6,2,0,2,2,0,0,2,0,0.1,,,,,,,,,,,,,,,27,11,40.7,1.37,0.56,0.07,0.18,63,57.8,79.0,13,9,29.0,0,1.79,37,27,10,0.51,0.44,0,12,11,1,19,20,13,0
2021,Dango Ouattara,bf BFA,MF,Brentford,eng Premier League,23.0,2002.0,32,25,2276,25.3,7,3,10,7,0,0,5,0,0.4,,,,,,,,,,,,,,,56,20,35.7,2.21,0.79,0.13,0.35,71,66.5,84.0,12,7,25.0,0,1.25,35,35,0,0.0,-0.24,0,27,39,8,107,24,14,0
2022,Kassoum Ouattara,fr FRA,"MF,DF",Monaco,fr Ligue 1,20.0,2004.0,15,12,967,10.7,0,3,3,0,0,0,3,0,0.28,,,,,,,,,,,,,,,12,0,0.0,1.12,0.0,0.0,,64,31.6,75.0,5,3,23.0,7,1.4,18,20,-2,-0.19,-0.53,0,22,10,1,50,19,19,0
2023,Assan Ouedraogo,de GER,MF,RB Leipzig,de Bundesliga,19.0,2006.0,19,13,948,10.5,4,3,7,4,0,0,0,0,0.66,,,,,,,,,,,,,,,27,13,48.1,2.56,1.23,0.15,0.31,50,31.0,68.0,1,6,11.0,0,2.26,29,14,15,1.42,1.25,0,4,22,1,4,3,6,0
2025,Azzedine Ounahi,ma MAR,MF,Girona,es La Liga,25.0,2000.0,24,20,1760,19.6,5,2,7,4,1,1,6,0,0.31,,,,,,,,,,,,,,,51,19,37.3,2.61,0.97,0.08,0.21,73,51.5,83.0,10,4,28.0,0,1.0,22,23,-1,-0.05,0.76,0,18,63,1,41,16,15,0
2026,Elisha Owusu,gh GHA,MF,Auxerre,fr Ligue 1,27.0,1997.0,29,27,2344,26.0,0,0,0,0,0,0,7,0,0.0,,,,,,,,,,,,,,,7,0,0.0,0.27,0.0,0.0,,81,76.6,86.0,19,2,15.0,0,1.0,26,31,-5,-0.19,0.44,0,48,22,0,1,21,51,0
2027,Mikel Oyarzabal,es ESP,FW,Real Sociedad,es La Liga,28.0,1997.0,34,30,2710,30.1,15,4,19,8,7,7,3,0,0.4,,,,,,,,,,,,,,,79,36,45.6,2.62,1.2,0.1,0.22,80,79.2,86.0,21,4,30.0,1,1.32,48,45,3,0.1,0.73,0,28,42,14,21,5,20,0
2031,Berke Özer,tr TUR,GK,Lille,fr Ligue 1,25.0,2000.0,32,32,2834,31.5,0,1,1,0,0,0,5,0,0.03,34.0,1.08,103.0,70.0,68.0,18.0,7.0,7.0,13.0,40.6,3.0,1.0,1.0,1.0,0,0,,0.0,0.0,,,89,92.6,89.0,31,0,,0,1.91,50,34,16,0.51,0.91,0,0,13,0,0,0,2,0
2032,Cenk Özkacar,tr TUR,DF,Köln,de Bundesliga,24.0,2000.0,25,20,1791,19.9,0,0,0,0,0,0,2,0,0.0,,,,,,,,,,,,,,,11,4,36.4,0.55,0.2,0.0,0.0,72,58.5,83.0,14,5,28.0,9,1.0,26,40,-14,-0.7,-0.7,0,11,5,1,3,24,26,0
2033,Nico O’Reilly,eng ENG,"DF,MF",Manchester City,eng Premier League,20.0,2005.0,34,29,2646,29.4,5,3,8,5,0,0,5,0,0.27,,,,,,,,,,,,,,,41,15,36.6,1.39,0.51,0.12,0.33,78,77.4,87.0,22,5,27.0,1,2.18,63,25,38,1.29,0.83,0,45,18,1,38,20,36,0
2035,Jon Pacheco,es ESP,DF,Alavés,es La Liga,24.0,2001.0,22,20,1735,19.3,0,0,0,0,0,0,5,1,0.0,,,,,,,,,,,,,,,4,1,25.0,0.21,0.05,0.0,0.0,79,50.7,85.0,17,2,13.0,11,1.14,17,29,-12,-0.62,-0.62,1,14,7,1,4,11,16,0
2036,Willian Pacho,ec ECU,DF,Paris Saint-Germain,fr Ligue 1,23.0,2001.0,23,21,1914,21.3,0,0,0,0,0,0,0,0,0.0,,,,,,,,,,,,,,,8,1,12.5,0.38,0.05,0.0,0.0,83,62.5,88.0,19,2,38.0,8,2.09,47,22,25,1.18,-0.4,0,6,7,2,0,26,26,0
2040,Pablo Pagis,fr FRA,"MF,FW",Lorient,fr Ligue 1,22.0,2002.0,28,22,1756,19.5,10,5,15,8,2,2,1,0,0.67,,,,,,,,,,,,,,,59,19,32.2,3.02,0.97,0.14,0.42,63,57.4,72.0,2,6,28.0,1,1.43,31,29,2,0.1,0.45,0,23,29,2,99,18,17,0
2041,Igor Paixão,br BRA,MF,Marseille,fr Ligue 1,25.0,2000.0,30,22,1975,21.9,6,5,11,6,0,0,3,0,0.5,,,,,,,,,,,,,,,57,23,40.4,2.6,1.05,0.11,0.26,66,64.5,77.0,7,8,35.0,0,1.83,40,28,12,0.55,0.05,0,21,34,9,57,17,12,0
2043,Exequiel Palacios,ar ARG,MF,Leverkusen,de Bundesliga,26.0,1998.0,18,12,1099,12.2,0,1,1,0,0,0,3,0,0.08,,,,,,,,,,,,,,,10,2,20.0,0.82,0.16,0.0,0.0,61,35.9,81.0,8,6,21.0,1,1.89,27,17,10,0.82,0.31,0,6,18,0,2,10,9,0
2044,Isaac Palazón Camacho,es ESP,"MF,FW",Rayo Vallecano,es La Liga,30.0,1994.0,31,27,2248,25.0,3,3,6,1,2,3,10,1,0.16,,,,,,,,,,,,,,,52,15,28.8,2.08,0.6,0.02,0.07,73,65.7,79.0,8,4,28.0,1,1.23,24,31,-7,-0.28,-0.59,0,36,51,6,105,3,12,0
2045,Alberto Paleari,it ITA,GK,Torino,it Serie A,32.0,1992.0,29,29,2610,29.0,0,0,0,0,0,0,1,0,0.0,45.0,1.55,125.0,82.0,65.6,10.0,7.0,12.0,9.0,31.0,2.0,2.0,0.0,0.0,0,0,,0.0,0.0,,,90,76.3,90.0,29,0,,9,1.28,35,45,-10,-0.34,0.66,0,0,7,0,0,1,0,0
2046,Marco Palestra,it ITA,"MF,DF",Cagliari,it Serie A,20.0,2005.0,37,34,3081,34.2,1,4,5,1,0,0,3,0,0.15,,,,,,,,,,,,,,,29,7,24.1,0.85,0.2,0.03,0.14,83,90.1,88.0,27,3,33.0,0,1.14,31,46,-15,-0.44,-0.97,0,41,108,8,106,19,35,0
2047,João Palhinha,pt POR,MF,Tottenham Hotspur,eng Premier League,30.0,1995.0,33,23,2199,24.4,5,2,7,5,0,0,8,0,0.29,,,,,,,,,,,,,,,33,9,27.3,1.35,0.37,0.15,0.56,67,64.3,84.0,15,10,26.0,2,1.15,31,37,-6,-0.25,-0.02,0,28,36,0,4,28,61,0
2049,Cole Palmer,eng ENG,MF,Chelsea,eng Premier League,23.0,2002.0,26,24,1955,21.7,10,1,11,5,5,6,5,0,0.28,,,,,,,,,,,,,,,64,25,39.1,2.95,1.15,0.08,0.2,75,57.2,79.0,12,2,33.0,1,1.04,32,33,-1,-0.05,-0.48,0,13,37,2,35,13,12,0
2050,Emerson Palmieri,it ITA,"DF,MF",Marseille,fr Ligue 1,30.0,1994.0,28,23,2114,23.5,0,3,3,0,0,0,3,0,0.13,,,,,,,,,,,,,,,15,2,13.3,0.64,0.09,0.0,0.0,76,69.1,88.0,19,5,20.0,1,1.75,39,30,9,0.38,-0.47,0,16,17,2,122,33,32,0
2053,Joaquín Panichelli,ar ARG,FW,Strasbourg,fr Ligue 1,22.0,2002.0,27,24,2193,24.4,16,1,17,11,5,6,3,0,0.49,,,,,,,,,,,,,,,58,31,53.4,2.38,1.27,0.19,0.35,81,71.7,87.0,19,3,34.0,0,1.48,39,29,10,0.41,0.31,0,43,44,14,0,13,10,0
2055,Lucas Paquetá,br BRA,"MF,FW",West Ham United,eng Premier League,27.0,1997.0,18,18,1511,16.8,4,1,5,2,2,2,7,1,0.18,,,,,,,,,,,,,,,23,11,47.8,1.37,0.66,0.09,0.18,84,44.2,84.0,8,0,,0,0.67,18,32,-14,-0.83,-0.6,1,27,30,5,36,7,22,0
2056,Victor Parada,es ESP,DF,Alavés,es La Liga,23.0,2002.0,30,25,2146,23.8,0,3,3,0,0,0,9,1,0.13,,,,,,,,,,,,,,,12,3,25.0,0.5,0.13,0.0,0.0,72,62.7,82.0,15,5,18.0,6,1.23,30,38,-8,-0.34,-0.05,1,29,15,4,31,9,14,0
2057,Aitor Paredes,es ESP,DF,Athletic Club,es La Liga,25.0,2000.0,19,18,1630,18.1,2,0,2,2,0,0,4,0,0.11,,,,,,,,,,,,,,,13,4,30.8,0.72,0.22,0.15,0.5,86,47.7,90.0,18,1,10.0,15,1.32,26,28,-2,-0.11,0.54,0,19,7,0,1,26,12,0
2059,Daniel Parejo,es ESP,MF,Villarreal,es La Liga,36.0,1989.0,32,16,1392,15.5,1,0,1,0,1,1,3,0,0.0,,,,,,,,,,,,,,,3,1,33.3,0.19,0.06,0.0,0.0,44,40.7,73.0,2,16,14.0,5,1.84,27,24,3,0.19,-0.83,0,16,27,0,39,14,29,0
2060,Fabiano Parisi,it ITA,"MF,FW",Fiorentina,it Serie A,24.0,2000.0,23,18,1520,16.9,1,1,2,1,0,0,6,0,0.12,,,,,,,,,,,,,,,24,7,29.2,1.42,0.41,0.04,0.14,66,44.4,77.0,6,5,25.0,8,1.26,22,21,1,0.06,0.53,0,14,66,1,39,17,14,1
2061,Thomas Partey,gh GHA,MF,Villarreal,es La Liga,32.0,1993.0,25,8,934,10.4,0,0,0,0,0,0,1,0,0.0,,,,,,,,,,,,,,,11,2,18.2,1.06,0.19,0.0,0.0,37,27.3,77.0,4,17,19.0,4,2.08,15,13,2,0.19,-0.68,0,11,6,0,3,13,6,0
2062,Mario Pašalić,hr CRO,MF,Atalanta,it Serie A,30.0,1995.0,33,21,1936,21.5,3,4,7,3,0,0,3,0,0.33,,,,,,,,,,,,,,,24,6,25.0,1.12,0.28,0.13,0.5,59,56.6,80.0,13,12,21.0,4,1.39,26,28,-2,-0.09,-1.12,0,22,6,1,11,13,18,0
2065,Benjamin Pavard,fr FRA,DF,Marseille,fr Ligue 1,29.0,1996.0,27,22,1928,21.4,1,2,3,1,0,0,6,0,0.14,,,,,,,,,,,,,,,11,3,27.3,0.51,0.14,0.09,0.33,71,63.0,84.0,17,5,16.0,2,1.93,40,24,16,0.75,0.59,0,22,15,4,17,24,12,1
2067,Aleksandar Pavlovic,de GER,MF,Bayern Munich,de Bundesliga,21.0,2004.0,24,16,1462,16.2,3,1,4,3,0,0,2,0,0.25,,,,,,,,,,,,,,,10,5,50.0,0.62,0.31,0.3,0.6,61,47.8,79.0,8,8,26.0,8,2.46,56,26,30,1.85,-1.31,0,19,10,0,15,13,15,0
2068,Strahinja Pavlović,rs SRB,DF,Milan,it Serie A,24.0,2001.0,34,33,2869,31.9,5,1,6,5,0,0,4,0,0.19,,,,,,,,,,,,,,,26,6,23.1,0.82,0.19,0.19,0.83,84,83.9,86.0,29,1,29.0,3,1.76,44,33,11,0.35,-0.8,0,30,27,4,15,20,26,0
2070,Martín Payero,ar ARG,MF,Cremonese,it Serie A,26.0,1998.0,25,16,1457,16.2,1,0,1,1,0,0,8,0,0.06,,,,,,,,,,,,,,,23,8,34.8,1.42,0.49,0.04,0.13,58,42.6,75.0,5,9,29.0,4,0.96,17,17,0,0.0,1.15,0,37,34,2,34,10,9,0
2071,Nicolás Paz,ar ARG,MF,Como,it Serie A,20.0,2004.0,35,33,2878,32.0,12,6,18,12,0,2,5,0,0.56,,,,,,,,,,,,,,,121,48,39.7,3.78,1.5,0.1,0.25,82,84.2,86.0,22,2,25.0,1,1.77,49,27,22,0.69,-1.64,0,54,41,0,63,27,56,0
2074,Marcus Pedersen,no NOR,"MF,DF",Torino,it Serie A,25.0,2000.0,29,23,2134,23.7,1,2,3,1,0,0,3,0,0.13,,,,,,,,,,,,,,,15,3,20.0,0.63,0.13,0.07,0.33,74,62.4,85.0,15,6,32.0,4,1.21,31,35,-4,-0.17,0.88,0,31,6,3,110,10,14,0
2075,Alfonso Pedraza,es ESP,DF,Villarreal,es La Liga,29.0,1996.0,27,19,1689,18.8,1,3,4,1,0,0,8,0,0.21,,,,,,,,,,,,,,,11,3,27.3,0.59,0.16,0.09,0.33,63,49.4,80.0,10,8,21.0,9,1.89,39,24,15,0.8,0.23,0,27,23,4,84,29,31,0
2076,Pedri,es ESP,MF,Barcelona,es La Liga,22.0,2002.0,29,23,2104,23.4,2,9,11,2,0,0,2,1,0.47,,,,,,,,,,,,,,,21,10,47.6,0.9,0.43,0.1,0.2,73,61.5,83.0,11,6,32.0,1,2.52,60,21,39,1.67,0.3,1,9,43,1,12,24,33,0
2077,Pedro,es ESP,"FW,MF",Lazio,it Serie A,38.0,1987.0,29,9,982,10.9,5,2,7,3,2,2,4,0,0.46,,,,,,,,,,,,,,,22,11,50.0,2.02,1.01,0.14,0.27,34,28.7,63.0,0,20,21.0,6,1.52,18,13,5,0.46,0.61,0,10,26,0,31,4,6,0
2078,Zé Pedro Figueiredo,pt POR,DF,Cagliari,it Serie A,28.0,1997.0,23,20,1699,18.9,0,1,1,0,0,0,6,0,0.05,,,,,,,,,,,,,,,7,0,0.0,0.37,0.0,0.0,,74,49.7,82.0,11,3,19.0,4,1.13,21,26,-5,-0.26,0.15,0,29,15,0,5,20,18,0
2079,Adrià Pedrosa,es ESP,"DF,MF",Elche,es La Liga,27.0,1998.0,26,8,1090,12.1,1,1,2,1,0,0,4,0,0.17,,,,,,,,,,,,,,,12,3,25.0,0.99,0.25,0.08,0.33,42,31.9,82.0,3,18,24.0,7,1.04,17,27,-10,-0.83,-0.9,0,18,8,1,51,16,19,0
2081,Dženan Pejčinović,de GER,FW,Wolfsburg,de Bundesliga,20.0,2005.0,30,16,1460,16.2,8,0,8,8,0,0,1,0,0.49,,,,,,,,,,,,,,,51,23,45.1,3.14,1.42,0.16,0.35,49,47.7,79.0,7,14,14.0,3,0.83,19,37,-18,-1.11,-0.77,0,22,7,5,5,5,9,0
2082,Lorenzo Pellegrini,it ITA,MF,Roma,it Serie A,29.0,1996.0,24,20,1463,16.3,4,2,6,2,2,2,2,0,0.25,,,,,,,,,,,,,,,32,12,37.5,1.97,0.74,0.06,0.17,61,42.8,67.0,2,4,30.0,3,1.63,22,14,8,0.49,-0.43,0,20,39,5,89,15,5,0
2083,Luca Pellegrini,it ITA,DF,Lazio,it Serie A,26.0,1999.0,24,17,1469,16.3,1,0,1,1,0,0,8,0,0.06,,,,,,,,,,,,,,,7,5,71.4,0.43,0.31,0.14,0.2,61,43.0,75.0,3,7,27.0,9,1.42,16,18,-2,-0.12,-0.26,0,26,12,0,51,17,15,0
2084,Mateo Pellegrino,ar ARG,FW,Parma,it Serie A,24.0,2001.0,37,34,2984,33.2,9,1,10,8,1,1,5,0,0.27,,,,,,,,,,,,,,,73,22,30.1,2.2,0.66,0.11,0.36,81,87.3,84.0,21,3,38.0,0,1.19,24,38,-14,-0.42,0.4,0,87,71,12,12,4,10,0
2087,Iñaki Peña,es ESP,GK,Elche,es La Liga,26.0,1999.0,16,16,1440,16.0,0,0,0,0,0,0,0,0,0.0,28.0,1.75,81.0,55.0,67.9,3.0,4.0,9.0,4.0,25.0,2.0,2.0,0.0,0.0,0,0,,0.0,0.0,,,90,42.1,90.0,16,0,,20,0.81,21,28,-7,-0.44,-0.39,0,0,1,0,0,0,0,0
2088,Mike Penders,be BEL,GK,Strasbourg,fr Ligue 1,20.0,2005.0,33,33,2970,33.0,0,0,0,0,0,0,3,0,0.0,47.0,1.42,149.0,107.0,71.1,14.0,8.0,11.0,8.0,24.2,5.0,4.0,1.0,0.0,0,0,,0.0,0.0,,,90,97.1,90.0,33,0,,0,1.52,57,47,10,0.3,-0.7,0,1,2,0,0,0,0,0
2089,Nicolas Pépé,ci CIV,"MF,FW",Villarreal,es La Liga,30.0,1995.0,36,26,2393,26.6,8,8,16,7,1,1,4,0,0.56,,,,,,,,,,,,,,,63,25,39.7,2.37,0.94,0.11,0.28,66,70.0,82.0,13,10,26.0,2,1.92,56,35,21,0.79,0.35,0,23,43,14,71,15,21,0
2090,Kojo Peprah Oppong,gh GHA,DF,Nice,fr Ligue 1,21.0,2004.0,29,28,2425,26.9,1,0,1,1,0,0,4,0,0.04,,,,,,,,,,,,,,,10,3,30.0,0.37,0.11,0.1,0.33,84,79.2,85.0,23,1,53.0,3,1.0,32,43,-11,-0.41,1.29,0,31,30,1,5,30,28,0
2091,Peque,es ESP,"MF,FW",Sevilla,es La Liga,22.0,2002.0,26,12,982,10.9,2,1,3,2,0,0,7,0,0.27,,,,,,,,,,,,,,,15,6,40.0,1.37,0.55,0.13,0.33,38,28.7,66.0,1,14,14.0,8,1.23,8,15,-7,-0.64,-0.38,0,15,47,1,28,1,8,0
2093,Mathias Pereira Lage,pt POR,"MF,FW",St Pauli,de Bundesliga,28.0,1996.0,28,25,2018,22.4,2,2,4,2,0,0,3,0,0.18,,,,,,,,,,,,,,,43,15,34.9,1.92,0.67,0.05,0.13,72,65.9,77.0,6,3,27.0,0,0.82,21,37,-16,-0.71,0.58,0,32,32,15,58,16,23,0
2094,Ángel Pérez,es ESP,"MF,DF",Alavés,es La Liga,22.0,2002.0,16,14,1288,14.3,1,3,4,1,0,0,4,0,0.28,,,,,,,,,,,,,,,14,4,28.6,0.98,0.28,0.07,0.25,81,37.7,88.0,10,2,30.0,1,1.13,22,25,-3,-0.21,0.17,0,16,17,6,85,9,13,0
2095,Ayoze Pérez,es ESP,FW,Villarreal,es La Liga,32.0,1993.0,25,12,1124,12.5,5,4,9,4,1,1,4,0,0.64,,,,,,,,,,,,,,,24,11,45.8,1.92,0.88,0.17,0.36,45,32.9,69.0,1,13,23.0,2,1.8,22,20,2,0.16,-0.78,0,17,23,5,9,3,11,0
2096,Francisco Perez,es ESP,"MF,FW",Rayo Vallecano,es La Liga,22.0,2002.0,29,12,1237,13.7,2,1,3,2,0,0,4,0,0.22,,,,,,,,,,,,,,,17,8,47.1,1.24,0.58,0.12,0.25,43,36.2,65.0,0,17,27.0,6,1.17,14,17,-3,-0.22,-0.22,0,18,15,6,48,2,10,0
2102,Romain Perraud,fr FRA,DF,Lille,fr Ligue 1,27.0,1997.0,30,27,2241,24.9,3,4,7,3,0,0,4,1,0.28,,,,,,,,,,,,,,,33,12,36.4,1.33,0.48,0.09,0.25,75,73.2,82.0,14,3,12.0,2,1.83,43,26,17,0.68,0.9,0,21,44,2,127,23,31,0
2103,Lucas Perri,br BRA,GK,Leeds United,eng Premier League,27.0,1997.0,16,16,1440,16.0,0,0,0,0,0,0,2,0,0.0,29.0,1.81,63.0,38.0,60.3,4.0,6.0,6.0,3.0,18.8,4.0,4.0,0.0,0.0,0,0,,0.0,0.0,,,90,42.1,90.0,16,0,,18,1.13,23,29,-6,-0.37,-0.33,0,1,3,0,0,0,0,0
2105,Máximo Perrone,ar ARG,MF,Como,it Serie A,22.0,2003.0,36,33,2742,30.5,3,4,7,3,0,0,8,0,0.23,,,,,,,,,,,,,,,18,9,50.0,0.59,0.3,0.17,0.33,76,80.2,80.0,21,3,32.0,1,1.89,53,21,32,1.05,0.52,0,43,23,1,11,21,38,0
2107,Prosper Peter,ng NGA,FW,Angers,fr Ligue 1,17.0,2007.0,29,14,1273,14.1,5,0,5,5,0,0,0,0,0.35,,,,,,,,,,,,,,,23,14,60.9,1.63,0.99,0.22,0.36,44,41.6,70.0,5,15,19.0,1,1.07,12,28,-16,-1.13,-0.98,0,30,30,15,0,4,3,0
2108,Léo Pétrot,fr FRA,DF,Elche,es La Liga,28.0,1997.0,32,18,1572,17.5,0,0,0,0,0,0,2,1,0.0,,,,,,,,,,,,,,,8,0,0.0,0.46,0.0,0.0,,49,46.0,79.0,10,14,10.0,5,1.22,19,26,-7,-0.4,-0.35,0,19,6,2,16,17,22,0
2109,Đorđe Petrović,rs SRB,GK,Bournemouth,eng Premier League,25.0,1999.0,38,38,3420,38.0,0,0,0,0,0,0,3,0,0.0,54.0,1.42,157.0,109.0,69.4,13.0,18.0,7.0,11.0,28.9,6.0,6.0,0.0,0.0,0,0,,0.0,0.0,,,90,100.0,90.0,38,0,,0,1.5,58,54,4,0.11,,0,0,2,0,0,0,0,1
2110,Giuseppe Pezzella,it ITA,"MF,DF",Cremonese,it Serie A,27.0,1997.0,31,30,2585,28.7,0,1,1,0,0,0,8,1,0.03,,,,,,,,,,,,,,,6,0,0.0,0.21,0.0,0.0,,83,75.6,85.0,23,1,34.0,0,0.84,25,47,-22,-0.77,-0.44,0,49,32,8,128,11,32,0
2113,Rayan Philippe,fr FRA,"FW,MF",Hamburger SV,de Bundesliga,24.0,2000.0,28,13,1285,14.3,5,0,5,5,0,1,2,0,0.35,,,,,,,,,,,,,,,39,16,41.0,2.73,1.12,0.13,0.31,46,42.0,73.0,1,15,22.0,4,1.0,15,17,-2,-0.14,0.47,0,24,9,2,31,3,13,0
2115,Roberto Piccoli,it ITA,FW,Fiorentina,it Serie A,24.0,2001.0,32,16,1672,18.6,4,1,5,4,0,0,1,0,0.27,,,,,,,,,,,,,,,47,15,31.9,2.53,0.81,0.09,0.27,52,48.9,83.0,10,16,21.0,3,1.22,22,20,2,0.11,0.67,0,34,40,14,4,4,1,0
2117,Jordan Pickford,eng ENG,GK,Everton,eng Premier League,31.0,1994.0,38,38,3420,38.0,0,0,0,0,0,0,4,0,0.0,50.0,1.32,145.0,99.0,67.6,13.0,10.0,15.0,11.0,28.9,4.0,3.0,1.0,0.0,0,0,,0.0,0.0,,,90,100.0,90.0,38,0,,0,1.29,47,50,-3,-0.08,,0,1,6,0,0,0,1,0
2118,Amos Pieper,de GER,DF,Werder Bremen,de Bundesliga,27.0,1998.0,19,19,1502,16.7,0,0,0,0,0,0,4,0,0.0,,,,,,,,,,,,,,,8,2,25.0,0.48,0.12,0.0,0.0,79,49.1,79.0,15,0,,3,0.79,18,29,-11,-0.66,0.03,0,10,14,2,8,26,24,0
2119,Marvin Pieringer,de GER,"FW,MF",Heidenheim,de Bundesliga,25.0,1999.0,27,20,1650,18.3,4,1,5,3,1,1,2,0,0.22,,,,,,,,,,,,,,,32,8,25.0,1.75,0.44,0.09,0.38,61,53.9,75.0,5,7,21.0,0,0.85,28,38,-10,-0.55,0.79,0,37,27,11,20,11,14,0
2121,Santiago Pierotti,ar ARG,"MF,FW",Lecce,it Serie A,24.0,2001.0,37,31,2597,28.9,1,2,3,1,0,0,4,0,0.1,,,,,,,,,,,,,,,33,8,24.2,1.14,0.28,0.03,0.13,70,75.9,78.0,6,6,31.0,0,1.0,22,34,-12,-0.42,0.68,0,67,23,7,21,21,51,0
2123,Andrea Pinamonti,it ITA,FW,Sassuolo,it Serie A,26.0,1999.0,36,32,2552,28.4,9,3,12,9,0,1,2,1,0.42,,,,,,,,,,,,,,,73,30,41.1,2.57,1.06,0.12,0.3,71,74.6,78.0,6,4,18.0,0,1.36,35,39,-4,-0.14,-0.14,0,14,33,13,9,2,5,0
2128,Yeremi Pino,es ESP,"MF,FW",Crystal Palace,eng Premier League,22.0,2002.0,34,26,2080,23.1,2,2,4,2,0,0,4,0,0.17,,,,,,,,,,,,,,,45,11,24.4,1.95,0.48,0.04,0.18,61,60.8,73.0,4,8,23.0,2,1.15,20,28,-8,-0.35,-0.21,0,30,24,10,79,8,20,0
2129,Jakub Piotrowski,pl POL,MF,Udinese,it Serie A,27.0,1997.0,33,20,1696,18.8,1,1,2,1,0,0,2,0,0.11,,,,,,,,,,,,,,,36,9,25.0,1.91,0.48,0.03,0.11,51,49.6,70.0,4,13,23.0,2,1.33,21,23,-2,-0.11,-0.05,0,29,29,2,25,15,25,0
2131,Niccolò Pisilli,it ITA,MF,Roma,it Serie A,20.0,2004.0,25,13,1295,14.4,2,4,6,2,0,0,3,0,0.42,,,,,,,,,,,,,,,19,5,26.3,1.32,0.35,0.11,0.4,52,37.9,81.0,9,12,20.0,13,1.96,29,16,13,0.9,0.27,0,20,4,2,15,24,13,0
2133,Tommaso Pobega,it ITA,MF,Bologna,it Serie A,26.0,1999.0,26,17,1434,15.9,3,1,4,3,0,0,2,1,0.25,,,,,,,,,,,,,,,25,10,40.0,1.57,0.63,0.12,0.3,55,41.9,75.0,7,9,18.0,8,1.69,23,21,2,0.13,0.08,0,34,12,0,2,19,19,0
2135,Ernest Poku,nl NED,MF,Leverkusen,de Bundesliga,21.0,2004.0,29,16,1482,16.5,5,5,10,5,0,0,0,0,0.61,,,,,,,,,,,,,,,27,9,33.3,1.64,0.55,0.19,0.56,51,48.4,73.0,2,13,25.0,4,1.69,33,19,14,0.85,0.45,0,4,17,3,13,8,9,0
2136,Matteo Politano,it ITA,"MF,FW",Napoli,it Serie A,31.0,1993.0,34,26,2200,24.4,2,5,7,2,0,0,4,0,0.29,,,,,,,,,,,,,,,49,13,26.5,2.0,0.53,0.04,0.15,65,64.3,78.0,5,8,23.0,0,1.97,38,23,15,0.61,0.1,0,19,28,0,173,5,10,0
2138,Marin Pongračić,hr CRO,DF,Fiorentina,it Serie A,27.0,1997.0,35,33,2918,32.4,0,0,0,0,0,0,12,0,0.0,,,,,,,,,,,,,,,8,1,12.5,0.25,0.03,0.0,0.0,83,85.3,87.0,29,2,22.0,1,1.17,38,41,-3,-0.09,0.98,0,69,21,0,4,36,17,0
2139,Nick Pope,eng ENG,GK,Newcastle United,eng Premier League,33.0,1992.0,27,27,2416,26.8,0,0,0,0,0,0,2,0,0.0,38.0,1.42,125.0,89.0,71.2,10.0,5.0,12.0,7.0,25.9,2.0,2.0,0.0,0.0,1,1,100.0,0.04,0.04,0.0,0.0,89,70.6,89.0,26,0,,6,1.3,37,38,-1,-0.04,0.05,0,1,2,0,0,0,1,0
2140,Pedro Porro,es ESP,DF,Tottenham Hotspur,eng Premier League,25.0,1999.0,34,32,2796,31.1,1,2,3,1,0,0,10,0,0.1,,,,,,,,,,,,,,,32,8,25.0,1.03,0.26,0.03,0.13,82,81.8,86.0,26,2,21.0,0,1.18,40,40,0,0.0,1.3,0,32,26,1,232,31,50,0
2143,Stefan Posch,at AUT,DF,Mainz 05,de Bundesliga,28.0,1997.0,16,16,1395,15.5,0,0,0,0,0,0,4,0,0.0,,,,,,,,,,,,,,,11,3,27.3,0.71,0.19,0.0,0.0,87,45.6,87.0,15,0,,0,1.75,26,22,4,0.26,0.96,0,8,12,1,11,21,22,0
2144,Freddie Potts,eng ENG,MF,West Ham United,eng Premier League,21.0,2003.0,22,12,1171,13.0,0,1,1,0,0,0,1,0,0.08,,,,,,,,,,,,,,,3,1,33.3,0.23,0.08,0.0,0.0,53,34.2,77.0,4,10,25.0,11,1.09,17,25,-8,-0.61,-0.17,0,15,14,0,34,16,18,0
2145,Kacper Potulski,pl POL,DF,Mainz 05,de Bundesliga,17.0,2007.0,15,9,1065,11.8,1,0,1,1,0,0,3,0,0.08,,,,,,,,,,,,,,,14,5,35.7,1.18,0.42,0.07,0.2,71,34.8,88.0,8,6,45.0,9,1.67,14,17,-3,-0.25,0.02,0,17,5,0,2,19,15,0
2148,Alexander Prass,at AUT,MF,Hoffenheim,de Bundesliga,24.0,2001.0,32,12,1308,14.5,3,2,5,3,0,0,4,0,0.34,,,,,,,,,,,,,,,18,11,61.1,1.24,0.76,0.17,0.27,41,42.7,80.0,4,20,18.0,2,1.88,25,25,0,0.0,-0.67,0,26,21,2,47,6,22,0
2150,Matteo Prati,it ITA,MF,Cagliari,it Serie A,21.0,2003.0,20,15,1268,14.1,1,0,1,1,0,0,4,0,0.07,,,,,,,,,,,,,,,19,1,5.3,1.35,0.07,0.05,1.0,63,37.1,74.0,5,5,30.0,2,1.05,13,20,-7,-0.5,-0.25,0,17,3,0,13,15,12,0
2152,Grischa Prömel,de GER,MF,Hoffenheim,de Bundesliga,30.0,1995.0,33,16,1758,19.5,7,2,9,7,0,0,5,0,0.46,,,,,,,,,,,,,,,43,14,32.6,2.2,0.72,0.16,0.5,53,57.5,86.0,11,17,22.0,0,1.82,36,33,3,0.15,-0.54,0,23,28,1,11,15,16,0
2153,Ivan Provedel,it ITA,GK,Lazio,it Serie A,31.0,1994.0,27,27,2430,27.0,0,0,0,0,0,0,1,0,0.0,27.0,1.0,112.0,87.0,78.6,8.0,10.0,9.0,12.0,44.4,4.0,3.0,1.0,0.0,0,0,,0.0,0.0,,,90,71.1,90.0,27,0,,0,1.26,26,27,-1,-0.04,-0.22,0,0,2,0,0,0,0,0
2156,Marc Pubill,es ESP,DF,Atlético Madrid,es La Liga,22.0,2003.0,19,15,1381,15.3,1,1,2,1,0,0,2,0,0.13,,,,,,,,,,,,,,,11,4,36.4,0.72,0.26,0.09,0.25,73,40.4,85.0,13,4,25.0,16,2.0,26,16,10,0.65,0.3,0,16,14,1,8,18,15,0
2157,Cameron Puertas,ch SUI,MF,Werder Bremen,de Bundesliga,26.0,1998.0,28,22,1846,20.5,1,2,3,1,0,0,6,0,0.15,,,,,,,,,,,,,,,37,8,21.6,1.8,0.39,0.03,0.13,66,60.3,80.0,10,6,15.0,3,1.04,24,30,-6,-0.29,0.97,0,37,22,2,77,19,37,0
2158,Christian Pulisic,us USA,FW,Milan,it Serie A,26.0,1998.0,30,18,1609,17.9,8,4,12,8,0,1,0,0,0.67,,,,,,,,,,,,,,,54,25,46.3,3.02,1.4,0.15,0.32,54,47.0,75.0,4,12,21.0,1,1.77,24,14,10,0.56,0.16,0,11,23,3,37,3,8,0
2160,Arkadiusz Pyrka,pl POL,MF,St Pauli,de Bundesliga,22.0,2002.0,31,30,2576,28.6,0,1,1,0,0,0,3,0,0.03,,,,,,,,,,,,,,,19,3,15.8,0.66,0.1,0.0,0.0,83,84.2,86.0,23,1,9.0,2,0.84,24,50,-26,-0.91,0.02,0,17,32,0,47,23,24,0
2161,Jarell Quansah,eng ENG,DF,Leverkusen,de Bundesliga,22.0,2003.0,28,25,2299,25.5,4,0,4,4,0,0,9,0,0.16,,,,,,,,,,,,,,,18,8,44.4,0.7,0.31,0.22,0.5,82,75.1,88.0,21,3,31.0,2,1.57,44,34,10,0.39,-0.91,0,18,21,1,22,26,22,0
2162,Leopold Querfeld,at AUT,DF,Union Berlin,de Bundesliga,21.0,2003.0,31,30,2705,30.1,3,0,3,1,2,3,7,0,0.03,,,,,,,,,,,,,,,29,10,34.5,0.96,0.33,0.03,0.1,87,88.4,90.0,30,1,5.0,2,1.03,35,55,-20,-0.67,-2.19,0,46,28,0,3,35,27,0
2167,Adrien Rabiot,fr FRA,MF,Milan,it Serie A,30.0,1995.0,29,28,2550,28.3,6,4,10,6,0,0,6,1,0.35,,,,,,,,,,,,,,,46,12,26.1,1.62,0.42,0.13,0.5,88,74.6,90.0,27,1,31.0,0,1.97,41,25,16,0.56,0.36,1,35,55,7,58,20,31,0
2169,Ionuț Radu,ro ROU,GK,Celta Vigo,es La Liga,28.0,1997.0,38,38,3420,38.0,0,0,0,0,0,0,2,0,0.0,48.0,1.26,151.0,111.0,72.2,14.0,12.0,12.0,10.0,26.3,11.0,6.0,2.0,3.0,0,0,,0.0,0.0,,,90,100.0,90.0,38,0,,0,1.42,53,48,5,0.13,,0,0,8,0,0,1,0,0
2172,Antonio Raillo,es ESP,DF,Mallorca,es La Liga,33.0,1991.0,24,23,2070,23.0,0,1,1,0,0,0,4,0,0.04,,,,,,,,,,,,,,,12,1,8.3,0.52,0.04,0.0,0.0,86,60.5,88.0,22,1,38.0,6,1.04,26,32,-6,-0.26,0.01,0,23,15,1,4,12,13,0
2173,Ylber Ramadani,al ALB,MF,Lecce,it Serie A,29.0,1996.0,37,37,3203,35.6,1,0,1,1,0,0,10,0,0.03,,,,,,,,,,,,,,,34,5,14.7,0.96,0.14,0.03,0.2,87,93.7,87.0,25,0,,0,1.03,27,45,-18,-0.51,1.15,0,43,59,0,16,44,50,0
2174,Diant Ramaj,de GER,GK,Heidenheim,de Bundesliga,23.0,2001.0,31,31,2790,31.0,0,1,1,0,0,0,2,0,0.03,67.0,2.16,162.0,100.0,61.7,5.0,8.0,18.0,1.0,3.2,6.0,5.0,0.0,1.0,0,0,,0.0,0.0,,,90,91.2,90.0,31,0,,2,0.74,38,67,-29,-0.94,-0.27,0,2,2,0,0,0,0,0
2175,Largie Ramazani,be BEL,"MF,FW",Valencia,es La Liga,24.0,2001.0,27,11,1234,13.7,6,1,7,3,3,3,4,0,0.29,,,,,,,,,,,,,,,51,19,37.3,3.72,1.39,0.06,0.16,46,36.1,84.0,4,16,19.0,3,1.41,25,20,5,0.36,0.94,0,17,20,2,27,14,12,0
2176,Jacobo Ramón,es ESP,DF,Como,it Serie A,20.0,2005.0,32,30,2742,30.5,2,0,2,2,0,0,11,1,0.07,,,,,,,,,,,,,,,39,9,23.1,1.28,0.3,0.05,0.22,86,80.2,88.0,28,2,45.0,1,1.84,53,24,29,0.95,0.02,0,33,12,0,11,38,32,0
2177,Gonçalo Ramos,pt POR,FW,Paris Saint-Germain,fr Ligue 1,24.0,2001.0,30,13,1318,14.6,6,1,7,5,1,2,4,1,0.41,,,,,,,,,,,,,,,58,25,43.1,3.96,1.71,0.09,0.2,44,43.1,77.0,5,17,19.0,3,2.2,31,13,18,1.23,-0.17,1,24,23,6,1,5,14,0
2179,Aaron Ramsdale,eng ENG,GK,Newcastle United,eng Premier League,27.0,1998.0,12,11,1004,11.2,0,0,0,0,0,0,2,0,0.0,17.0,1.52,38.0,24.0,63.2,4.0,2.0,5.0,1.0,9.1,3.0,3.0,0.0,0.0,0,0,,0.0,0.0,,,84,29.4,90.0,11,1,14.0,26,1.17,16,17,-1,-0.09,-0.05,0,0,1,0,0,0,0,0
2180,Jacob Ramsey,eng ENG,MF,Newcastle United,eng Premier League,24.0,2001.0,28,15,1450,16.1,2,3,5,2,0,0,5,1,0.31,,,,,,,,,,,,,,,16,4,25.0,0.99,0.25,0.13,0.5,52,42.4,76.0,7,13,24.0,5,1.18,24,29,-5,-0.31,-0.45,1,16,14,2,8,9,21,0
2181,Luca Ranieri,it ITA,DF,Fiorentina,it Serie A,26.0,1999.0,34,29,2458,27.3,1,0,1,1,0,0,8,1,0.04,,,,,,,,,,,,,,,18,3,16.7,0.66,0.11,0.06,0.33,72,71.9,83.0,19,5,12.0,2,1.21,28,34,-6,-0.22,0.06,0,22,27,3,27,24,24,0
2183,Lilian Raolisoa,fr FRA,"MF,DF",Angers,fr Ligue 1,25.0,2000.0,32,21,1966,21.8,2,4,6,2,0,0,3,0,0.27,,,,,,,,,,,,,,,16,5,31.3,0.73,0.23,0.13,0.4,61,64.2,81.0,8,11,24.0,0,1.13,18,31,-13,-0.6,-0.1,0,27,17,1,99,14,31,0
2184,Raphinha,br BRA,"MF,FW",Barcelona,es La Liga,28.0,1996.0,22,18,1380,15.3,13,3,16,10,3,3,5,0,0.85,,,,,,,,,,,,,,,65,24,36.9,4.24,1.57,0.15,0.42,63,40.4,71.0,4,4,28.0,2,2.77,43,9,34,2.22,1.11,0,10,10,4,72,6,6,0
2185,Marcus Rashford,eng ENG,"MF,FW",Barcelona,es La Liga,27.0,1997.0,32,18,1763,19.6,8,7,15,8,0,0,3,0,0.77,,,,,,,,,,,,,,,76,29,38.2,3.88,1.48,0.11,0.28,55,51.5,76.0,6,14,29.0,4,2.47,44,25,19,0.97,-1.2,0,10,25,10,121,2,8,0
2190,Andrei Ratiu,ro ROU,DF,Rayo Vallecano,es La Liga,27.0,1998.0,35,31,2807,31.2,0,4,4,0,0,0,9,0,0.13,,,,,,,,,,,,,,,31,9,29.0,0.99,0.29,0.0,0.0,80,82.1,88.0,30,4,18.0,0,1.43,36,31,5,0.16,1.33,0,22,21,4,105,39,44,0
2192,Raúl,es ESP,FW,Osasuna,es La Liga,24.0,2000.0,36,6,1041,11.6,7,1,8,7,0,0,2,1,0.69,,,,,,,,,,,,,,,39,23,59.0,3.37,1.99,0.18,0.3,29,30.4,85.0,5,30,18.0,1,1.08,17,20,-3,-0.26,-0.15,0,12,15,7,9,7,13,0
2193,David Raum,de GER,DF,RB Leipzig,de Bundesliga,27.0,1998.0,30,29,2553,28.4,3,7,10,2,1,1,6,0,0.32,,,,,,,,,,,,,,,24,8,33.3,0.85,0.28,0.08,0.25,85,83.4,88.0,25,1,12.0,1,2.03,57,34,23,0.81,1.52,0,29,17,6,250,33,35,0
2194,Federico Ravaglia,it ITA,GK,Bologna,it Serie A,25.0,1999.0,17,16,1470,16.3,0,0,0,0,0,0,4,0,0.0,29.0,1.78,79.0,52.0,65.8,4.0,3.0,9.0,2.0,12.5,2.0,2.0,0.0,0.0,0,0,,0.0,0.0,,,86,43.0,90.0,16,1,30.0,20,0.88,16,29,-13,-0.8,-1.53,0,2,3,0,0,0,1,0
2195,David Raya,es ESP,GK,Arsenal,eng Premier League,29.0,1995.0,37,37,3330,37.0,0,0,0,0,0,0,1,0,0.0,26.0,0.7,86.0,59.0,69.8,25.0,7.0,5.0,19.0,51.4,0.0,0.0,0.0,0.0,0,0,,0.0,0.0,,,90,97.4,90.0,37,0,,0,2.22,69,26,43,1.16,0.16,0,0,14,0,1,1,1,0
2196,Rayan,br BRA,MF,Bournemouth,eng Premier League,18.0,2006.0,15,13,1111,12.3,5,2,7,5,0,0,1,0,0.57,,,,,,,,,,,,,,,28,8,28.6,2.27,0.65,0.18,0.63,74,32.5,82.0,2,2,24.0,0,1.8,16,10,6,0.49,0.56,0,9,6,1,24,8,6,0
2197,Abde Rebbach,dz ALG,"MF,DF",Alavés,es La Liga,26.0,1998.0,30,15,1496,16.6,1,4,5,1,0,0,8,0,0.3,,,,,,,,,,,,,,,34,12,35.3,2.05,0.72,0.03,0.08,50,43.7,76.0,7,15,24.0,7,1.13,21,21,0,0.0,0.56,0,40,30,5,109,16,21,0
2201,Alejandro Rego,es ESP,MF,Athletic Club,es La Liga,22.0,2003.0,29,11,1279,14.2,1,1,2,1,0,0,6,0,0.14,,,,,,,,,,,,,,,12,3,25.0,0.84,0.21,0.08,0.33,44,37.4,76.0,5,18,25.0,7,1.31,20,23,-3,-0.21,0.29,0,40,6,0,6,21,20,0
2202,Tijjani Reijnders,nl NED,MF,Manchester City,eng Premier League,27.0,1998.0,28,19,1631,18.1,5,2,7,5,0,0,2,0,0.39,,,,,,,,,,,,,,,49,16,32.7,2.7,0.88,0.1,0.31,58,47.7,77.0,6,9,18.0,10,1.93,32,17,15,0.83,-0.53,0,19,15,4,43,11,4,0
2203,Alberto Reina,es ESP,MF,Oviedo,es La Liga,27.0,1997.0,37,31,2462,27.4,4,1,5,4,0,0,6,1,0.18,,,,,,,,,,,,,,,24,11,45.8,0.88,0.4,0.17,0.36,67,72.0,75.0,9,6,22.0,0,0.78,21,43,-22,-0.8,0.32,1,37,46,2,52,19,18,0
2204,Vitor Reis,br BRA,DF,Girona,es La Liga,19.0,2006.0,36,35,3138,34.9,1,1,2,1,0,0,9,1,0.06,,,,,,,,,,,,,,,19,4,21.1,0.54,0.11,0.05,0.25,87,91.8,89.0,34,1,33.0,0,1.03,34,48,-14,-0.4,0.24,0,40,24,1,0,35,32,1
2205,Rocco Reitz,de GER,MF,Gladbach,de Bundesliga,23.0,2002.0,31,31,2627,29.2,0,4,4,0,0,0,8,1,0.14,,,,,,,,,,,,,,,47,14,29.8,1.61,0.48,0.0,0.0,85,85.8,85.0,19,0,,0,1.03,27,46,-19,-0.65,-2.31,0,35,55,6,86,49,42,0
2206,Nicolai Remberg,de GER,MF,Hamburger SV,de Bundesliga,25.0,2000.0,32,32,2880,32.0,0,2,2,0,0,0,11,0,0.06,,,,,,,,,,,,,,,17,8,47.1,0.53,0.25,0.0,0.0,90,94.1,90.0,32,0,,0,1.16,38,49,-11,-0.34,1.16,0,44,48,1,5,43,27,0
2207,Álex Remiro,es ESP,GK,Real Sociedad,es La Liga,30.0,1995.0,37,37,3330,37.0,0,0,0,0,0,0,1,0,0.0,60.0,1.62,154.0,99.0,64.3,11.0,12.0,14.0,3.0,8.1,5.0,5.0,0.0,0.0,0,0,,0.0,0.0,,,90,97.4,90.0,37,0,,0,1.22,58,60,-2,-0.05,-0.05,0,0,7,1,0,1,1,1
2208,Devyne Rensch,nl NED,MF,Roma,it Serie A,22.0,2003.0,24,12,1184,13.2,1,4,5,1,0,0,1,0,0.38,,,,,,,,,,,,,,,6,2,33.3,0.46,0.15,0.17,0.5,49,34.6,79.0,5,12,20.0,12,2.08,21,15,6,0.46,-0.43,0,6,18,3,22,16,15,0
2209,Guillaume Restes,fr FRA,GK,Toulouse,fr Ligue 1,20.0,2005.0,34,34,3029,33.7,0,0,0,0,0,0,3,0,0.0,45.0,1.34,125.0,85.0,68.0,12.0,8.0,13.0,10.0,29.4,5.0,5.0,0.0,0.0,0,0,,0.0,0.0,,,89,99.0,89.0,33,0,,0,1.29,46,45,1,0.03,0.03,0,0,8,0,0,1,0,0
2210,Elvis Rexhbeçaj,xk KVX,MF,Augsburg,de Bundesliga,27.0,1997.0,26,10,1118,12.4,2,0,2,2,0,0,4,0,0.16,,,,,,,,,,,,,,,11,5,45.5,0.89,0.4,0.18,0.4,43,36.5,71.0,3,16,26.0,2,1.31,20,21,-1,-0.08,0.61,0,13,16,1,16,4,8,0
2211,Oriol Rey,es ESP,MF,Levante,es La Liga,27.0,1998.0,20,14,1319,14.7,0,1,1,0,0,0,4,0,0.07,,,,,,,,,,,,,,,8,1,12.5,0.55,0.07,0.0,0.0,66,38.6,84.0,9,6,25.0,12,1.1,23,25,-2,-0.14,0.38,0,23,14,0,8,12,12,0
2216,Samuele Ricci,it ITA,MF,Milan,it Serie A,23.0,2001.0,31,11,1312,14.6,1,4,5,1,0,0,3,0,0.34,,,,,,,,,,,,,,,18,6,33.3,1.23,0.41,0.06,0.17,42,38.4,79.0,6,20,22.0,7,2.1,20,17,3,0.21,-0.43,0,17,33,1,28,9,9,0
2217,Declan Rice,eng ENG,MF,Arsenal,eng Premier League,26.0,1999.0,36,35,3094,34.4,4,5,9,4,0,0,3,0,0.26,,,,,,,,,,,,,,,40,13,32.5,1.16,0.38,0.1,0.31,86,90.5,88.0,29,1,23.0,1,2.19,62,25,37,1.08,-0.86,0,26,11,1,177,33,33,0
2218,Chris Richards,us USA,DF,Crystal Palace,eng Premier League,25.0,2000.0,33,31,2827,31.4,1,0,1,1,0,0,4,0,0.03,,,,,,,,,,,,,,,15,2,13.3,0.48,0.06,0.07,0.5,86,82.7,90.0,30,2,23.0,1,1.3,37,42,-5,-0.16,0.6,0,17,5,0,14,43,35,0
2220,Richarlison,br BRA,"FW,MF",Tottenham Hotspur,eng Premier League,28.0,1997.0,32,20,1964,21.8,11,4,15,11,0,0,5,0,0.69,,,,,,,,,,,,,,,61,26,42.6,2.8,1.19,0.18,0.42,61,57.4,83.0,12,12,25.0,1,1.19,29,27,2,0.09,0.77,0,23,33,10,18,7,16,0
2221,Diego Rico,es ESP,DF,Getafe,es La Liga,32.0,1993.0,28,18,1758,19.5,0,0,0,0,0,0,4,0,0.0,,,,,,,,,,,,,,,11,1,9.1,0.56,0.05,0.0,0.0,63,51.4,86.0,15,10,21.0,9,1.41,17,23,-6,-0.31,-0.31,0,22,35,1,66,33,29,0
2222,Clemens Riedel,de GER,DF,Espanyol,es La Liga,22.0,2003.0,20,16,1396,15.5,0,1,1,0,0,0,5,0,0.06,,,,,,,,,,,,,,,3,1,33.3,0.19,0.06,0.0,0.0,70,40.8,82.0,11,4,20.0,14,1.2,21,22,-1,-0.06,0.42,0,23,8,2,3,11,14,0
2223,Fabian Rieder,ch SUI,MF,Augsburg,de Bundesliga,23.0,2002.0,32,28,2343,26.0,6,3,9,4,2,2,4,0,0.27,,,,,,,,,,,,,,,38,13,34.2,1.46,0.5,0.11,0.31,73,76.6,82.0,16,4,13.0,0,1.25,36,53,-17,-0.65,-0.78,0,45,38,2,116,13,20,0
2228,Hugo Rincón,es ESP,DF,Girona,es La Liga,22.0,2003.0,33,16,1750,19.4,1,1,2,1,0,0,4,0,0.1,,,,,,,,,,,,,,,7,2,28.6,0.36,0.1,0.14,0.5,53,51.2,83.0,9,17,25.0,5,1.0,22,28,-6,-0.31,0.23,0,32,53,1,35,5,33,0
2229,Luis Rioja,es ESP,MF,Valencia,es La Liga,31.0,1993.0,37,31,2624,29.2,3,6,9,3,0,0,1,0,0.31,,,,,,,,,,,,,,,44,5,11.4,1.51,0.17,0.07,0.6,71,76.7,79.0,13,6,29.0,0,1.32,35,38,-3,-0.1,0.58,0,13,29,9,152,17,25,0
2231,Robin Risser,fr FRA,GK,Lens,fr Ligue 1,20.0,2004.0,33,33,2970,33.0,0,1,1,0,0,0,2,0,0.03,35.0,1.06,106.0,76.0,69.8,21.0,4.0,8.0,11.0,33.3,6.0,3.0,2.0,1.0,0,0,,0.0,0.0,,,90,97.1,90.0,33,0,,1,2.03,62,35,27,0.82,-3.18,0,0,5,0,0,0,0,0
2233,Lars Ritzka,de GER,"MF,DF",St Pauli,de Bundesliga,27.0,1998.0,21,12,966,10.7,0,0,0,0,0,0,1,0,0.0,,,,,,,,,,,,,,,4,1,25.0,0.37,0.09,0.0,0.0,46,31.6,66.0,0,9,20.0,13,0.71,6,21,-15,-1.4,-0.71,0,10,3,2,18,13,26,0
2236,Andrew Robertson,sct SCO,DF,Liverpool,eng Premier League,31.0,1994.0,24,11,1176,13.1,1,0,1,1,0,0,0,0,0.08,,,,,,,,,,,,,,,10,3,30.0,0.77,0.23,0.1,0.33,49,34.4,80.0,4,13,23.0,14,1.58,22,16,6,0.46,0.3,0,4,1,5,53,7,10,0
2237,Antonee Robinson,us USA,"DF,MF",Fulham,eng Premier League,27.0,1997.0,22,17,1492,16.6,1,0,1,0,1,1,5,0,0.0,,,,,,,,,,,,,,,6,1,16.7,0.36,0.06,0.0,0.0,68,43.6,83.0,12,5,17.0,5,1.36,13,19,-6,-0.36,-0.46,0,15,9,2,77,28,31,0
2238,Joel Roca,es ESP,"MF,FW",Girona,es La Liga,20.0,2005.0,32,16,1473,16.4,3,1,4,3,0,0,4,1,0.24,,,,,,,,,,,,,,,48,16,33.3,2.93,0.98,0.06,0.19,46,43.1,70.0,5,16,22.0,2,1.06,17,26,-9,-0.55,-0.23,0,13,45,4,33,2,11,0
2239,Marc Roca,es ESP,MF,Real Betis,es La Liga,28.0,1996.0,29,23,2026,22.5,1,1,2,1,0,0,1,0,0.09,,,,,,,,,,,,,,,17,7,41.2,0.76,0.31,0.06,0.14,70,59.2,82.0,17,6,24.0,6,1.69,36,30,6,0.27,-0.06,0,42,23,0,10,23,29,0
2242,Joe Rodon,wls WAL,DF,Leeds United,eng Premier League,27.0,1997.0,35,33,2951,32.8,2,0,2,2,0,0,3,0,0.06,,,,,,,,,,,,,,,18,7,38.9,0.55,0.21,0.11,0.29,84,86.3,88.0,30,2,23.0,0,1.2,42,52,-10,-0.3,-0.88,0,17,19,1,6,30,19,0
2243,Rodri,es ESP,MF,Manchester City,eng Premier League,29.0,1996.0,21,17,1511,16.8,1,0,1,1,0,0,3,0,0.06,,,,,,,,,,,,,,,16,3,18.8,0.95,0.18,0.06,0.33,72,44.2,84.0,12,4,22.0,1,1.81,28,15,13,0.77,-0.59,0,14,31,0,5,12,25,0
2244,Álvaro Rodríguez,uy URU,FW,Elche,es La Liga,21.0,2004.0,34,24,2201,24.5,7,5,12,7,0,0,2,0,0.49,,,,,,,,,,,,,,,75,24,32.0,3.07,0.98,0.09,0.29,65,64.4,83.0,12,10,21.0,3,1.06,30,36,-6,-0.25,-0.1,0,37,49,18,10,4,14,0
2248,Guido Rodríguez,ar ARG,MF,Valencia,es La Liga,31.0,1994.0,16,14,1309,14.5,4,0,4,4,0,0,4,0,0.28,,,,,,,,,,,,,,,15,5,33.3,1.03,0.34,0.27,0.8,82,38.3,90.0,13,2,26.0,0,1.63,23,19,4,0.28,0.83,0,21,28,0,3,10,27,0
2249,Javi Rodríguez,es ESP,DF,Celta Vigo,es La Liga,22.0,2003.0,33,28,2558,28.4,0,1,1,0,0,0,5,0,0.04,,,,,,,,,,,,,,,12,1,8.3,0.42,0.04,0.0,0.0,78,74.8,85.0,21,5,33.0,3,1.42,31,33,-2,-0.07,-0.8,0,33,33,1,1,28,23,0
2250,Jesus Rodríguez,es ESP,MF,Como,it Serie A,19.0,2005.0,31,18,1731,19.2,2,9,11,2,0,0,3,1,0.57,,,,,,,,,,,,,,,45,12,26.7,2.34,0.62,0.04,0.17,56,50.6,75.0,3,13,29.0,3,1.9,39,12,27,1.4,0.92,0,24,32,3,57,4,17,0
2251,Juan Rodríguez,uy URU,DF,Cagliari,it Serie A,20.0,2005.0,17,16,1310,14.6,1,0,1,1,0,0,3,0,0.07,,,,,,,,,,,,,,,3,2,66.7,0.21,0.14,0.33,0.5,77,38.3,81.0,9,1,9.0,16,1.06,14,23,-9,-0.62,-0.45,0,15,8,0,5,17,27,0
2252,Ricardo Rodríguez,ch SUI,DF,Real Betis,es La Liga,32.0,1992.0,23,18,1547,17.2,0,1,1,0,0,0,0,0,0.06,,,,,,,,,,,,,,,3,0,0.0,0.17,0.0,0.0,,67,45.2,84.0,14,5,7.0,11,1.91,32,17,15,0.87,1.06,0,11,5,0,15,8,14,0
2254,Robin Roefs,nl NED,GK,Sunderland,eng Premier League,22.0,2003.0,35,35,3150,35.0,0,0,0,0,0,0,4,0,0.0,46.0,1.31,151.0,108.0,70.9,12.0,12.0,11.0,10.0,28.6,3.0,2.0,1.0,0.0,0,0,,0.0,0.0,,,90,92.1,90.0,35,0,,0,1.37,39,46,-7,-0.2,-0.53,0,0,14,0,0,0,0,0
2255,Morgan Rogers,eng ENG,MF,Aston Villa,eng Premier League,23.0,2002.0,37,37,3280,36.4,10,6,16,10,0,0,7,0,0.44,,,,,,,,,,,,,,,84,32,38.1,2.3,0.88,0.12,0.31,89,95.9,89.0,32,0,,0,1.68,53,48,5,0.14,-1.15,0,46,49,3,51,13,23,0
2259,Alessio Romagnoli,it ITA,DF,Lazio,it Serie A,30.0,1995.0,32,31,2666,29.6,0,0,0,0,0,0,6,1,0.0,,,,,,,,,,,,,,,9,4,44.4,0.3,0.14,0.0,0.0,83,78.0,86.0,27,1,14.0,0,1.41,28,30,-2,-0.07,-0.43,0,18,15,0,2,32,14,0
2260,Leo Román,es ESP,GK,Mallorca,es La Liga,25.0,2000.0,33,33,2970,33.0,0,0,0,0,0,0,4,0,0.0,50.0,1.52,142.0,99.0,69.0,10.0,7.0,16.0,4.0,12.1,8.0,6.0,1.0,1.0,0,0,,0.0,0.0,,,90,86.8,90.0,33,0,,0,1.12,43,50,-7,-0.21,0.39,0,1,2,0,0,1,1,0
2261,Miguel Román,es ESP,MF,Celta Vigo,es La Liga,22.0,2002.0,19,14,1311,14.6,1,0,1,1,0,0,3,0,0.07,,,,,,,,,,,,,,,9,2,22.2,0.62,0.14,0.11,0.5,69,38.3,88.0,10,5,17.0,7,1.63,18,13,5,0.34,0.34,0,20,11,0,21,12,17,0
2263,Carlos Romero,es ESP,DF,Espanyol,es La Liga,23.0,2001.0,36,36,3191,35.5,6,3,9,6,0,0,4,0,0.25,,,,,,,,,,,,,,,42,12,28.6,1.18,0.34,0.14,0.5,89,93.3,89.0,32,0,,0,1.28,41,47,-6,-0.17,2.19,0,40,19,1,89,38,60,0
2264,Cristian Romero,ar ARG,DF,Tottenham Hotspur,eng Premier League,27.0,1998.0,23,22,1868,20.8,4,1,5,4,0,0,11,2,0.24,,,,,,,,,,,,,,,17,6,35.3,0.82,0.29,0.24,0.67,81,54.6,84.0,15,1,31.0,0,1.0,26,31,-5,-0.24,-0.01,1,32,16,1,1,31,30,0
2265,Isaac Romero,es ESP,"FW,MF",Sevilla,es La Liga,25.0,2000.0,29,18,1484,16.5,4,0,4,4,0,1,6,1,0.24,,,,,,,,,,,,,,,41,14,34.1,2.49,0.85,0.1,0.29,51,43.4,69.0,1,11,22.0,4,1.0,16,21,-5,-0.3,0.12,0,29,24,5,10,5,10,0
2266,Iván Romero,es ESP,"FW,MF",Levante,es La Liga,24.0,2001.0,32,28,2259,25.1,7,1,8,7,0,1,5,0,0.32,,,,,,,,,,,,,,,59,18,30.5,2.35,0.72,0.12,0.39,71,66.1,77.0,4,4,25.0,3,1.16,27,31,-4,-0.16,0.62,0,41,77,7,21,12,22,0
2267,Zaid Romero,ar ARG,DF,Getafe,es La Liga,25.0,1999.0,15,15,1349,15.0,1,0,1,1,0,0,5,1,0.07,,,,,,,,,,,,,,,10,2,20.0,0.67,0.13,0.1,0.5,90,39.4,90.0,14,0,,0,1.8,16,8,8,0.53,1.14,1,11,12,0,4,28,23,0
2268,Rômulo,br BRA,FW,RB Leipzig,de Bundesliga,23.0,2002.0,30,27,2188,24.3,9,4,13,9,0,1,3,0,0.53,,,,,,,,,,,,,,,63,27,42.9,2.59,1.11,0.14,0.33,73,71.5,78.0,4,3,30.0,0,1.93,47,27,20,0.82,0.93,0,20,20,8,0,11,19,1
2269,Salomón Rondón,ve VEN,FW,Oviedo,es La Liga,35.0,1989.0,16,13,1032,11.5,2,0,2,2,0,1,2,0,0.17,,,,,,,,,,,,,,,24,5,20.8,2.09,0.44,0.08,0.4,65,30.2,75.0,4,3,18.0,1,0.69,6,17,-11,-0.96,-0.09,0,11,21,12,2,1,0,0
2270,Valentin Rongier,fr FRA,MF,Rennes,fr Ligue 1,30.0,1994.0,31,31,2745,30.5,2,5,7,2,0,0,6,0,0.23,,,,,,,,,,,,,,,22,10,45.5,0.72,0.33,0.09,0.2,89,89.7,89.0,30,0,,1,1.77,56,44,12,0.39,1.25,0,48,26,0,21,36,48,0
2271,Marten de Roon,nl NED,MF,Atalanta,it Serie A,34.0,1991.0,34,32,2691,29.9,1,2,3,1,0,0,8,1,0.1,,,,,,,,,,,,,,,16,4,25.0,0.54,0.13,0.06,0.25,79,78.7,82.0,18,2,35.0,1,1.62,42,27,15,0.5,0.5,1,37,11,0,13,26,44,0
2275,Valentin Rosier,fr FRA,"DF,MF",Osasuna,es La Liga,28.0,1996.0,31,30,2547,28.3,1,1,2,1,0,0,6,1,0.07,,,,,,,,,,,,,,,19,3,15.8,0.67,0.11,0.05,0.33,82,74.5,84.0,22,1,22.0,1,1.16,29,37,-8,-0.28,-0.49,1,33,20,3,46,43,32,0
2276,Tom Rothe,de GER,"MF,DF",Union Berlin,de Bundesliga,20.0,2004.0,21,10,1029,11.4,2,0,2,2,0,0,1,1,0.17,,,,,,,,,,,,,,,19,5,26.3,1.66,0.44,0.11,0.4,49,33.6,81.0,5,11,20.0,1,1.1,17,22,-5,-0.44,-0.04,0,10,6,2,35,21,15,0
2277,Anthony Rouault,fr FRA,DF,Rennes,fr Ligue 1,24.0,2001.0,21,19,1724,19.2,1,0,1,1,0,0,4,0,0.05,,,,,,,,,,,,,,,9,3,33.3,0.47,0.16,0.11,0.33,82,56.3,88.0,17,2,23.0,11,1.71,30,23,7,0.37,0.23,0,26,8,0,0,18,13,0
2279,Jonathan Rowe,eng ENG,"MF,FW",Bologna,it Serie A,22.0,2003.0,28,17,1605,17.8,3,2,5,3,0,0,2,0,0.28,,,,,,,,,,,,,,,48,17,35.4,2.69,0.95,0.06,0.18,57,46.9,76.0,3,11,29.0,8,1.32,21,20,1,0.06,-0.04,0,23,50,4,53,9,14,0
2282,Amir Rrahmani,xk KVX,DF,Napoli,it Serie A,31.0,1994.0,21,21,1795,19.9,2,1,3,2,0,0,2,0,0.15,,,,,,,,,,,,,,,15,4,26.7,0.75,0.2,0.13,0.5,85,52.5,85.0,16,0,,3,2.0,32,15,17,0.85,0.58,0,20,16,2,1,22,12,0
2284,Antonio Rüdiger,de GER,DF,Real Madrid,es La Liga,32.0,1993.0,18,16,1490,16.6,1,0,1,1,0,0,0,0,0.06,,,,,,,,,,,,,,,13,1,7.7,0.79,0.06,0.08,1.0,83,43.6,86.0,13,2,57.0,5,2.11,32,16,16,0.97,-0.25,0,11,2,2,2,4,5,0
2285,Javi Rueda,es ESP,MF,Celta Vigo,es La Liga,23.0,2002.0,26,16,1404,15.6,2,6,8,2,0,0,6,0,0.51,,,,,,,,,,,,,,,11,3,27.3,0.71,0.19,0.18,0.67,54,41.1,73.0,5,10,24.0,8,1.42,19,15,4,0.26,0.21,0,25,21,3,27,20,12,0
2288,Matteo Ruggeri,it ITA,DF,Atlético Madrid,es La Liga,23.0,2002.0,26,20,1774,19.7,0,3,3,0,0,0,4,0,0.15,,,,,,,,,,,,,,,5,2,40.0,0.25,0.1,0.0,0.0,68,51.9,81.0,13,6,27.0,11,1.69,33,23,10,0.51,0.07,0,28,2,1,86,20,23,0
2289,Aitor Ruibal,es ESP,"DF,MF",Real Betis,es La Liga,29.0,1996.0,27,20,1808,20.1,4,2,6,4,0,0,6,1,0.3,,,,,,,,,,,,,,,31,12,38.7,1.54,0.6,0.13,0.33,67,52.9,80.0,9,7,29.0,4,1.67,30,21,9,0.45,0.34,1,32,25,1,31,20,32,0
2291,Fabián Ruiz Peña,es ESP,MF,Paris Saint-Germain,fr Ligue 1,29.0,1996.0,20,13,1131,12.6,1,4,5,1,0,0,2,0,0.4,,,,,,,,,,,,,,,19,4,21.1,1.51,0.32,0.05,0.25,57,37.0,74.0,6,7,24.0,0,2.3,26,12,14,1.11,-0.33,0,2,3,2,21,17,11,0
2292,Gerónimo Rulli,ar ARG,GK,Marseille,fr Ligue 1,33.0,1992.0,29,29,2610,29.0,0,0,0,0,0,0,3,0,0.0,34.0,1.17,105.0,76.0,72.4,15.0,5.0,9.0,8.0,27.6,6.0,5.0,0.0,1.0,1,0,0.0,0.03,0.0,0.0,,90,85.3,90.0,29,0,,3,1.77,53,35,18,0.62,0.62,0,1,14,0,0,0,0,0
2295,Georginio Rutter,fr FRA,"MF,FW",Brighton,eng Premier League,23.0,2002.0,32,20,1786,19.8,3,3,6,3,0,0,2,0,0.3,,,,,,,,,,,,,,,42,14,33.3,2.12,0.71,0.07,0.21,56,52.2,78.0,4,12,19.0,4,1.38,27,20,7,0.35,0.41,0,30,34,11,20,11,19,1
2296,Mathew Ryan,au AUS,GK,Levante,es La Liga,33.0,1992.0,36,36,3240,36.0,0,0,0,0,0,0,4,0,0.0,56.0,1.56,176.0,124.0,69.9,11.0,9.0,16.0,9.0,25.0,4.0,3.0,1.0,0.0,2,0,0.0,0.06,0.0,0.0,,90,94.7,90.0,36,0,,0,1.17,44,56,-12,-0.33,0.67,0,0,1,0,0,1,1,0
2297,Julian Ryerson,no NOR,MF,Dortmund,de Bundesliga,27.0,1997.0,31,26,2266,25.2,0,15,15,0,0,0,8,0,0.6,,,,,,,,,,,,,,,12,1,8.3,0.48,0.04,0.0,0.0,73,74.1,84.0,15,5,17.0,2,2.23,48,21,27,1.07,0.05,0,26,21,4,250,12,21,0
2298,Frederik Rønnow,dk DEN,GK,Union Berlin,de Bundesliga,32.0,1992.0,30,30,2640,29.3,0,0,0,0,0,0,2,0,0.0,54.0,1.84,125.0,75.0,61.6,7.0,8.0,15.0,5.0,16.7,6.0,6.0,0.0,0.0,0,0,,0.0,0.0,,,88,86.3,88.0,29,0,,0,0.97,33,54,-21,-0.72,-2.22,0,1,3,0,0,1,1,0
2300,José Sá,pt POR,GK,Wolves,eng Premier League,32.0,1993.0,23,23,2070,23.0,0,0,0,0,0,0,2,0,0.0,37.0,1.61,99.0,65.0,65.7,3.0,8.0,12.0,4.0,17.4,3.0,3.0,0.0,0.0,0,0,,0.0,0.0,,,90,60.5,90.0,23,0,,11,0.74,20,37,-17,-0.74,0.86,0,0,6,0,0,0,0,0
2303,Stefano Sabelli,it ITA,"MF,DF",Genoa,it Serie A,32.0,1993.0,16,12,913,10.1,0,0,0,0,0,0,0,0,0.0,,,,,,,,,,,,,,,8,0,0.0,0.79,0.0,0.0,,57,26.7,73.0,1,4,10.0,22,1.56,9,10,-1,-0.1,0.22,0,6,19,0,27,3,14,1
2305,Marcel Sabitzer,at AUT,MF,Dortmund,de Bundesliga,31.0,1994.0,26,21,1817,20.2,1,2,3,1,0,0,3,0,0.15,,,,,,,,,,,,,,,20,4,20.0,0.99,0.2,0.05,0.25,70,59.4,83.0,11,5,16.0,3,2.04,39,22,17,0.84,-0.53,0,20,17,3,37,20,19,0
2306,Noah Sadiki,cd COD,MF,Sunderland,eng Premier League,20.0,2004.0,33,33,2889,32.1,0,1,1,0,0,0,9,0,0.03,,,,,,,,,,,,,,,19,5,26.3,0.59,0.16,0.0,0.0,88,84.5,88.0,26,0,,0,1.52,37,42,-5,-0.16,0.01,0,31,40,2,21,33,26,0
2307,Umar Sadiq,ng NGA,FW,Valencia,es La Liga,28.0,1997.0,20,8,911,10.1,4,2,6,4,0,0,3,0,0.59,,,,,,,,,,,,,,,25,10,40.0,2.47,0.99,0.16,0.4,46,26.6,79.0,4,12,23.0,0,1.65,18,14,4,0.4,0.86,0,30,19,13,5,1,5,0
2309,Alexis Saelemaekers,be BEL,MF,Milan,it Serie A,26.0,1999.0,35,33,2788,31.0,3,3,6,3,0,0,5,0,0.19,,,,,,,,,,,,,,,43,11,25.6,1.39,0.36,0.07,0.27,80,81.5,83.0,16,2,32.0,0,1.74,39,30,9,0.29,-0.99,0,26,64,2,82,30,38,0
2310,Matvei Safonov,ru RUS,GK,Paris Saint-Germain,fr Ligue 1,26.0,1999.0,15,15,1350,15.0,0,0,0,0,0,0,0,0,0.0,14.0,0.93,53.0,40.0,73.6,11.0,0.0,4.0,8.0,53.3,1.0,0.0,1.0,0.0,0,0,,0.0,0.0,,,90,44.1,90.0,15,0,,15,2.2,38,14,24,1.6,0.49,0,0,1,0,0,0,0,0
2313,Wesley Saïd,fr FRA,MF,Lens,fr Ligue 1,30.0,1995.0,29,26,1991,22.1,12,2,14,11,1,1,2,0,0.59,,,,,,,,,,,,,,,60,27,45.0,2.71,1.22,0.18,0.41,69,65.1,73.0,2,3,29.0,1,2.17,39,21,18,0.81,-0.28,0,37,13,13,22,9,15,0
2315,Bukayo Saka,eng ENG,"FW,MF",Arsenal,eng Premier League,23.0,2001.0,31,25,2222,24.7,7,5,12,6,1,1,2,0,0.45,,,,,,,,,,,,,,,71,27,38.0,2.88,1.09,0.08,0.22,72,65.0,82.0,15,6,27.0,1,2.35,46,16,30,1.22,0.16,0,33,54,14,122,16,19,0
2319,Mohamed Salah,eg EGY,MF,Liverpool,eng Premier League,33.0,1992.0,27,23,2146,23.8,7,7,14,6,1,1,1,0,0.55,,,,,,,,,,,,,,,68,19,27.9,2.85,0.8,0.09,0.32,79,62.7,87.0,16,4,39.0,2,1.67,40,35,5,0.21,-0.14,0,10,16,14,117,3,12,0
2321,Kike Salas,es ESP,DF,Sevilla,es La Liga,23.0,2002.0,26,24,2203,24.5,2,0,2,2,0,0,1,0,0.08,,,,,,,,,,,,,,,19,8,42.1,0.78,0.33,0.11,0.25,85,64.4,90.0,23,2,26.0,8,1.0,26,38,-12,-0.49,-0.34,0,31,20,2,10,37,35,0
2322,Manolis Saliakas,gr GRE,MF,St Pauli,de Bundesliga,28.0,1996.0,17,12,1106,12.3,1,3,4,1,0,0,3,0,0.33,,,,,,,,,,,,,,,16,3,18.8,1.3,0.24,0.06,0.33,65,36.1,81.0,4,5,27.0,8,1.12,12,21,-9,-0.73,0.28,0,4,7,4,44,13,20,0
2323,William Saliba,fr FRA,DF,Arsenal,eng Premier League,24.0,2001.0,31,30,2614,29.0,1,0,1,1,0,0,2,0,0.03,,,,,,,,,,,,,,,5,1,20.0,0.17,0.03,0.2,1.0,84,76.4,86.0,28,1,45.0,0,2.29,60,20,40,1.38,0.93,0,22,16,1,9,15,23,0
2325,Mohammed Salisu,gh GHA,DF,Monaco,fr Ligue 1,26.0,1999.0,12,12,1080,12.0,1,0,1,1,0,0,3,0,0.08,,,,,,,,,,,,,,,8,2,25.0,0.67,0.17,0.13,0.5,90,35.3,90.0,12,0,,3,1.17,15,21,-6,-0.5,-1.05,0,17,3,4,0,19,11,1
2326,Lazar Samardzic,rs SRB,MF,Atalanta,it Serie A,23.0,2002.0,26,11,1030,11.4,2,1,3,2,0,0,1,0,0.26,,,,,,,,,,,,,,,25,9,36.0,2.18,0.79,0.08,0.22,40,30.1,69.0,3,15,18.0,12,1.5,16,14,2,0.17,-0.31,0,17,10,1,68,10,8,0
2327,Mbwana Samatta,tz TAN,FW,Le Havre,fr Ligue 1,32.0,1992.0,27,17,1542,17.1,2,1,3,2,0,0,4,0,0.18,,,,,,,,,,,,,,,42,16,38.1,2.45,0.93,0.05,0.13,57,50.4,73.0,4,10,30.0,0,0.96,18,21,-3,-0.18,0.36,0,35,20,10,7,4,6,0
2329,Brice Samba,fr FRA,GK,Rennes,fr Ligue 1,31.0,1994.0,32,32,2880,32.0,0,0,0,0,0,0,5,0,0.0,44.0,1.37,123.0,84.0,67.5,17.0,8.0,7.0,10.0,31.3,6.0,4.0,2.0,0.0,0,0,,0.0,0.0,,,90,94.1,90.0,32,0,,0,1.84,57,44,13,0.41,2.41,0,1,7,0,0,0,1,0
2330,Albert Sambi Lokonga,be BEL,MF,Hamburger SV,de Bundesliga,25.0,1999.0,26,20,1710,19.0,5,0,5,5,0,0,3,0,0.26,,,,,,,,,,,,,,,19,11,57.9,1.0,0.58,0.26,0.45,66,55.9,81.0,9,6,14.0,1,1.23,29,29,0,0.0,0.93,0,20,27,0,13,13,13,0
2331,Antonio Sanabria,py PAR,FW,Cremonese,it Serie A,29.0,1996.0,25,10,945,10.5,1,1,2,1,0,0,2,0,0.19,,,,,,,,,,,,,,,12,4,33.3,1.14,0.38,0.08,0.25,38,27.6,65.0,0,15,20.0,5,1.04,9,12,-3,-0.29,0.51,0,15,15,6,2,1,2,0
2332,Oihan Sancet,es ESP,MF,Athletic Club,es La Liga,25.0,2000.0,28,22,1788,19.9,4,0,4,2,2,2,4,1,0.1,,,,,,,,,,,,,,,48,15,31.3,2.42,0.76,0.04,0.13,64,52.3,71.0,2,6,37.0,0,1.0,17,25,-8,-0.4,-0.02,0,28,28,0,23,3,14,0
2334,Alexis Sánchez,cl CHI,"FW,MF",Sevilla,es La Liga,36.0,1988.0,28,11,1308,14.5,4,2,6,3,1,1,3,0,0.34,,,,,,,,,,,,,,,25,9,36.0,1.72,0.62,0.12,0.33,47,38.2,74.0,3,17,29.0,3,1.14,20,32,-12,-0.83,-0.74,0,16,26,13,25,7,13,0
2335,Antonio Sánchez,es ESP,"MF,DF",Mallorca,es La Liga,28.0,1997.0,30,9,1073,11.9,0,0,0,0,0,0,5,1,0.0,,,,,,,,,,,,,,,6,3,50.0,0.5,0.25,0.0,0.0,36,31.4,75.0,1,21,19.0,7,1.23,15,21,-6,-0.5,-0.35,1,16,10,1,29,16,12,0
2336,Juanlu Sánchez,es ESP,"MF,DF",Sevilla,es La Liga,21.0,2003.0,32,23,1990,22.1,0,3,3,0,0,0,6,1,0.14,,,,,,,,,,,,,,,14,1,7.1,0.63,0.05,0.0,0.0,62,58.2,75.0,9,9,29.0,3,0.94,24,36,-12,-0.54,-0.42,1,23,42,4,59,11,42,0
2338,Manu Sánchez,es ESP,DF,Levante,es La Liga,24.0,2000.0,33,31,2814,31.3,1,2,3,1,0,0,8,0,0.1,,,,,,,,,,,,,,,13,4,30.8,0.42,0.13,0.08,0.25,85,82.3,88.0,25,2,38.0,4,1.15,37,45,-8,-0.26,0.64,0,35,20,2,75,35,54,0
2339,Robert Sánchez,es ESP,GK,Chelsea,eng Premier League,27.0,1997.0,35,35,3039,33.8,0,1,1,0,0,0,3,1,0.03,49.0,1.45,145.0,97.0,67.6,13.0,8.0,14.0,9.0,25.7,2.0,2.0,0.0,0.0,0,0,,0.0,0.0,,,87,88.9,87.0,33,0,,1,1.34,50,47,3,0.09,-0.62,0,2,13,0,0,1,0,0
2343,Philipp Sander,de GER,"DF,MF",Gladbach,de Bundesliga,27.0,1998.0,30,29,2445,27.2,2,0,2,2,0,0,4,0,0.07,,,,,,,,,,,,,,,25,8,32.0,0.92,0.29,0.08,0.25,82,79.9,83.0,18,1,30.0,1,1.0,35,39,-4,-0.15,0.88,0,28,14,0,28,50,42,1
2344,James Sands,us USA,MF,St Pauli,de Bundesliga,25.0,2000.0,24,23,1934,21.5,1,0,1,1,0,0,4,0,0.05,,,,,,,,,,,,,,,16,4,25.0,0.74,0.19,0.06,0.25,81,63.2,84.0,15,1,11.0,0,1.0,17,34,-17,-0.79,0.33,0,26,38,0,9,41,23,0
2346,Sadibou Sané,sn SEN,DF,Metz,fr Ligue 1,21.0,2004.0,23,22,1940,21.6,2,1,3,2,0,0,5,2,0.14,,,,,,,,,,,,,,,6,2,33.3,0.28,0.09,0.33,1.0,84,63.4,87.0,20,1,17.0,3,0.26,17,48,-31,-1.44,-0.39,0,22,15,0,4,39,34,1
2347,Arouna Sangante,sn SEN,DF,Le Havre,fr Ligue 1,23.0,2002.0,28,28,2324,25.8,1,1,2,1,0,0,4,2,0.08,,,,,,,,,,,,,,,9,5,55.6,0.35,0.19,0.11,0.2,83,75.9,83.0,17,0,,0,1.04,23,33,-10,-0.39,-0.14,0,42,41,0,8,36,25,0
2349,Ibrahim Sangaré,ci CIV,MF,Nottingham Forest,eng Premier League,27.0,1997.0,28,25,2075,23.1,2,2,4,2,0,0,5,0,0.17,,,,,,,,,,,,,,,16,5,31.3,0.69,0.22,0.13,0.4,74,60.7,82.0,16,3,12.0,3,1.32,32,26,6,0.26,0.86,0,42,18,0,8,22,32,0
2350,Mamadou Sangare,ml MLI,MF,Lens,fr Ligue 1,23.0,2002.0,29,27,2323,25.8,3,4,7,3,0,0,5,0,0.27,,,,,,,,,,,,,,,53,14,26.4,2.05,0.54,0.06,0.21,80,75.9,84.0,20,2,33.0,0,2.1,47,29,18,0.7,-0.89,0,34,43,3,7,40,54,0
2351,Nhoa Sangui,fr FRA,DF,Paris FC,fr Ligue 1,19.0,2006.0,26,18,1737,19.3,0,0,0,0,0,0,0,0,0.0,,,,,,,,,,,,,,,4,1,25.0,0.21,0.05,0.0,0.0,67,56.8,89.0,16,8,16.0,0,1.35,24,29,-5,-0.26,-0.4,0,5,17,2,37,21,14,0
2353,Kaishu Sano,jp JPN,MF,Mainz 05,de Bundesliga,24.0,2000.0,34,34,3059,34.0,1,2,3,1,0,0,1,0,0.09,,,,,,,,,,,,,,,24,6,25.0,0.71,0.18,0.04,0.17,90,100.0,90.0,33,0,,0,1.18,44,53,-9,-0.26,-0.26,0,14,29,4,18,67,31,0
2354,Morgan Sanson,fr FRA,MF,Nice,fr Ligue 1,30.0,1994.0,31,20,1772,19.7,0,2,2,0,0,0,4,0,0.1,,,,,,,,,,,,,,,19,4,21.1,0.97,0.2,0.0,0.0,57,57.9,79.0,7,11,17.0,0,0.9,14,39,-25,-1.27,-1.41,0,35,21,2,39,24,25,0
2359,Andrey Santos,br BRA,MF,Chelsea,eng Premier League,21.0,2004.0,27,13,1260,14.0,1,0,1,1,0,0,4,0,0.07,,,,,,,,,,,,,,,11,2,18.2,0.79,0.14,0.09,0.5,47,36.8,71.0,4,14,24.0,10,1.48,21,18,3,0.21,0.09,0,13,22,1,2,18,21,0
2360,Kauã Santos,br BRA,GK,Eintracht Frankfurt,de Bundesliga,22.0,2003.0,13,13,1084,12.0,0,0,0,0,0,0,0,0,0.0,32.0,2.66,68.0,37.0,54.4,3.0,4.0,6.0,2.0,15.4,1.0,1.0,0.0,0.0,0,0,,0.0,0.0,,,83,35.4,83.0,12,0,,12,1.0,27,32,-5,-0.42,-0.46,0,0,3,0,0,0,1,0
2366,Amin Sarr,se SWE,"FW,MF",Hellas Verona,it Serie A,24.0,2001.0,34,9,1102,12.2,0,1,1,0,0,0,2,1,0.08,,,,,,,,,,,,,,,19,6,31.6,1.55,0.49,0.0,0.0,32,32.2,66.0,0,25,20.0,2,0.56,8,33,-25,-2.04,-1.61,1,25,22,7,12,4,9,0
2368,Ismaila Sarr,sn SEN,MF,Crystal Palace,eng Premier League,27.0,1998.0,28,24,2174,24.2,9,1,10,6,3,3,2,0,0.29,,,,,,,,,,,,,,,48,21,43.8,1.99,0.87,0.13,0.29,78,63.6,85.0,18,4,34.0,0,1.18,31,29,2,0.08,0.95,0,12,42,14,24,7,9,0
2369,Malang Sarr,fr FRA,DF,Lens,fr Ligue 1,26.0,1999.0,33,33,2925,32.5,0,1,1,0,0,0,4,0,0.03,,,,,,,,,,,,,,,23,5,21.7,0.71,0.15,0.0,0.0,89,95.6,89.0,32,0,,0,2.12,65,33,32,0.98,1.65,0,21,24,0,10,76,44,0
2370,Mamadou Sarr,sn SEN,DF,Strasbourg,fr Ligue 1,19.0,2005.0,15,15,1305,14.5,0,0,0,0,0,0,3,0,0.0,,,,,,,,,,,,,,,1,0,0.0,0.07,0.0,0.0,,87,42.6,87.0,14,0,,0,1.47,21,16,5,0.34,0.04,0,16,11,0,0,5,13,0
2372,Martin Satriano,uy URU,"FW,MF",Getafe,es La Liga,24.0,2001.0,18,18,1603,17.8,6,1,7,6,0,0,5,0,0.39,,,,,,,,,,,,,,,35,14,40.0,1.97,0.79,0.17,0.43,89,46.9,89.0,14,0,,0,1.5,16,13,3,0.17,0.61,0,21,31,4,21,9,13,0
2377,Nicolò Savona,it ITA,DF,Nottingham Forest,eng Premier League,22.0,2003.0,14,11,1028,11.4,2,0,2,2,0,0,2,0,0.18,,,,,,,,,,,,,,,5,3,60.0,0.44,0.26,0.4,0.67,73,30.1,85.0,9,3,31.0,4,0.93,13,18,-5,-0.44,-0.51,0,12,5,1,27,5,12,0
2378,Joe Scally,us USA,"DF,MF",Gladbach,de Bundesliga,22.0,2002.0,32,29,2608,29.0,2,3,5,2,0,0,8,0,0.17,,,,,,,,,,,,,,,16,10,62.5,0.55,0.35,0.13,0.2,82,85.2,88.0,23,3,18.0,1,1.19,38,40,-2,-0.07,1.72,0,33,51,3,47,18,27,1
2379,Giorgio Scalvini,it ITA,DF,Atalanta,it Serie A,21.0,2003.0,24,23,1808,20.1,3,1,4,3,0,0,2,0,0.2,,,,,,,,,,,,,,,20,6,30.0,1.0,0.3,0.15,0.5,75,52.9,78.0,12,1,24.0,5,1.75,29,15,14,0.7,0.64,0,31,10,2,5,38,23,0
2380,Gianluca Scamacca,it ITA,FW,Atalanta,it Serie A,26.0,1999.0,24,16,1315,14.6,10,1,11,8,2,2,2,0,0.62,,,,,,,,,,,,,,,57,22,38.6,3.9,1.51,0.14,0.36,55,38.5,67.0,5,8,30.0,7,1.25,20,14,6,0.41,0.03,0,26,19,8,0,3,5,0
2383,Kevin Schade,de GER,"MF,FW",Brentford,eng Premier League,23.0,2001.0,35,32,2745,30.5,8,3,11,8,0,1,6,1,0.36,,,,,,,,,,,,,,,57,24,42.1,1.87,0.79,0.14,0.33,78,80.3,82.0,18,3,39.0,0,1.37,41,34,7,0.23,0.76,0,50,43,10,23,19,27,0
2384,András Schäfer,hu HUN,MF,Union Berlin,de Bundesliga,26.0,1999.0,28,16,1421,15.8,2,1,3,2,0,0,2,1,0.19,,,,,,,,,,,,,,,27,10,37.0,1.71,0.63,0.07,0.2,51,46.4,74.0,6,12,20.0,1,1.07,21,22,-1,-0.06,0.65,0,32,22,0,18,20,22,0
2385,Fabian Schär,ch SUI,DF,Newcastle United,eng Premier League,33.0,1991.0,16,11,1091,12.1,0,0,0,0,0,0,1,0,0.0,,,,,,,,,,,,,,,17,4,23.5,1.4,0.33,0.0,0.0,68,31.9,88.0,9,5,25.0,3,1.75,16,13,3,0.25,0.44,0,15,7,1,4,16,9,0
2387,Derry Scherhant,de GER,MF,Freiburg,de Bundesliga,22.0,2002.0,31,12,1301,14.5,5,1,6,5,0,0,2,0,0.42,,,,,,,,,,,,,,,36,13,36.1,2.49,0.9,0.14,0.38,42,42.5,75.0,2,19,21.0,3,1.39,26,24,2,0.14,0.55,0,19,36,4,72,7,9,0
2388,Patrik Schick,cz CZE,FW,Leverkusen,de Bundesliga,29.0,1996.0,28,23,1988,22.1,16,3,19,12,4,5,2,0,0.68,,,,,,,,,,,,,,,72,34,47.2,3.26,1.54,0.17,0.35,71,65.0,80.0,11,5,29.0,0,1.64,44,29,15,0.68,0.18,0,22,20,6,0,3,4,0
2390,Xaver Schlager,at AUT,MF,RB Leipzig,de Bundesliga,27.0,1997.0,26,21,1837,20.4,3,1,4,3,0,0,6,0,0.2,,,,,,,,,,,,,,,21,7,33.3,1.03,0.34,0.14,0.43,71,60.0,83.0,16,5,21.0,1,1.88,40,29,11,0.54,-0.05,0,25,16,2,11,7,25,0
2391,Keven Schlotterbeck,de GER,DF,Augsburg,de Bundesliga,28.0,1997.0,24,22,2031,22.6,0,1,1,0,0,1,7,1,0.04,,,,,,,,,,,,,,,12,3,25.0,0.53,0.13,0.0,0.0,85,66.4,90.0,21,2,31.0,7,1.29,29,36,-7,-0.31,0.48,1,25,20,1,6,33,25,0
2392,Nico Schlotterbeck,de GER,DF,Dortmund,de Bundesliga,25.0,1999.0,28,28,2520,28.0,5,1,6,5,0,0,8,0,0.21,,,,,,,,,,,,,,,32,9,28.1,1.14,0.32,0.16,0.56,90,82.4,90.0,28,0,,0,2.11,55,29,26,0.93,-0.74,0,30,27,1,31,24,38,0
2394,Romano Schmid,at AUT,"MF,FW",Werder Bremen,de Bundesliga,25.0,2000.0,34,34,2982,33.1,4,8,12,1,3,4,4,0,0.27,,,,,,,,,,,,,,,57,21,36.8,1.72,0.63,0.02,0.05,88,97.5,88.0,23,0,,0,0.94,34,57,-23,-0.69,-0.69,0,19,31,5,154,13,28,0
2396,Joël Schmied,ch SUI,DF,Köln,de Bundesliga,26.0,1998.0,16,13,1078,12.0,0,0,0,0,0,0,5,0,0.0,,,,,,,,,,,,,,,5,0,0.0,0.42,0.0,0.0,,67,35.2,77.0,7,3,25.0,3,1.0,18,27,-9,-0.75,-0.52,0,16,8,0,5,11,9,0
2398,Jan Schöppner,de GER,MF,Heidenheim,de Bundesliga,26.0,1999.0,31,29,2252,25.0,3,3,6,3,0,0,5,0,0.24,,,,,,,,,,,,,,,25,7,28.0,1.0,0.28,0.12,0.43,73,73.6,76.0,15,2,28.0,2,0.81,26,51,-25,-1.0,-0.33,0,21,17,3,14,32,17,0
2399,Marvin Schwäbe,de GER,GK,Köln,de Bundesliga,30.0,1995.0,34,34,3060,34.0,0,0,0,0,0,0,2,0,0.0,63.0,1.85,148.0,92.0,60.8,7.0,11.0,16.0,3.0,8.8,7.0,5.0,2.0,0.0,0,0,,0.0,0.0,,,90,100.0,90.0,34,0,,0,0.94,49,63,-14,-0.41,,0,1,4,0,0,3,1,0
2401,Alex Scott,eng ENG,MF,Bournemouth,eng Premier League,21.0,2003.0,37,34,2849,31.7,3,1,4,3,0,0,5,0,0.13,,,,,,,,,,,,,,,44,13,29.5,1.39,0.41,0.07,0.23,77,83.3,80.0,19,3,39.0,0,1.51,50,42,8,0.25,0.88,0,45,60,1,88,35,38,0
2403,Sebastian Sebulonsen,no NOR,"DF,MF",Köln,de Bundesliga,25.0,2000.0,31,28,2498,27.8,0,0,0,0,0,0,5,0,0.0,,,,,,,,,,,,,,,31,5,16.1,1.12,0.18,0.0,0.0,81,81.6,85.0,20,3,36.0,0,1.0,35,52,-17,-0.61,-1.09,0,11,9,4,67,17,26,0
2406,Alidu Seidu,gh GHA,DF,Rennes,fr Ligue 1,25.0,2000.0,21,13,1186,13.2,0,1,1,0,0,0,1,0,0.08,,,,,,,,,,,,,,,5,1,20.0,0.38,0.08,0.0,0.0,56,38.8,76.0,6,8,25.0,11,1.57,25,24,1,0.08,-0.31,0,16,31,3,11,17,22,0
2408,Nicolas Seiwald,at AUT,MF,RB Leipzig,de Bundesliga,24.0,2001.0,33,31,2694,29.9,0,2,2,0,0,0,2,0,0.07,,,,,,,,,,,,,,,20,7,35.0,0.67,0.23,0.0,0.0,82,88.0,85.0,19,2,23.0,0,1.88,57,37,20,0.67,0.91,0,18,6,0,6,60,47,0
2409,Ayumu Seko,jp JPN,"MF,DF",Le Havre,fr Ligue 1,25.0,2000.0,30,29,2625,29.2,0,0,0,0,0,0,6,0,0.0,,,,,,,,,,,,,,,17,6,35.3,0.58,0.21,0.0,0.0,88,85.8,90.0,28,1,22.0,0,0.87,25,38,-13,-0.45,-0.65,0,28,20,1,5,35,24,1
2410,Matz Sels,be BEL,GK,Nottingham Forest,eng Premier League,33.0,1992.0,31,30,2668,29.6,0,0,0,0,0,0,2,0,0.0,39.0,1.32,127.0,93.0,72.4,10.0,10.0,10.0,7.0,23.3,5.0,4.0,1.0,0.0,0,0,,0.0,0.0,,,86,78.0,89.0,29,1,13.0,3,1.29,42,39,3,0.1,0.82,0,0,4,0,0,0,1,0
2411,Antoine Semenyo,gh GHA,MF,Bournemouth,eng Premier League,25.0,2000.0,20,20,1798,20.0,10,3,13,9,1,2,6,0,0.6,,,,,,,,,,,,,,,49,27,55.1,2.45,1.35,0.18,0.33,90,52.6,90.0,18,0,,0,1.25,31,38,-7,-0.35,-0.96,0,37,14,12,28,6,20,0
2412,Antoine Semenyo,gh GHA,"MF,FW",Manchester City,eng Premier League,25.0,2000.0,17,17,1397,15.5,7,1,8,7,0,0,1,0,0.52,,,,,,,,,,,,,,,34,14,41.2,2.19,0.9,0.21,0.5,82,40.8,82.0,9,0,,0,2.06,28,14,14,0.9,-0.34,0,17,7,7,21,6,11,0
2413,Adrian Šemper,hr CRO,GK,Pisa,it Serie A,27.0,1998.0,25,25,2250,25.0,0,0,0,0,0,0,0,0,0.0,42.0,1.68,122.0,82.0,67.2,1.0,9.0,15.0,4.0,16.0,2.0,2.0,0.0,0.0,0,0,,0.0,0.0,,,90,65.8,90.0,25,0,,8,0.48,16,42,-26,-1.04,0.42,0,0,6,0,0,0,0,0
2414,Marvin Senaya,gh GHA,"DF,MF",Auxerre,fr Ligue 1,24.0,2001.0,25,20,1780,19.8,1,0,1,1,0,0,5,0,0.05,,,,,,,,,,,,,,,15,5,33.3,0.76,0.25,0.07,0.2,71,58.2,84.0,12,5,21.0,5,0.8,14,28,-14,-0.71,-0.99,0,26,32,1,42,34,31,0
2415,Marcos Senesi,ar ARG,DF,Bournemouth,eng Premier League,28.0,1997.0,37,37,3288,36.5,0,5,5,0,0,0,8,0,0.14,,,,,,,,,,,,,,,17,5,29.4,0.47,0.14,0.0,0.0,89,96.1,89.0,35,0,,0,1.54,56,53,3,0.08,-0.6,0,35,37,1,28,50,34,0
2416,Suat Serdar,de GER,MF,Hellas Verona,it Serie A,28.0,1997.0,20,12,1108,12.3,2,0,2,2,0,0,3,0,0.16,,,,,,,,,,,,,,,19,7,36.8,1.54,0.57,0.11,0.29,55,32.4,78.0,4,8,21.0,0,0.55,8,24,-16,-1.3,-0.52,0,19,12,1,7,10,20,0
2419,Benjamin Šeško,si SVN,FW,Manchester Utd,eng Premier League,22.0,2003.0,30,17,1643,18.3,11,1,12,11,0,0,2,0,0.66,,,,,,,,,,,,,,,61,34,55.7,3.34,1.86,0.18,0.32,55,48.0,79.0,8,13,23.0,1,1.8,37,30,7,0.38,-0.22,0,17,6,7,2,3,3,0
2420,Ryan Sessegnon,eng ENG,"DF,MF",Fulham,eng Premier League,25.0,2000.0,27,20,1823,20.3,3,1,4,3,0,0,0,0,0.2,,,,,,,,,,,,,,,16,4,25.0,0.79,0.2,0.19,0.75,68,53.3,85.0,14,7,19.0,1,1.33,32,29,3,0.15,0.54,0,33,3,4,55,23,29,0
2422,Luke Shaw,eng ENG,DF,Manchester Utd,eng Premier League,30.0,1995.0,38,38,3219,35.8,1,1,2,1,0,0,9,0,0.06,,,,,,,,,,,,,,,10,3,30.0,0.28,0.08,0.1,0.33,85,94.1,85.0,23,0,,0,1.87,66,45,21,0.59,1.48,0,48,20,0,54,43,45,0
2424,Kwasi Sibo,gh GHA,MF,Oviedo,es La Liga,27.0,1998.0,26,21,1681,18.7,0,0,0,0,0,0,3,1,0.0,,,,,,,,,,,,,,,9,2,22.2,0.48,0.11,0.0,0.0,65,49.2,75.0,9,5,21.0,10,0.88,16,26,-10,-0.54,0.71,0,30,4,0,2,14,20,0
2425,Djibril Sidibé,fr FRA,"MF,DF",Toulouse,fr Ligue 1,33.0,1992.0,33,26,2231,24.8,3,4,7,2,1,2,1,0,0.24,,,,,,,,,,,,,,,8,5,62.5,0.32,0.2,0.25,0.4,68,72.9,82.0,13,7,14.0,1,1.3,31,34,-3,-0.12,-0.56,0,30,14,5,58,18,32,0
2427,Jamil Siebert,de GER,DF,Lecce,it Serie A,23.0,2002.0,21,18,1701,18.9,1,0,1,1,0,0,3,0,0.05,,,,,,,,,,,,,,,6,2,33.3,0.32,0.11,0.17,0.5,81,49.7,89.0,17,3,31.0,17,1.0,11,29,-18,-0.95,-0.74,0,22,7,1,5,15,15,0
2429,Tim Siersleben,de GER,DF,Heidenheim,de Bundesliga,25.0,2000.0,15,12,1081,12.0,0,0,0,0,0,0,2,0,0.0,,,,,,,,,,,,,,,5,3,60.0,0.42,0.25,0.0,0.0,72,35.3,85.0,9,3,19.0,16,0.73,16,29,-13,-1.08,-0.26,0,13,13,1,13,21,16,0
2431,André Silva,pt POR,FW,Elche,es La Liga,29.0,1995.0,31,22,1849,20.5,10,0,10,7,3,3,3,0,0.34,,,,,,,,,,,,,,,57,29,50.9,2.77,1.41,0.12,0.24,60,54.1,78.0,10,9,15.0,2,1.0,23,35,-12,-0.58,-0.81,0,24,34,6,3,4,8,0
2432,Bernardo Silva,pt POR,MF,Manchester City,eng Premier League,30.0,1994.0,38,34,2872,31.9,2,4,6,2,0,0,10,0,0.19,,,,,,,,,,,,,,,30,7,23.3,0.94,0.22,0.07,0.29,76,84.0,82.0,14,4,23.0,0,2.05,67,30,37,1.16,0.34,0,36,22,5,72,21,28,0
2433,Caio Henrique Oliveira Silva,br BRA,"DF,MF",Monaco,fr Ligue 1,28.0,1997.0,22,17,1536,17.1,0,2,2,0,0,0,2,0,0.12,,,,,,,,,,,,,,,2,0,0.0,0.12,0.0,0.0,,70,50.2,85.0,14,5,19.0,2,1.55,24,24,0,0.0,-0.35,0,13,17,1,90,12,11,0
2438,Giovanni Simeone,ar ARG,FW,Torino,it Serie A,30.0,1995.0,32,27,2230,24.8,11,0,11,11,0,0,1,0,0.44,,,,,,,,,,,,,,,78,28,35.9,3.15,1.13,0.14,0.39,70,65.2,77.0,6,5,32.0,2,1.31,29,37,-8,-0.32,0.51,0,31,41,18,9,5,9,0
2439,Giuliano Simeone,ar ARG,MF,Atlético Madrid,es La Liga,22.0,2002.0,31,25,2099,23.3,4,6,10,4,0,0,2,0,0.43,,,,,,,,,,,,,,,36,14,38.9,1.54,0.6,0.11,0.29,68,61.4,75.0,7,6,35.0,2,1.9,42,26,16,0.69,0.55,0,21,40,7,48,20,25,0
2440,Moses Simon,ng NGA,"MF,FW",Paris FC,fr Ligue 1,30.0,1995.0,29,25,2001,22.2,3,3,6,3,0,0,1,0,0.27,,,,,,,,,,,,,,,34,11,32.4,1.53,0.49,0.09,0.27,69,65.4,75.0,1,4,33.0,2,1.28,31,30,1,0.04,0.38,0,15,19,11,143,8,11,0
2441,Unai Simón,es ESP,GK,Athletic Club,es La Liga,28.0,1997.0,37,37,3330,37.0,0,0,0,0,0,0,1,0,0.0,54.0,1.46,146.0,97.0,65.1,13.0,6.0,18.0,6.0,16.2,6.0,3.0,2.0,1.0,0,0,,0.0,0.0,,,90,97.4,90.0,37,0,,1,1.22,41,54,-13,-0.35,1.65,0,0,8,0,0,0,0,0
2442,Xavi Simons,nl NED,"MF,FW",Tottenham Hotspur,eng Premier League,22.0,2003.0,28,19,1755,19.5,2,5,7,2,0,0,5,1,0.36,,,,,,,,,,,,,,,42,10,23.8,2.15,0.51,0.05,0.2,63,51.3,78.0,10,9,30.0,0,0.82,26,33,-7,-0.36,-0.25,0,21,44,0,51,15,20,0
2445,Danel Sinani,lu LUX,"MF,FW",St Pauli,de Bundesliga,28.0,1997.0,30,23,2069,23.0,5,3,8,2,3,3,4,0,0.22,,,,,,,,,,,,,,,49,18,36.7,2.13,0.78,0.04,0.11,69,67.6,83.0,15,7,22.0,2,0.77,18,43,-25,-1.09,-0.54,0,39,27,10,135,5,16,0
2447,Lassine Sinayoko,ml MLI,"FW,MF",Auxerre,fr Ligue 1,25.0,1999.0,32,32,2770,30.8,12,4,16,9,3,4,8,0,0.42,,,,,,,,,,,,,,,93,39,41.9,3.02,1.27,0.1,0.23,87,90.5,87.0,21,0,,0,1.06,33,37,-4,-0.13,1.73,0,30,53,13,32,26,26,0
2449,Antonio Sivera,es ESP,GK,Alavés,es La Liga,28.0,1996.0,38,38,3420,38.0,0,0,0,0,0,0,3,0,0.0,56.0,1.47,148.0,97.0,65.5,11.0,10.0,17.0,5.0,13.2,5.0,5.0,0.0,0.0,0,0,,0.0,0.0,,,90,100.0,90.0,38,0,,0,1.13,44,56,-12,-0.32,,0,1,1,0,0,0,1,1
2452,Ellyes Skhiri,tn TUN,"MF,DF",Eintracht Frankfurt,de Bundesliga,30.0,1995.0,25,16,1444,16.0,0,0,0,0,0,0,3,1,0.0,,,,,,,,,,,,,,,8,0,0.0,0.5,0.0,0.0,,58,47.2,81.0,9,9,17.0,5,1.36,24,36,-12,-0.75,-1.19,1,11,13,0,3,25,8,0
2453,Leo Skiri Østigård,no NOR,DF,Genoa,it Serie A,25.0,1999.0,30,30,2622,29.1,5,1,6,5,0,0,7,0,0.21,,,,,,,,,,,,,,,22,12,54.5,0.76,0.41,0.23,0.42,87,76.7,87.0,28,0,,2,1.13,31,38,-7,-0.24,0.1,0,38,15,3,1,30,27,0
2455,Łukasz Skorupski,pl POL,GK,Bologna,it Serie A,34.0,1991.0,19,19,1592,17.7,0,0,0,0,0,0,1,1,0.0,18.0,1.02,49.0,33.0,67.3,10.0,4.0,5.0,8.0,42.1,2.0,2.0,0.0,0.0,0,0,,0.0,0.0,,,84,46.5,84.0,17,0,,4,1.79,26,15,11,0.62,1.02,0,1,8,0,0,0,0,0
2459,Adam Smith,eng ENG,DF,Bournemouth,eng Premier League,34.0,1991.0,22,14,1077,12.0,0,2,2,0,0,0,3,0,0.17,,,,,,,,,,,,,,,0,0,,0.0,0.0,,,49,31.5,73.0,5,8,7.0,11,1.45,18,16,2,0.17,0.09,0,19,11,0,13,10,12,0
2460,Eric Smith,se SWE,"DF,MF",St Pauli,de Bundesliga,28.0,1997.0,27,26,2311,25.7,2,2,4,2,0,0,4,1,0.16,,,,,,,,,,,,,,,12,5,41.7,0.47,0.19,0.17,0.4,86,75.5,87.0,23,1,45.0,0,0.74,22,43,-21,-0.82,0.38,0,15,29,1,64,24,23,0
2461,Emile Smith Rowe,eng ENG,MF,Fulham,eng Premier League,25.0,2000.0,37,22,1923,21.4,3,0,3,3,0,0,1,0,0.14,,,,,,,,,,,,,,,36,11,30.6,1.68,0.51,0.08,0.27,52,56.2,73.0,1,15,21.0,0,1.38,27,28,-1,-0.05,0.13,0,10,17,3,13,22,22,0
2462,Ivan Smolčić,hr CRO,DF,Como,it Serie A,24.0,2000.0,28,19,1662,18.5,0,1,1,0,0,0,8,0,0.05,,,,,,,,,,,,,,,12,4,33.3,0.65,0.22,0.0,0.0,59,48.6,77.0,8,9,22.0,9,2.0,26,10,16,0.87,-0.16,0,26,17,0,29,23,24,0
2467,Dominic Solanke,eng ENG,FW,Tottenham Hotspur,eng Premier League,27.0,1997.0,15,11,1001,11.1,3,0,3,3,0,0,1,0,0.27,,,,,,,,,,,,,,,20,11,55.0,1.8,0.99,0.15,0.27,67,29.3,83.0,7,4,23.0,1,0.87,11,21,-10,-0.9,-0.94,0,12,9,3,2,3,16,0
2468,Carlos Soler,es ESP,MF,Real Sociedad,es La Liga,28.0,1997.0,33,26,2317,25.7,4,3,7,4,0,0,3,1,0.27,,,,,,,,,,,,,,,35,19,54.3,1.36,0.74,0.11,0.21,70,67.7,81.0,10,7,31.0,1,1.21,37,39,-2,-0.08,-0.08,0,28,20,0,73,16,22,0
2470,Oumar Solet,fr FRA,DF,Udinese,it Serie A,25.0,2000.0,35,34,2959,32.9,3,1,4,2,1,1,1,0,0.09,,,,,,,,,,,,,,,33,6,18.2,1.0,0.18,0.06,0.33,85,86.5,87.0,31,1,16.0,1,1.31,39,42,-3,-0.09,-0.09,0,30,29,2,20,47,57,1
2476,Yann Sommer,ch SUI,GK,Inter,it Serie A,36.0,1988.0,33,33,2960,32.9,0,0,0,0,0,0,0,0,0.0,30.0,0.91,91.0,64.0,71.4,23.0,5.0,5.0,15.0,45.5,4.0,4.0,0.0,0.0,0,0,,0.0,0.0,,,90,86.5,90.0,32,0,,5,2.24,76,30,46,1.4,-0.17,0,0,2,0,0,0,0,0
2478,David Soria,es ESP,GK,Getafe,es La Liga,32.0,1993.0,38,38,3420,38.0,0,0,0,0,0,0,2,0,0.0,38.0,1.0,151.0,115.0,75.5,15.0,6.0,17.0,12.0,31.6,4.0,1.0,2.0,1.0,0,0,,0.0,0.0,,,90,100.0,90.0,38,0,,0,1.34,32,38,-6,-0.16,,0,0,3,0,0,0,0,0
2480,Hugo Sotelo,es ESP,MF,Celta Vigo,es La Liga,21.0,2003.0,20,16,1338,14.9,0,2,2,0,0,0,3,0,0.13,,,,,,,,,,,,,,,2,1,50.0,0.13,0.07,0.0,0.0,67,39.1,78.0,7,4,24.0,14,1.1,27,25,2,0.13,0.0,0,27,13,0,44,13,16,0
2482,Riccardo Sottil,it ITA,"FW,MF",Lecce,it Serie A,26.0,1999.0,21,13,1066,11.8,1,2,3,1,0,0,1,0,0.25,,,,,,,,,,,,,,,20,3,15.0,1.69,0.25,0.05,0.33,51,31.2,66.0,0,8,25.0,4,0.86,6,14,-8,-0.68,-0.14,0,10,27,4,100,2,2,0
2483,Tomáš Souček,cz CZE,MF,West Ham United,eng Premier League,30.0,1995.0,35,24,2200,24.4,5,0,5,5,0,0,3,1,0.2,,,,,,,,,,,,,,,26,14,53.8,1.06,0.57,0.19,0.36,63,64.3,83.0,15,11,19.0,0,1.09,32,41,-9,-0.37,0.37,0,37,22,5,14,16,23,0
2484,Matìas Soulé,ar ARG,"MF,FW",Roma,it Serie A,22.0,2003.0,33,28,2139,23.8,6,5,11,6,0,0,1,0,0.46,,,,,,,,,,,,,,,52,18,34.6,2.19,0.76,0.12,0.33,65,62.5,72.0,1,5,26.0,0,2.0,37,17,20,0.84,0.28,0,7,41,6,70,9,15,0
2486,Sambou Soumano,sn SEN,FW,Lorient,fr Ligue 1,24.0,2001.0,31,8,941,10.5,4,2,6,4,0,1,2,0,0.57,,,,,,,,,,,,,,,28,10,35.7,2.68,0.96,0.14,0.4,30,30.8,66.0,0,23,18.0,2,1.23,15,17,-2,-0.19,-0.15,0,16,18,10,0,4,4,0
2487,Issa Soumaré,sn SEN,"FW,MF",Le Havre,fr Ligue 1,24.0,2000.0,34,33,2948,32.8,8,5,13,7,1,3,3,0,0.37,,,,,,,,,,,,,,,77,28,36.4,2.35,0.85,0.09,0.25,87,96.3,88.0,32,1,45.0,0,1.03,31,43,-12,-0.37,-0.37,0,56,74,14,61,12,20,0
2489,Vinicius Souza,br BRA,MF,Wolfsburg,de Bundesliga,26.0,1999.0,24,22,1764,19.6,0,0,0,0,0,0,5,0,0.0,,,,,,,,,,,,,,,9,2,22.2,0.46,0.1,0.0,0.0,74,57.6,80.0,12,2,3.0,8,0.88,24,35,-11,-0.56,0.34,0,40,23,0,4,25,32,0
2490,Djibril Sow,ch SUI,MF,Sevilla,es La Liga,28.0,1997.0,33,27,2187,24.3,5,4,9,5,0,0,6,0,0.37,,,,,,,,,,,,,,,19,8,42.1,0.78,0.33,0.26,0.63,66,63.9,76.0,10,6,22.0,2,1.0,27,43,-16,-0.66,-0.8,0,42,29,3,22,23,27,0
2491,Djed Spence,eng ENG,"DF,MF",Tottenham Hotspur,eng Premier League,24.0,2000.0,30,23,2055,22.8,0,0,0,0,0,0,4,0,0.0,,,,,,,,,,,,,,,13,8,61.5,0.57,0.35,0.0,0.0,69,60.1,83.0,16,7,21.0,4,1.2,30,31,-1,-0.04,0.48,0,28,21,4,49,15,25,0
2492,Leonardo Spinazzola,it ITA,"MF,DF",Napoli,it Serie A,32.0,1993.0,32,22,1901,21.1,3,3,6,3,0,0,2,0,0.28,,,,,,,,,,,,,,,21,7,33.3,0.99,0.33,0.14,0.43,59,55.6,76.0,8,10,22.0,2,2.0,35,20,15,0.71,0.3,0,9,10,2,73,4,10,0
2494,Anton Stach,de GER,MF,Leeds United,eng Premier League,26.0,1998.0,29,28,2370,26.3,5,3,8,5,0,0,3,0,0.3,,,,,,,,,,,,,,,55,14,25.5,2.09,0.53,0.09,0.36,82,69.3,84.0,19,1,31.0,1,1.03,31,36,-5,-0.19,-0.02,0,36,24,0,155,19,35,0
2495,Jens Stage,dk DEN,MF,Werder Bremen,de Bundesliga,28.0,1996.0,29,29,2460,27.3,10,2,12,10,0,0,5,0,0.44,,,,,,,,,,,,,,,56,21,37.5,2.05,0.77,0.18,0.48,85,80.4,85.0,21,0,,0,0.97,26,45,-19,-0.7,-0.1,0,35,30,3,14,18,32,0
2496,Benjamin Stambouli,fr FRA,MF,Metz,fr Ligue 1,34.0,1990.0,19,10,960,10.7,0,0,0,0,0,0,0,0,0.0,,,,,,,,,,,,,,,6,1,16.7,0.56,0.09,0.0,0.0,51,31.4,83.0,5,9,15.0,5,0.58,10,26,-16,-1.5,-0.3,0,14,9,0,8,9,16,0
2499,Josip Stanišić,hr CRO,DF,Bayern Munich,de Bundesliga,25.0,2000.0,26,19,1857,20.6,2,3,5,2,0,0,1,0,0.24,,,,,,,,,,,,,,,7,4,57.1,0.34,0.19,0.29,0.5,71,60.7,86.0,15,7,32.0,1,2.62,78,23,55,2.67,0.35,0,8,11,4,36,18,21,0
2500,Carl Starfelt,se SWE,DF,Celta Vigo,es La Liga,30.0,1995.0,19,17,1491,16.6,0,0,0,0,0,0,3,1,0.0,,,,,,,,,,,,,,,4,1,25.0,0.24,0.06,0.0,0.0,78,43.6,86.0,14,2,17.0,1,1.37,22,17,5,0.3,0.3,1,19,8,0,0,16,16,1
2508,Angelo Stiller,de GER,MF,Stuttgart,de Bundesliga,24.0,2001.0,34,30,2743,30.5,2,5,7,2,0,1,1,0,0.23,,,,,,,,,,,,,,,17,8,47.1,0.56,0.26,0.12,0.25,81,89.6,88.0,23,4,26.0,0,1.82,65,43,22,0.72,0.72,0,18,44,0,105,28,23,0
2509,Kevin Stöger,at AUT,MF,Gladbach,de Bundesliga,31.0,1993.0,29,15,1324,14.7,1,1,2,1,0,1,3,0,0.14,,,,,,,,,,,,,,,23,7,30.4,1.56,0.48,0.04,0.14,46,43.3,73.0,2,14,17.0,5,1.0,13,25,-12,-0.82,-0.87,0,23,29,0,61,13,20,0
2512,Jørgen Strand Larsen,no NOR,FW,Crystal Palace,eng Premier League,25.0,2000.0,14,12,903,10.0,3,0,3,3,0,0,2,0,0.3,,,,,,,,,,,,,,,23,7,30.4,2.29,0.7,0.13,0.43,65,26.4,71.0,3,2,26.0,0,1.14,12,15,-3,-0.3,-0.05,0,21,10,1,0,1,0,0
2513,Jørgen Strand Larsen,no NOR,FW,Wolves,eng Premier League,25.0,2000.0,22,14,1404,15.6,1,1,2,0,1,2,2,0,0.06,,,,,,,,,,,,,,,21,7,33.3,1.35,0.45,0.0,0.0,64,41.1,83.0,7,8,31.0,0,0.36,6,26,-20,-1.28,-0.34,0,30,11,9,3,3,2,0
2514,Gabriel Strefezza,br BRA,FW,Parma,it Serie A,28.0,1997.0,14,13,1007,11.2,2,2,4,2,0,0,3,0,0.36,,,,,,,,,,,,,,,24,7,29.2,2.14,0.63,0.08,0.29,72,29.4,75.0,3,1,37.0,0,1.36,8,13,-5,-0.45,0.04,0,21,28,2,41,5,12,0
2515,Pascal Struijk,nl NED,DF,Leeds United,eng Premier League,25.0,1999.0,34,33,2936,32.6,0,1,1,0,0,0,5,0,0.03,,,,,,,,,,,,,,,31,5,16.1,0.95,0.15,0.0,0.0,86,85.8,89.0,31,1,9.0,2,1.18,42,48,-6,-0.18,0.0,0,27,22,5,2,32,22,0
2517,Nikola Štulić,rs SRB,FW,Lecce,it Serie A,23.0,2001.0,34,20,1709,19.0,4,0,4,3,1,1,1,0,0.16,,,,,,,,,,,,,,,33,9,27.3,1.74,0.47,0.09,0.33,50,50.0,70.0,2,14,22.0,3,1.0,15,22,-7,-0.37,0.42,0,37,26,9,1,2,7,0
2518,Denis Suárez,es ESP,MF,Alavés,es La Liga,31.0,1994.0,30,15,1406,15.6,1,2,3,1,0,0,6,0,0.19,,,,,,,,,,,,,,,9,4,44.4,0.58,0.26,0.11,0.25,47,41.1,69.0,0,15,24.0,2,1.07,21,21,0,0.0,0.54,0,20,26,0,41,7,12,0
2519,Gabriel Suazo,cl CHI,"DF,MF",Sevilla,es La Liga,27.0,1997.0,29,25,2096,23.3,0,2,2,0,0,0,7,0,0.09,,,,,,,,,,,,,,,5,2,40.0,0.21,0.09,0.0,0.0,72,61.3,81.0,19,4,18.0,1,1.31,28,37,-9,-0.39,-0.05,0,33,15,2,95,29,62,0
2520,Luka Sučić,hr CRO,"MF,FW",Real Sociedad,es La Liga,22.0,2002.0,22,10,1022,11.4,3,1,4,3,0,0,1,0,0.35,,,,,,,,,,,,,,,23,7,30.4,2.03,0.62,0.13,0.43,46,29.9,70.0,2,12,27.0,13,1.23,22,17,5,0.44,0.7,0,11,6,1,6,5,8,0
2521,Petar Sucic,hr CRO,MF,Inter,it Serie A,21.0,2003.0,34,21,1765,19.6,2,2,4,2,0,0,5,0,0.2,,,,,,,,,,,,,,,22,6,27.3,1.12,0.31,0.09,0.33,52,51.6,74.0,7,13,16.0,3,2.21,42,21,21,1.07,-0.72,0,30,25,0,43,9,25,0
2522,Yukinari Sugawara,jp JPN,"DF,MF",Werder Bremen,de Bundesliga,25.0,2000.0,31,29,2428,27.0,0,6,6,0,0,0,2,1,0.22,,,,,,,,,,,,,,,30,11,36.7,1.11,0.41,0.0,0.0,78,79.3,82.0,20,2,21.0,1,1.03,32,43,-11,-0.41,1.3,0,22,11,2,74,15,22,0
2523,Pavel Šulc,cz CZE,"FW,MF",Lyon,fr Ligue 1,24.0,2000.0,27,17,1566,17.4,11,3,14,11,0,0,3,0,0.8,,,,,,,,,,,,,,,44,18,40.9,2.53,1.03,0.25,0.61,58,51.2,80.0,7,10,20.0,1,1.81,28,22,6,0.34,-0.08,0,28,15,6,13,6,13,0
2527,Kamaldeen Sulemana,gh GHA,MF,Atalanta,it Serie A,23.0,2002.0,25,9,1011,11.2,2,1,3,2,0,0,4,0,0.27,,,,,,,,,,,,,,,25,10,40.0,2.23,0.89,0.08,0.2,40,29.6,70.0,1,16,24.0,9,1.52,17,12,5,0.45,0.07,0,14,14,5,22,2,5,0
2528,Crysencio Summerville,nl NED,"MF,FW",West Ham United,eng Premier League,23.0,2001.0,31,29,2470,27.4,5,2,7,5,0,0,6,0,0.26,,,,,,,,,,,,,,,54,15,27.8,1.97,0.55,0.09,0.33,80,72.2,84.0,14,2,19.0,0,1.16,34,42,-8,-0.29,0.75,0,49,67,6,59,15,26,0
2530,Yuito Suzuki,jp JPN,MF,Freiburg,de Bundesliga,23.0,2001.0,25,18,1632,18.1,4,2,6,4,0,0,3,0,0.33,,,,,,,,,,,,,,,38,14,36.8,2.1,0.77,0.11,0.29,65,53.3,79.0,6,7,31.0,4,1.28,31,31,0,0.0,0.38,0,20,10,2,21,10,12,0
2531,Zion Suzuki,jp JPN,GK,Parma,it Serie A,22.0,2002.0,20,20,1800,20.0,0,0,0,0,0,0,1,0,0.0,28.0,1.4,90.0,65.0,71.1,3.0,7.0,10.0,5.0,25.0,3.0,2.0,1.0,0.0,0,0,,0.0,0.0,,,90,52.6,90.0,20,0,,3,0.8,14,28,-14,-0.7,-0.48,0,0,4,0,0,0,0,0
2533,Daniel Svensson,se SWE,MF,Dortmund,de Bundesliga,23.0,2002.0,33,27,2454,27.3,2,2,4,2,0,0,0,0,0.15,,,,,,,,,,,,,,,12,4,33.3,0.44,0.15,0.17,0.5,74,80.2,86.0,22,6,22.0,1,2.12,54,28,26,0.95,-0.53,0,28,22,2,129,20,26,0
2534,Mile Svilar,rs SRB,GK,Roma,it Serie A,25.0,1999.0,38,38,3420,38.0,0,0,0,0,0,0,0,0,0.0,31.0,0.82,137.0,107.0,78.1,23.0,4.0,11.0,18.0,47.4,1.0,1.0,0.0,0.0,0,0,,0.0,0.0,,,90,100.0,90.0,38,0,,0,1.92,59,31,28,0.74,,0,0,8,0,0,1,1,0
2535,Williot Swedberg,se SWE,"FW,MF",Celta Vigo,es La Liga,21.0,2004.0,29,13,1270,14.1,5,5,10,5,0,0,2,0,0.71,,,,,,,,,,,,,,,23,12,52.2,1.63,0.85,0.22,0.42,44,37.1,63.0,0,16,28.0,2,1.45,19,16,3,0.21,0.13,0,30,34,6,8,4,17,0
2536,Lamine Sy,mr MTN,DF,Auxerre,fr Ligue 1,22.0,2002.0,24,17,1536,17.1,0,0,0,0,0,0,1,0,0.0,,,,,,,,,,,,,,,13,2,15.4,0.76,0.12,0.0,0.0,64,50.2,84.0,12,7,16.0,10,1.04,21,21,0,0.0,0.59,0,24,14,3,47,26,29,0
2541,Dominik Szoboszlai,hu HUN,"MF,DF",Liverpool,eng Premier League,24.0,2000.0,36,36,3231,35.9,6,7,13,6,0,1,8,1,0.36,,,,,,,,,,,,,,,71,23,32.4,1.98,0.64,0.08,0.26,90,94.5,90.0,34,0,,0,1.5,60,51,9,0.25,-0.23,0,42,30,2,206,29,32,0
2543,Alexander Sørloth,no NOR,FW,Atlético Madrid,es La Liga,29.0,1995.0,35,20,1980,22.0,13,0,13,13,0,0,4,1,0.59,,,,,,,,,,,,,,,68,35,51.5,3.09,1.59,0.19,0.37,57,57.9,76.0,9,15,31.0,0,1.8,35,27,8,0.36,-0.26,0,30,16,11,10,0,7,0
2545,Musa Al-Taamari,jo JOR,"MF,FW",Rennes,fr Ligue 1,28.0,1997.0,33,25,2212,24.6,6,6,12,6,0,0,4,0,0.49,,,,,,,,,,,,,,,64,23,35.9,2.6,0.94,0.09,0.26,67,72.3,79.0,4,8,31.0,0,1.79,45,32,13,0.53,0.95,0,16,27,26,86,11,16,0
2546,Haris Tabakovic,ba BIH,FW,Gladbach,de Bundesliga,31.0,1994.0,32,28,2382,26.5,13,3,16,13,0,2,5,0,0.6,,,,,,,,,,,,,,,67,27,40.3,2.53,1.02,0.19,0.48,74,77.8,81.0,10,4,29.0,0,1.19,36,34,2,0.08,1.8,0,48,20,27,2,0,6,0
2547,Nicolás Tagliafico,ar ARG,DF,Lyon,fr Ligue 1,32.0,1992.0,20,14,1310,14.6,0,3,3,0,0,0,5,2,0.21,,,,,,,,,,,,,,,15,1,6.7,1.03,0.07,0.0,0.0,66,42.8,85.0,8,6,20.0,6,1.55,21,15,6,0.41,0.05,1,36,33,2,20,17,14,0
2548,Jonathan Tah,de GER,DF,Bayern Munich,de Bundesliga,29.0,1996.0,28,23,2018,22.4,2,1,3,2,0,0,7,0,0.13,,,,,,,,,,,,,,,8,5,62.5,0.36,0.22,0.25,0.4,72,65.9,85.0,18,5,14.0,5,2.61,79,23,56,2.5,-0.09,0,26,6,0,1,25,18,0
2550,Chemsdine Talbi,ma MAR,"MF,FW",Sunderland,eng Premier League,20.0,2005.0,28,16,1561,17.3,4,1,5,4,0,0,0,0,0.29,,,,,,,,,,,,,,,25,10,40.0,1.44,0.58,0.16,0.4,56,45.6,78.0,2,12,26.0,3,1.46,23,14,9,0.52,1.25,0,5,1,2,50,3,6,0
2551,Montassar Talbi,tn TUN,DF,Lorient,fr Ligue 1,27.0,1998.0,29,29,2610,29.0,0,1,1,0,0,0,3,0,0.03,,,,,,,,,,,,,,,14,2,14.3,0.48,0.07,0.0,0.0,90,85.3,90.0,29,0,,0,1.41,43,44,-1,-0.03,0.37,0,7,13,0,5,27,19,0
2552,Adrien Tameze,cm CMR,DF,Torino,it Serie A,31.0,1994.0,24,12,1120,12.4,0,0,0,0,0,0,3,0,0.0,,,,,,,,,,,,,,,5,0,0.0,0.4,0.0,0.0,,47,32.7,77.0,5,12,17.0,13,1.13,13,26,-13,-1.04,-0.81,0,16,7,0,14,19,12,0
2553,Ao Tanaka,jp JPN,MF,Leeds United,eng Premier League,26.0,1998.0,28,14,1315,14.6,2,0,2,2,0,0,1,0,0.14,,,,,,,,,,,,,,,17,5,29.4,1.16,0.34,0.12,0.4,47,38.5,75.0,0,14,19.0,9,1.43,22,21,1,0.07,0.41,0,13,10,0,39,21,15,0
2556,Edmond Tapsoba,bf BFA,DF,Leverkusen,de Bundesliga,26.0,1999.0,29,29,2575,28.6,5,3,8,5,0,0,7,0,0.28,,,,,,,,,,,,,,,29,10,34.5,1.01,0.35,0.17,0.5,89,84.2,89.0,28,0,,0,1.79,60,38,22,0.77,0.95,0,31,2,2,13,21,15,0
2557,James Tarkowski,eng ENG,DF,Everton,eng Premier League,32.0,1992.0,37,37,3330,37.0,2,3,5,2,0,0,8,0,0.14,,,,,,,,,,,,,,,20,10,50.0,0.54,0.27,0.1,0.2,90,97.4,90.0,37,0,,0,1.32,47,48,-1,-0.03,1.97,0,32,35,2,7,29,30,0
2559,César Tárrega,es ESP,DF,Valencia,es La Liga,23.0,2002.0,32,29,2598,28.9,0,0,0,0,0,0,7,0,0.0,,,,,,,,,,,,,,,11,1,9.1,0.38,0.03,0.0,0.0,81,76.0,88.0,28,3,16.0,4,1.34,35,41,-6,-0.21,0.12,0,40,13,0,1,24,24,2
2560,Tylel Tati,fr FRA,DF,Nantes,fr Ligue 1,17.0,2008.0,20,20,1721,19.1,0,0,0,0,0,0,5,1,0.0,,,,,,,,,,,,,,,3,0,0.0,0.16,0.0,0.0,,86,56.2,86.0,17,0,,2,0.7,19,37,-18,-0.94,-0.61,0,25,15,0,1,14,13,0
2561,Nuno Tavares,pt POR,DF,Lazio,it Serie A,25.0,2000.0,23,17,1473,16.4,0,0,0,0,0,0,5,0,0.0,,,,,,,,,,,,,,,16,1,6.3,0.98,0.06,0.0,0.0,64,43.1,81.0,11,6,15.0,10,1.35,20,18,2,0.12,0.17,0,20,22,6,99,18,21,0
2562,Marcus Tavernier,eng ENG,MF,Bournemouth,eng Premier League,26.0,1999.0,34,31,2732,30.4,7,4,11,5,2,2,6,0,0.3,,,,,,,,,,,,,,,70,24,34.3,2.31,0.79,0.07,0.21,80,79.9,86.0,15,3,24.0,0,1.38,45,44,1,0.03,-0.36,0,31,35,4,114,16,21,0
2563,Kenneth Taylor,nl NED,MF,Lazio,it Serie A,23.0,2002.0,17,17,1394,15.5,3,2,5,3,0,0,5,0,0.32,,,,,,,,,,,,,,,16,6,37.5,1.03,0.39,0.19,0.5,82,40.8,82.0,8,0,,1,1.53,14,17,-3,-0.19,-0.37,0,17,13,1,9,9,11,0
2564,Loum Tchaouna,fr FRA,"MF,FW",Burnley,eng Premier League,21.0,2003.0,29,14,1272,14.1,2,1,3,2,0,0,2,0,0.21,,,,,,,,,,,,,,,23,9,39.1,1.63,0.64,0.09,0.22,44,37.2,71.0,2,15,18.0,9,0.41,13,24,-11,-0.78,0.31,0,12,16,1,34,2,9,0
2565,Jackson Tchatchoua,cm CMR,"MF,DF",Wolves,eng Premier League,23.0,2001.0,31,19,1845,20.5,0,1,1,0,0,0,3,0,0.05,,,,,,,,,,,,,,,3,1,33.3,0.15,0.05,0.0,0.0,60,53.9,82.0,14,12,24.0,6,0.55,17,37,-20,-0.98,0.22,0,8,9,2,90,14,15,0
2566,Aurélien Tchouaméni,fr FRA,MF,Real Madrid,es La Liga,25.0,2000.0,33,31,2615,29.1,1,0,1,1,0,0,8,0,0.03,,,,,,,,,,,,,,,45,7,15.6,1.55,0.24,0.02,0.14,79,76.5,83.0,20,2,16.0,1,2.33,57,26,31,1.07,-0.16,0,31,27,0,8,45,41,0
2567,Mathys Tel,fr FRA,"MF,FW",Tottenham Hotspur,eng Premier League,20.0,2005.0,31,13,1349,15.0,4,1,5,4,0,0,1,0,0.33,,,,,,,,,,,,,,,35,8,22.9,2.34,0.53,0.11,0.5,44,39.4,78.0,3,18,19.0,7,1.0,26,23,3,0.2,0.72,0,19,23,3,92,5,12,0
2569,Nahuel Tenaglia,ar ARG,DF,Alavés,es La Liga,29.0,1996.0,36,36,3239,36.0,2,0,2,2,0,0,3,0,0.06,,,,,,,,,,,,,,,24,8,33.3,0.67,0.22,0.08,0.25,90,94.7,90.0,35,0,,2,1.08,41,53,-12,-0.33,-0.33,0,31,42,5,17,47,43,0
2570,Arnau Tenas,es ESP,GK,Villarreal,es La Liga,24.0,2001.0,10,10,900,10.0,0,0,0,0,0,0,0,0,0.0,16.0,1.6,44.0,30.0,68.2,4.0,3.0,3.0,0.0,0.0,2.0,2.0,0.0,0.0,0,0,,0.0,0.0,,,90,26.3,90.0,10,0,,26,1.5,21,16,5,0.5,-0.25,0,0,1,0,0,0,1,0
2572,Filippo Terracciano,it ITA,DF,Cremonese,it Serie A,22.0,2003.0,36,33,3011,33.5,2,0,2,2,0,0,6,0,0.06,,,,,,,,,,,,,,,14,4,28.6,0.42,0.12,0.14,0.5,84,88.0,89.0,28,3,29.0,0,0.94,28,45,-17,-0.51,1.25,0,18,26,0,27,56,23,2
2574,Ramón Terrats,es ESP,MF,Espanyol,es La Liga,24.0,2000.0,29,12,1030,11.4,1,2,3,1,0,0,0,0,0.26,,,,,,,,,,,,,,,15,3,20.0,1.31,0.26,0.07,0.33,36,30.1,63.0,0,17,16.0,5,1.03,10,21,-11,-0.96,-0.92,0,15,22,1,30,11,13,0
2576,Tanner Tessmann,us USA,MF,Lyon,fr Ligue 1,23.0,2001.0,29,22,1953,21.7,1,0,1,1,0,0,2,0,0.05,,,,,,,,,,,,,,,26,8,30.8,1.2,0.37,0.04,0.13,67,63.8,82.0,14,7,21.0,0,1.86,32,21,11,0.51,0.34,0,21,19,3,17,13,21,0
2577,Kenny Tete,nl NED,DF,Fulham,eng Premier League,29.0,1995.0,22,21,1791,19.9,1,0,1,1,0,0,2,0,0.05,,,,,,,,,,,,,,,16,3,18.8,0.8,0.15,0.06,0.33,81,52.4,85.0,15,1,8.0,6,1.55,24,24,0,0.0,0.22,0,27,31,1,34,26,38,0
2578,Jordan Teze,nl NED,"MF,DF",Monaco,fr Ligue 1,25.0,1999.0,33,28,2489,27.7,1,2,3,1,0,0,8,0,0.11,,,,,,,,,,,,,,,14,5,35.7,0.51,0.18,0.07,0.2,75,81.3,83.0,18,5,35.0,1,1.55,52,44,8,0.29,0.6,0,32,25,3,64,30,45,0
2579,Florian Thauvin,fr FRA,MF,Lens,fr Ligue 1,32.0,1993.0,33,29,2443,27.1,11,6,17,9,2,3,6,0,0.55,,,,,,,,,,,,,,,74,27,36.5,2.73,0.99,0.12,0.33,74,79.8,80.0,6,4,31.0,0,2.03,53,27,26,0.96,0.23,0,19,34,8,202,11,17,0
2580,Arthur Theate,be BEL,DF,Eintracht Frankfurt,de Bundesliga,25.0,2000.0,24,24,2141,23.8,1,0,1,1,0,0,8,0,0.04,,,,,,,,,,,,,,,15,7,46.7,0.63,0.29,0.07,0.14,89,70.0,89.0,21,0,,4,1.29,46,52,-6,-0.25,-0.45,0,15,13,1,13,34,21,0
2581,Igor Thiago,br BRA,FW,Brentford,eng Premier League,24.0,2001.0,38,37,3282,36.5,22,1,23,14,8,9,7,0,0.41,,,,,,,,,,,,,,,84,43,51.2,2.3,1.18,0.17,0.33,86,96.0,88.0,30,1,31.0,0,1.39,52,49,3,0.08,0.08,0,74,26,24,19,12,21,0
2582,Malick Thiaw,de GER,DF,Newcastle United,eng Premier League,23.0,2001.0,35,33,2965,32.9,4,0,4,4,0,0,4,0,0.12,,,,,,,,,,,,,,,28,14,50.0,0.85,0.42,0.14,0.29,85,86.7,88.0,31,2,24.0,3,1.26,47,52,-5,-0.15,-0.75,0,24,11,2,9,30,34,0
2583,Jan Thielmann,de GER,"MF,FW",Köln,de Bundesliga,23.0,2002.0,26,20,1540,17.1,3,1,4,3,0,0,4,0,0.23,,,,,,,,,,,,,,,27,10,37.0,1.58,0.58,0.11,0.3,59,50.3,72.0,4,6,18.0,1,1.04,22,31,-9,-0.53,-0.23,0,11,23,4,36,13,12,0
2584,Adrien Thomasson,fr FRA,MF,Lens,fr Ligue 1,31.0,1993.0,32,31,2683,29.8,3,9,12,3,0,0,11,0,0.4,,,,,,,,,,,,,,,43,13,30.2,1.44,0.44,0.07,0.23,84,87.7,86.0,22,1,30.0,0,2.0,56,33,23,0.77,-1.14,0,54,43,4,121,20,56,0
2587,Kristian Thorstvedt,no NOR,MF,Sassuolo,it Serie A,26.0,1999.0,32,27,2460,27.3,4,4,8,4,0,0,9,0,0.29,,,,,,,,,,,,,,,43,13,30.2,1.57,0.48,0.09,0.31,77,71.9,86.0,24,5,26.0,0,1.5,39,36,3,0.11,0.77,0,34,57,1,13,31,20,0
2588,Khéphren Thuram,fr FRA,MF,Juventus,it Serie A,24.0,2001.0,35,30,2442,27.1,3,3,6,3,0,0,2,0,0.22,,,,,,,,,,,,,,,50,15,30.0,1.84,0.55,0.06,0.2,70,71.4,77.0,14,5,25.0,1,1.8,49,25,24,0.88,0.61,0,38,12,3,16,12,32,0
2589,Marcus Thuram,fr FRA,FW,Inter,it Serie A,27.0,1997.0,29,24,1900,21.1,13,6,19,13,0,0,2,0,0.9,,,,,,,,,,,,,,,74,29,39.2,3.51,1.37,0.18,0.45,66,55.6,75.0,6,5,22.0,2,2.41,47,19,28,1.33,-0.21,0,43,41,15,21,1,13,0
2590,Cheikh Tidiane Sabaly,sn SEN,"MF,FW",Metz,fr Ligue 1,26.0,1999.0,14,12,967,10.7,0,2,2,0,0,0,2,0,0.19,,,,,,,,,,,,,,,8,4,50.0,0.74,0.37,0.0,0.0,69,31.6,79.0,6,2,13.0,0,0.79,8,24,-16,-1.49,-0.29,0,14,16,5,14,3,13,0
2591,Youri Tielemans,be BEL,MF,Aston Villa,eng Premier League,28.0,1997.0,25,21,1862,20.7,0,4,4,0,0,0,0,0,0.19,,,,,,,,,,,,,,,24,7,29.2,1.16,0.34,0.0,0.0,74,54.4,85.0,14,4,21.0,0,1.88,32,27,5,0.24,0.13,0,25,40,1,45,16,39,0
2593,Phillip Tietz,de GER,FW,Mainz 05,de Bundesliga,28.0,1997.0,19,19,1610,17.9,5,2,7,5,0,1,2,0,0.39,,,,,,,,,,,,,,,46,21,45.7,2.57,1.17,0.11,0.24,85,52.6,85.0,9,0,,0,1.68,30,22,8,0.45,1.5,0,32,21,16,4,7,4,0
2594,Malik Tillman,us USA,MF,Leverkusen,de Bundesliga,23.0,2002.0,29,18,1674,18.6,6,1,7,6,0,0,2,0,0.38,,,,,,,,,,,,,,,34,13,38.2,1.83,0.7,0.18,0.46,58,54.7,79.0,7,11,22.0,0,1.79,31,25,6,0.32,-0.65,0,19,29,1,18,19,30,0
2595,Jurriën Timber,nl NED,DF,Arsenal,eng Premier League,24.0,2001.0,30,28,2454,27.3,3,5,8,3,0,0,5,0,0.29,,,,,,,,,,,,,,,25,7,28.0,0.92,0.26,0.12,0.43,82,71.8,85.0,23,2,34.0,0,2.23,51,20,31,1.14,-0.07,0,38,29,0,46,24,35,0
2596,Quinten Timber,nl NED,MF,Marseille,fr Ligue 1,24.0,2001.0,15,14,1105,12.3,0,0,0,0,0,0,4,0,0.0,,,,,,,,,,,,,,,10,2,20.0,0.81,0.16,0.0,0.0,74,36.1,78.0,4,1,9.0,0,1.6,14,16,-2,-0.16,-1.08,0,13,20,1,7,9,17,0
2597,Jean-Clair Todibo,fr FRA,DF,West Ham United,eng Premier League,25.0,1999.0,23,22,1814,20.2,0,1,1,0,0,0,5,1,0.05,,,,,,,,,,,,,,,2,0,0.0,0.1,0.0,0.0,,79,53.0,82.0,16,1,1.0,7,1.0,25,36,-11,-0.55,-0.1,0,9,3,1,2,16,24,0
2599,Corentin Tolisso,fr FRA,MF,Lyon,fr Ligue 1,30.0,1994.0,30,26,2302,25.6,11,4,15,9,2,3,4,0,0.51,,,,,,,,,,,,,,,54,27,50.0,2.11,1.06,0.17,0.33,77,75.2,84.0,17,4,31.0,0,1.6,42,32,10,0.39,0.03,0,42,55,3,49,17,18,0
2600,Jeremy Toljan,de GER,DF,Levante,es La Liga,30.0,1994.0,37,37,3164,35.2,1,4,5,1,0,0,8,0,0.14,,,,,,,,,,,,,,,9,1,11.1,0.26,0.03,0.11,1.0,86,92.5,86.0,28,0,,0,1.14,44,56,-12,-0.34,0.36,0,33,19,2,76,31,39,1
2601,Tiago Tomás,pt POR,"MF,FW",Stuttgart,de Bundesliga,23.0,2002.0,27,10,1020,11.3,5,3,8,5,0,0,4,0,0.71,,,,,,,,,,,,,,,35,10,28.6,3.09,0.88,0.14,0.5,38,33.3,70.0,0,17,19.0,0,1.81,27,23,4,0.35,-0.44,0,12,29,3,12,5,8,0
2602,Fikayo Tomori,eng ENG,DF,Milan,it Serie A,27.0,1997.0,33,31,2554,28.4,0,2,2,0,0,0,8,1,0.07,,,,,,,,,,,,,,,9,2,22.2,0.32,0.07,0.0,0.0,77,74.7,82.0,20,2,13.0,3,2.03,37,21,16,0.56,0.36,1,36,7,2,17,28,40,0
2603,Sandro Tonali,it ITA,MF,Newcastle United,eng Premier League,25.0,2000.0,35,31,2534,28.2,0,2,2,0,0,0,4,0,0.07,,,,,,,,,,,,,,,37,8,21.6,1.31,0.28,0.0,0.0,72,74.1,80.0,16,4,12.0,0,1.31,32,37,-5,-0.18,-0.48,0,24,42,1,95,28,25,0
2606,Pablo Torre,es ESP,"MF,FW",Mallorca,es La Liga,22.0,2003.0,35,19,1599,17.8,4,4,8,4,0,0,4,0,0.45,,,,,,,,,,,,,,,25,12,48.0,1.41,0.68,0.16,0.33,46,46.8,69.0,1,16,18.0,3,1.09,23,27,-4,-0.23,0.07,0,29,36,1,90,9,17,0
2608,Ferrán Torres,es ESP,FW,Barcelona,es La Liga,25.0,2000.0,33,23,1965,21.8,16,2,18,16,0,0,2,0,0.82,,,,,,,,,,,,,,,69,37,53.6,3.16,1.69,0.23,0.43,60,57.5,74.0,5,10,27.0,2,2.39,50,20,30,1.37,-0.42,0,13,20,12,3,4,6,0
2609,Pau Torres,es ESP,DF,Aston Villa,eng Premier League,28.0,1997.0,21,18,1676,18.6,0,0,0,0,0,0,1,0,0.0,,,,,,,,,,,,,,,9,1,11.1,0.48,0.05,0.0,0.0,80,49.0,88.0,15,3,31.0,11,1.9,28,19,9,0.48,0.59,0,7,5,0,4,11,14,1
2610,Lucas Torró,es ESP,MF,Osasuna,es La Liga,31.0,1994.0,34,31,2293,25.5,0,1,1,0,0,0,6,0,0.04,,,,,,,,,,,,,,,29,9,31.0,1.14,0.35,0.0,0.0,67,67.0,73.0,12,3,10.0,2,0.97,24,37,-13,-0.51,-1.07,0,40,27,0,2,30,19,0
2611,Jordan Torunarigha,de GER,DF,Hamburger SV,de Bundesliga,27.0,1997.0,24,21,1962,21.8,0,0,0,0,0,0,3,0,0.0,,,,,,,,,,,,,,,5,1,20.0,0.23,0.05,0.0,0.0,82,64.1,88.0,16,3,35.0,5,1.08,23,35,-12,-0.55,-0.39,0,19,13,0,3,30,22,0
2614,Alpha Touré,sn SEN,MF,Metz,fr Ligue 1,19.0,2006.0,30,16,1606,17.8,0,1,1,0,0,0,5,0,0.06,,,,,,,,,,,,,,,17,1,5.9,0.95,0.06,0.0,0.0,54,52.5,81.0,7,14,22.0,2,0.53,15,37,-22,-1.23,0.13,0,27,27,1,13,10,23,0
2615,Bazoumana Touré,ci CIV,"MF,FW",Hoffenheim,de Bundesliga,19.0,2006.0,30,29,2308,25.6,5,9,14,5,0,0,2,0,0.55,,,,,,,,,,,,,,,48,13,27.1,1.87,0.51,0.1,0.38,77,75.4,79.0,10,1,27.0,3,1.7,49,44,5,0.19,-0.76,0,44,29,8,118,6,22,0
2616,Idrissa Touré,de GER,MF,Pisa,it Serie A,27.0,1998.0,32,26,2279,25.3,1,0,1,1,0,0,4,1,0.04,,,,,,,,,,,,,,,29,8,27.6,1.15,0.32,0.03,0.13,71,66.6,83.0,19,6,19.0,4,0.53,17,46,-29,-1.15,0.12,0,23,19,5,67,25,28,0
2622,Mattéo Tramoni,fr FRA,"MF,FW",Pisa,it Serie A,25.0,2000.0,27,21,1600,17.8,2,2,4,1,1,1,3,0,0.17,,,,,,,,,,,,,,,28,9,32.1,1.58,0.51,0.04,0.11,59,46.8,71.0,4,6,19.0,6,0.56,15,35,-20,-1.13,0.11,0,16,15,2,68,15,21,0
2626,Boubacar Traoré,ml MLI,MF,Metz,fr Ligue 1,23.0,2001.0,20,16,1387,15.4,1,0,1,1,0,0,4,0,0.06,,,,,,,,,,,,,,,19,3,15.8,1.23,0.19,0.05,0.33,69,45.3,82.0,6,4,19.0,0,0.5,13,32,-19,-1.23,0.11,0,32,5,0,2,15,26,0
2627,Hamari Traoré,ml MLI,DF,Paris FC,fr Ligue 1,33.0,1992.0,18,14,1150,12.8,0,1,1,0,0,0,4,0,0.08,,,,,,,,,,,,,,,4,0,0.0,0.31,0.0,0.0,,64,37.6,78.0,6,4,14.0,1,1.28,19,17,2,0.16,0.39,0,21,6,1,27,18,22,0
2628,Omar Traoré,de GER,"DF,MF",Heidenheim,de Bundesliga,27.0,1998.0,26,16,1501,16.7,0,2,2,0,0,0,2,0,0.12,,,,,,,,,,,,,,,10,2,20.0,0.6,0.12,0.0,0.0,58,49.1,78.0,8,10,26.0,7,0.65,21,41,-20,-1.2,-0.56,0,22,19,2,37,17,11,0
2629,Kevin Trapp,de GER,GK,Paris FC,fr Ligue 1,35.0,1990.0,22,22,1980,22.0,0,0,0,0,0,0,2,0,0.0,29.0,1.32,80.0,56.0,71.3,8.0,8.0,6.0,7.0,31.8,8.0,6.0,1.0,1.0,0,0,,0.0,0.0,,,90,64.7,90.0,22,0,,11,1.45,29,29,0,0.0,0.25,0,0,6,0,0,1,0,0
2633,Philipp Treu,de GER,"DF,MF",Freiburg,de Bundesliga,24.0,2000.0,28,24,2186,24.3,1,2,3,1,0,0,2,0,0.12,,,,,,,,,,,,,,,17,5,29.4,0.7,0.21,0.06,0.2,78,71.4,87.0,18,4,27.0,4,1.32,33,38,-5,-0.21,-0.1,0,20,37,2,32,7,27,0
2634,Christopher Trimmel,at AUT,"MF,DF",Union Berlin,de Bundesliga,38.0,1987.0,29,22,1861,20.7,0,3,3,0,0,0,8,0,0.15,,,,,,,,,,,,,,,5,1,20.0,0.24,0.05,0.0,0.0,64,60.8,75.0,6,7,30.0,4,1.24,29,31,-2,-0.1,0.8,0,27,9,0,177,10,24,0
2635,Kieran Trippier,eng ENG,DF,Newcastle United,eng Premier League,34.0,1990.0,21,18,1586,17.6,0,1,1,0,0,0,3,0,0.06,,,,,,,,,,,,,,,2,0,0.0,0.11,0.0,0.0,,76,46.4,84.0,11,3,23.0,8,1.05,22,27,-5,-0.28,-0.43,0,22,19,1,96,7,13,0
2636,Mariano Troilo,ar ARG,DF,Parma,it Serie A,22.0,2003.0,21,18,1625,18.1,1,0,1,1,0,0,8,2,0.06,,,,,,,,,,,,,,,9,2,22.2,0.5,0.11,0.11,0.5,77,47.5,85.0,14,3,31.0,12,1.09,14,26,-12,-0.66,-0.36,1,27,20,1,1,16,18,0
2637,Leandro Trossard,be BEL,"FW,MF",Arsenal,eng Premier League,30.0,1994.0,31,21,2000,22.2,6,6,12,6,0,0,2,0,0.54,,,,,,,,,,,,,,,53,15,28.3,2.39,0.68,0.11,0.4,65,58.5,81.0,5,10,30.0,3,2.23,42,15,27,1.22,0.14,0,13,39,5,58,9,15,0
2638,Adrien Truffert,fr FRA,DF,Bournemouth,eng Premier League,23.0,2001.0,38,38,3379,37.5,1,5,6,1,0,0,5,0,0.16,,,,,,,,,,,,,,,16,6,37.5,0.43,0.16,0.06,0.17,89,98.8,89.0,36,0,,0,1.5,58,51,7,0.19,6.77,0,39,32,0,142,43,51,0
2640,Heorhii Tsitaishvili,ge GEO,"MF,DF",Metz,fr Ligue 1,24.0,2000.0,33,28,2449,27.2,3,2,5,3,0,0,3,0,0.18,,,,,,,,,,,,,,,31,8,25.8,1.14,0.29,0.1,0.38,74,80.0,84.0,16,5,19.0,0,0.48,25,59,-34,-1.25,0.22,0,23,36,6,160,14,12,0
2641,Viktor Tsyhankov,ua UKR,"MF,FW",Girona,es La Liga,27.0,1997.0,32,31,2630,29.2,6,5,11,6,0,0,3,0,0.38,,,,,,,,,,,,,,,51,21,41.2,1.75,0.72,0.12,0.29,82,76.9,84.0,18,1,28.0,0,1.09,29,39,-10,-0.34,0.34,0,22,35,5,120,21,22,0
2642,Axel Tuanzebe,cd COD,DF,Burnley,eng Premier League,27.0,1997.0,14,14,1201,13.3,1,0,1,1,0,0,1,0,0.07,,,,,,,,,,,,,,,2,1,50.0,0.15,0.07,0.5,1.0,86,35.1,86.0,12,0,,0,0.71,16,26,-10,-0.75,0.35,0,13,2,1,1,12,8,1
2643,Kareem Tunde,es ESP,MF,Levante,es La Liga,19.0,2005.0,21,17,1133,12.6,0,1,1,0,0,0,3,0,0.08,,,,,,,,,,,,,,,21,3,14.3,1.67,0.24,0.0,0.0,54,33.1,64.0,2,4,11.0,0,1.38,15,20,-5,-0.4,-0.04,0,16,24,1,11,14,11,0
2645,Beñat Turrientes,es ESP,MF,Real Sociedad,es La Liga,23.0,2002.0,27,16,1348,15.0,0,3,3,0,0,0,7,0,0.2,,,,,,,,,,,,,,,20,6,30.0,1.34,0.4,0.0,0.0,50,39.4,70.0,4,11,21.0,10,1.33,24,21,3,0.2,0.42,0,28,23,0,9,9,23,0
2649,Destiny Udogie,it ITA,"DF,MF",Tottenham Hotspur,eng Premier League,22.0,2002.0,20,14,1339,14.9,0,1,1,0,0,0,4,0,0.07,,,,,,,,,,,,,,,4,1,25.0,0.27,0.07,0.0,0.0,67,39.2,83.0,7,6,29.0,1,1.0,18,25,-7,-0.47,-0.38,0,17,22,3,27,7,20,0
2650,Matthieu Udol,fr FRA,"MF,DF",Lens,fr Ligue 1,29.0,1996.0,34,33,3002,33.4,1,7,8,1,0,0,2,0,0.24,,,,,,,,,,,,,,,47,17,36.2,1.41,0.51,0.02,0.06,88,98.1,90.0,30,1,45.0,0,2.06,62,35,27,0.81,-5.4,0,30,27,2,115,51,21,0
2652,Lesley Ugochukwu,fr FRA,MF,Burnley,eng Premier League,21.0,2004.0,35,27,2336,26.0,3,1,4,3,0,0,3,1,0.15,,,,,,,,,,,,,,,23,8,34.8,0.89,0.31,0.13,0.38,67,68.3,78.0,5,8,29.0,2,0.6,28,50,-22,-0.85,0.4,1,28,30,1,7,17,26,0
2653,Filip Ugrinic,ch SUI,MF,Valencia,es La Liga,26.0,1999.0,27,17,1504,16.7,0,3,3,0,0,0,3,0,0.18,,,,,,,,,,,,,,,20,3,15.0,1.2,0.18,0.0,0.0,56,44.0,74.0,3,10,24.0,4,1.3,18,24,-6,-0.36,-0.22,0,17,13,6,56,11,16,0
2654,Lukas Ullrich,de GER,"DF,MF",Gladbach,de Bundesliga,21.0,2004.0,23,14,1305,14.5,0,0,0,0,0,0,2,0,0.0,,,,,,,,,,,,,,,10,2,20.0,0.69,0.14,0.0,0.0,57,42.6,79.0,5,9,22.0,11,0.78,19,29,-10,-0.69,-0.64,0,17,11,1,38,21,17,0
2657,Deniz Undav,de GER,"FW,MF",Stuttgart,de Bundesliga,29.0,1996.0,29,25,2241,24.9,19,7,26,19,0,1,5,0,1.04,,,,,,,,,,,,,,,124,46,37.1,4.98,1.85,0.15,0.41,77,73.2,84.0,13,4,36.0,0,1.83,55,36,19,0.76,0.43,0,32,23,25,16,4,14,0
2658,Dayot Upamecano,fr FRA,DF,Bayern Munich,de Bundesliga,26.0,1998.0,24,21,1794,19.9,1,1,2,1,0,0,4,0,0.1,,,,,,,,,,,,,,,8,2,25.0,0.4,0.1,0.13,0.5,75,58.6,81.0,13,3,30.0,7,2.75,77,19,58,2.91,0.92,0,15,5,0,7,21,26,0
2660,Jonas Urbig,de GER,GK,Bayern Munich,de Bundesliga,21.0,2003.0,14,11,1111,12.3,0,0,0,0,0,0,0,0,0.0,15.0,1.22,46.0,32.0,69.6,9.0,1.0,1.0,6.0,54.5,2.0,1.0,0.0,1.0,0,0,,0.0,0.0,,,79,36.3,90.0,11,3,40.0,17,2.64,40,15,25,2.03,-0.79,0,0,2,0,0,0,0,0
2661,Can Uzun,tr TUR,MF,Eintracht Frankfurt,de Bundesliga,19.0,2005.0,21,15,1156,12.8,8,4,12,7,1,1,3,0,0.86,,,,,,,,,,,,,,,41,19,46.3,3.19,1.48,0.17,0.37,55,37.8,68.0,2,6,23.0,2,1.19,28,27,1,0.08,0.31,0,15,26,0,24,3,9,0
2662,Josha Vagnoman,de GER,"DF,MF",Stuttgart,de Bundesliga,24.0,2000.0,27,18,1587,17.6,1,3,4,1,0,0,3,0,0.23,,,,,,,,,,,,,,,19,11,57.9,1.08,0.62,0.05,0.09,59,51.9,84.0,11,9,9.0,4,1.78,32,29,3,0.17,-0.99,0,17,16,1,33,3,19,0
2665,Lautaro Valenti,ar ARG,DF,Parma,it Serie A,26.0,1999.0,27,25,2252,25.0,0,0,0,0,0,0,7,0,0.0,,,,,,,,,,,,,,,17,4,23.5,0.68,0.16,0.0,0.0,83,65.8,87.0,23,2,39.0,4,1.15,19,31,-12,-0.48,-0.02,0,25,17,0,20,26,30,0
2666,Óscar Valentín,es ESP,MF,Rayo Vallecano,es La Liga,30.0,1994.0,33,26,2109,23.4,1,0,1,1,0,0,3,1,0.04,,,,,,,,,,,,,,,13,4,30.8,0.55,0.17,0.08,0.25,64,61.7,76.0,11,7,19.0,4,1.39,19,19,0,0.0,0.21,0,31,22,0,3,29,43,0
2667,Nicolás Valentini,ar ARG,DF,Hellas Verona,it Serie A,24.0,2001.0,21,15,1409,15.7,0,0,0,0,0,0,8,1,0.0,,,,,,,,,,,,,,,16,7,43.8,1.02,0.45,0.0,0.0,67,41.2,86.0,13,6,21.0,6,0.71,10,22,-12,-0.77,0.31,1,30,7,1,15,16,18,0
2668,Germán Valera,es ESP,"MF,DF",Elche,es La Liga,23.0,2002.0,36,33,2857,31.7,4,5,9,4,0,0,4,1,0.28,,,,,,,,,,,,,,,28,8,28.6,0.88,0.25,0.14,0.5,79,83.5,85.0,17,3,20.0,0,1.17,41,48,-7,-0.22,-0.06,0,40,70,4,104,23,40,0
2669,Emanuele Valeri,it ITA,"MF,DF",Parma,it Serie A,26.0,1998.0,34,29,2643,29.4,0,2,2,0,0,0,2,0,0.07,,,,,,,,,,,,,,,23,5,21.7,0.78,0.17,0.0,0.0,78,77.3,86.0,23,5,29.0,0,1.26,21,32,-11,-0.37,0.44,0,23,26,3,234,20,32,0
2670,Martin Valjent,sk SVK,DF,Mallorca,es La Liga,29.0,1995.0,37,37,3308,36.8,0,0,0,0,0,0,6,0,0.0,,,,,,,,,,,,,,,17,8,47.1,0.46,0.22,0.0,0.0,89,96.7,89.0,36,0,,0,1.05,44,56,-12,-0.33,-1.93,0,36,12,0,2,24,33,0
2671,Álex Valle,es ESP,DF,Como,it Serie A,21.0,2004.0,28,23,2026,22.5,1,4,5,1,0,0,3,0,0.22,,,,,,,,,,,,,,,11,2,18.2,0.49,0.09,0.09,0.5,72,59.2,84.0,18,5,17.0,8,1.82,34,17,17,0.76,-0.47,0,34,19,1,45,24,31,0
2672,Álvaro Vallés,es ESP,GK,Real Betis,es La Liga,28.0,1997.0,28,28,2520,28.0,0,0,0,0,0,0,1,0,0.0,36.0,1.29,118.0,87.0,72.9,10.0,13.0,5.0,8.0,28.6,6.0,4.0,1.0,1.0,0,0,,0.0,0.0,,,90,73.7,90.0,28,0,,10,1.54,44,36,8,0.29,-0.01,0,0,4,0,0,1,0,0
2673,Federico Valverde,uy URU,"MF,DF",Real Madrid,es La Liga,27.0,1998.0,33,31,2740,30.4,5,8,13,5,0,0,3,1,0.43,,,,,,,,,,,,,,,51,22,43.1,1.68,0.72,0.1,0.23,83,80.1,86.0,23,2,40.0,0,2.33,66,28,38,1.25,0.72,0,18,14,1,30,25,25,0
2674,Ignace Van Der Brempt,be BEL,DF,Como,it Serie A,23.0,2002.0,20,11,931,10.3,0,1,1,0,0,0,2,0,0.1,,,,,,,,,,,,,,,3,0,0.0,0.29,0.0,0.0,,47,27.2,74.0,4,9,13.0,14,2.1,20,10,10,0.97,0.03,0,19,15,1,11,8,14,0
2675,Virgil van Dijk,nl NED,DF,Liverpool,eng Premier League,34.0,1991.0,38,38,3420,38.0,6,0,6,6,0,0,4,0,0.16,,,,,,,,,,,,,,,30,14,46.7,0.79,0.37,0.2,0.43,90,100.0,90.0,38,0,,0,1.58,63,53,10,0.26,,0,19,18,1,1,26,15,0
2676,Vladyslav Vanat,ua UKR,FW,Girona,es La Liga,23.0,2002.0,27,27,1942,21.6,9,1,10,6,3,3,4,0,0.32,,,,,,,,,,,,,,,27,18,66.7,1.25,0.83,0.22,0.33,72,56.8,72.0,7,0,,0,1.37,21,26,-5,-0.23,0.44,0,28,17,20,5,3,3,0
2677,Jari Vandeputte,be BEL,MF,Cremonese,it Serie A,29.0,1996.0,32,23,1944,21.6,1,5,6,1,0,0,3,0,0.28,,,,,,,,,,,,,,,20,8,40.0,0.93,0.37,0.05,0.13,61,56.8,72.0,6,9,32.0,3,1.03,18,28,-10,-0.46,0.45,0,34,25,1,162,18,21,0
2679,Maarten Vandevoordt,be BEL,GK,RB Leipzig,de Bundesliga,23.0,2002.0,12,11,1052,11.7,0,0,0,0,0,0,0,0,0.0,15.0,1.28,44.0,30.0,65.9,8.0,1.0,2.0,2.0,18.2,1.0,0.0,1.0,0.0,0,0,,0.0,0.0,,,88,34.4,90.0,11,1,62.0,22,2.17,25,15,10,0.86,0.45,0,0,1,0,0,0,0,0
2680,Charles Vanhoutte,be BEL,MF,Nice,fr Ligue 1,26.0,1998.0,26,21,1772,19.7,0,2,2,0,0,0,7,0,0.1,,,,,,,,,,,,,,,5,1,20.0,0.25,0.05,0.0,0.0,68,57.9,81.0,10,5,15.0,3,1.04,23,33,-10,-0.51,0.4,0,35,8,0,13,21,28,0
2681,Jamie Vardy,eng ENG,FW,Cremonese,it Serie A,38.0,1987.0,29,24,2105,23.4,7,2,9,7,0,0,5,0,0.38,,,,,,,,,,,,,,,30,14,46.7,1.28,0.6,0.23,0.5,73,61.5,82.0,15,5,29.0,1,0.86,19,32,-13,-0.56,0.27,0,19,21,23,14,3,10,0
2683,Ruben Vargas,ch SUI,"MF,FW",Sevilla,es La Liga,26.0,1998.0,24,20,1594,17.7,3,6,9,2,1,1,2,0,0.45,,,,,,,,,,,,,,,41,8,19.5,2.31,0.45,0.05,0.25,66,46.6,74.0,2,4,28.0,0,1.17,18,27,-9,-0.51,-0.26,0,13,17,7,90,7,15,0
2684,Nikola Vasilj,ba BIH,GK,St Pauli,de Bundesliga,29.0,1995.0,34,34,3060,34.0,0,0,0,0,0,0,0,0,0.0,60.0,1.76,178.0,123.0,68.0,6.0,8.0,20.0,5.0,14.7,6.0,3.0,2.0,1.0,0,0,,0.0,0.0,,,90,100.0,90.0,34,0,,0,0.76,29,60,-31,-0.91,,0,0,1,0,0,1,1,1
2685,Johan Vásquez,mx MEX,DF,Genoa,it Serie A,26.0,1998.0,36,36,3215,35.7,1,0,1,1,0,0,2,0,0.03,,,,,,,,,,,,,,,24,6,25.0,0.67,0.17,0.04,0.17,89,94.0,89.0,34,0,,2,1.11,39,49,-10,-0.28,-0.28,0,23,46,1,24,46,38,0
2687,Denis Vavro,sk SVK,DF,Wolfsburg,de Bundesliga,29.0,1996.0,17,13,1176,13.1,1,0,1,1,0,0,2,0,0.08,,,,,,,,,,,,,,,12,5,41.7,0.92,0.38,0.08,0.2,69,38.4,89.0,11,4,5.0,8,0.94,16,27,-11,-0.84,-0.22,0,9,5,0,4,14,5,0
2688,José Luis García Vayá,es ESP,"MF,DF",Valencia,es La Liga,26.0,1998.0,31,26,2225,24.7,2,0,2,1,1,3,4,0,0.04,,,,,,,,,,,,,,,24,3,12.5,0.97,0.12,0.04,0.33,72,65.1,82.0,12,5,20.0,7,1.29,24,34,-10,-0.4,-0.48,0,30,14,1,46,19,33,0
2692,Jesus Vazquez,es ESP,"DF,MF",Valencia,es La Liga,22.0,2003.0,24,7,974,10.8,0,0,0,0,0,0,2,0,0.0,,,,,,,,,,,,,,,8,2,25.0,0.74,0.18,0.0,0.0,41,28.5,87.0,5,17,21.0,14,1.38,21,18,3,0.28,0.72,0,16,8,2,26,4,10,0
2694,Luis Vázquez,ar ARG,FW,Getafe,es La Liga,24.0,2001.0,17,14,1194,13.3,3,1,4,3,0,0,2,0,0.3,,,,,,,,,,,,,,,25,9,36.0,1.88,0.68,0.12,0.33,70,34.9,77.0,2,3,37.0,1,1.59,12,7,5,0.38,0.82,0,21,32,17,2,4,3,0
2697,Danilo Veiga,pt POR,DF,Lecce,it Serie A,22.0,2002.0,36,33,3020,33.6,0,1,1,0,0,0,9,0,0.03,,,,,,,,,,,,,,,6,2,33.3,0.18,0.06,0.0,0.0,84,88.3,88.0,29,3,41.0,1,1.06,25,42,-17,-0.51,0.62,0,46,47,1,89,32,53,0
2698,Renato Veiga,pt POR,DF,Villarreal,es La Liga,22.0,2003.0,32,27,2481,27.6,0,0,0,0,0,0,5,1,0.0,,,,,,,,,,,,,,,9,3,33.3,0.33,0.11,0.0,0.0,78,72.5,88.0,26,5,21.0,3,1.84,50,37,13,0.47,-0.77,0,24,6,3,2,26,9,0
2699,Joël Veltman,nl NED,DF,Brighton,eng Premier League,33.0,1992.0,24,9,1057,11.7,1,0,1,1,0,0,5,0,0.09,,,,,,,,,,,,,,,4,1,25.0,0.34,0.09,0.25,1.0,44,30.9,83.0,7,15,21.0,9,1.75,18,12,6,0.51,0.51,0,10,22,2,18,19,17,0
2700,Micky van de Ven,nl NED,DF,Tottenham Hotspur,eng Premier League,24.0,2001.0,35,35,3041,33.8,4,1,5,4,0,0,9,1,0.15,,,,,,,,,,,,,,,16,6,37.5,0.47,0.18,0.25,0.67,87,88.9,87.0,32,0,,1,1.09,43,47,-4,-0.12,1.07,0,28,22,2,3,21,20,0
2705,Bart Verbruggen,nl NED,GK,Brighton,eng Premier League,22.0,2002.0,38,38,3420,38.0,0,0,0,0,0,0,3,0,0.0,46.0,1.21,145.0,103.0,71.7,14.0,11.0,13.0,10.0,26.3,6.0,5.0,1.0,0.0,0,0,,0.0,0.0,,,90,100.0,90.0,38,0,,0,1.39,52,46,6,0.16,,0,2,2,0,0,0,1,1
2712,Guglielmo Vicario,it ITA,GK,Tottenham Hotspur,eng Premier League,28.0,1996.0,31,31,2790,31.0,0,0,0,0,0,0,1,0,0.0,50.0,1.61,131.0,83.0,63.4,7.0,9.0,15.0,7.0,22.6,2.0,2.0,0.0,0.0,0,0,,0.0,0.0,,,90,81.6,90.0,31,0,,2,0.97,40,50,-10,-0.32,-0.47,0,0,3,0,0,0,1,0
2713,Carlos Vicente,es ESP,MF,Alavés,es La Liga,26.0,1999.0,21,11,1258,14.0,5,0,5,2,3,3,1,0,0.14,,,,,,,,,,,,,,,12,6,50.0,0.86,0.43,0.17,0.33,60,36.8,79.0,6,10,39.0,0,1.05,12,19,-7,-0.5,-0.29,0,12,42,10,128,7,18,0
2714,Nacho Vidal,es ESP,DF,Oviedo,es La Liga,30.0,1995.0,29,27,2263,25.1,0,0,0,0,0,0,4,0,0.0,,,,,,,,,,,,,,,15,3,20.0,0.6,0.12,0.0,0.0,78,66.2,83.0,16,2,16.0,2,0.79,18,32,-14,-0.56,1.0,0,24,27,1,40,29,30,0
2715,Fabio Vieira,pt POR,"MF,FW",Hamburger SV,de Bundesliga,25.0,2000.0,29,25,2206,24.5,7,5,12,6,1,1,4,2,0.45,,,,,,,,,,,,,,,59,19,32.2,2.41,0.78,0.1,0.32,76,72.1,84.0,10,4,24.0,0,1.14,29,36,-7,-0.29,0.45,1,18,44,1,59,15,9,0
2718,Federico Viñas,uy URU,"FW,MF",Oviedo,es La Liga,27.0,1998.0,33,28,2439,27.1,9,1,10,7,2,2,7,3,0.3,,,,,,,,,,,,,,,57,21,36.8,2.1,0.77,0.12,0.33,74,71.3,83.0,12,5,26.0,0,0.85,20,38,-18,-0.66,0.8,1,46,69,13,3,13,32,0
2719,Jan Virgili,es ESP,"MF,FW",Mallorca,es La Liga,19.0,2006.0,31,19,1792,19.9,2,4,6,2,0,0,0,1,0.3,,,,,,,,,,,,,,,32,16,50.0,1.61,0.8,0.06,0.13,58,52.4,79.0,5,12,24.0,0,1.13,28,31,-3,-0.15,0.24,0,22,24,2,47,7,10,0
2721,Martin Vitík,cz CZE,DF,Bologna,it Serie A,22.0,2003.0,19,14,1325,14.7,0,0,0,0,0,0,3,0,0.0,,,,,,,,,,,,,,,8,2,25.0,0.54,0.14,0.0,0.0,70,38.7,81.0,11,5,37.0,13,1.58,17,18,-1,-0.07,-0.24,0,23,4,0,2,8,22,0
2722,Vitinha,pt POR,"FW,MF",Genoa,it Serie A,25.0,2000.0,35,28,2226,24.7,5,1,6,5,0,0,5,0,0.24,,,,,,,,,,,,,,,65,20,30.8,2.63,0.81,0.08,0.25,64,65.1,75.0,5,7,17.0,2,1.06,26,34,-8,-0.32,-0.17,0,33,68,14,67,14,32,0
2723,Vitinha,pt POR,MF,Paris Saint-Germain,fr Ligue 1,25.0,2000.0,29,24,2119,23.5,1,7,8,1,0,0,2,0,0.34,,,,,,,,,,,,,,,34,10,29.4,1.44,0.42,0.03,0.1,73,69.2,81.0,18,5,35.0,2,2.24,50,19,31,1.32,-0.02,0,14,21,0,21,26,20,0
2724,Daniel Vivian,es ESP,DF,Athletic Club,es La Liga,26.0,1999.0,31,28,2564,28.5,1,0,1,1,0,0,8,1,0.04,,,,,,,,,,,,,,,17,6,35.3,0.6,0.21,0.06,0.17,83,75.0,87.0,26,3,40.0,1,1.06,28,44,-16,-0.56,-0.67,0,38,17,1,11,34,38,0
2725,Odysseas Vlachodimos,gr GRE,GK,Sevilla,es La Liga,31.0,1994.0,33,33,2970,33.0,0,0,0,0,0,0,1,0,0.0,52.0,1.58,131.0,88.0,66.4,11.0,6.0,16.0,5.0,15.2,10.0,8.0,1.0,1.0,0,0,,0.0,0.0,,,90,86.8,90.0,33,0,,3,1.18,39,52,-13,-0.39,-0.19,0,0,2,0,0,1,0,0
2726,Dušan Vlahović,rs SRB,FW,Juventus,it Serie A,25.0,2000.0,19,11,968,10.8,7,1,8,6,1,1,0,0,0.65,,,,,,,,,,,,,,,49,18,36.7,4.56,1.67,0.12,0.33,51,28.3,73.0,2,8,21.0,1,1.58,16,12,4,0.37,-0.47,0,9,18,9,3,2,3,0
2727,Nikola Vlašić,hr CRO,"MF,FW",Torino,it Serie A,27.0,1997.0,37,36,3043,33.8,8,3,11,3,5,5,7,0,0.18,,,,,,,,,,,,,,,49,17,34.7,1.45,0.5,0.06,0.18,82,89.0,84.0,23,1,33.0,0,1.19,37,57,-20,-0.59,-0.83,0,44,45,4,48,22,39,0
2728,Mërgim Vojvoda,xk KVX,"MF,DF",Como,it Serie A,30.0,1995.0,30,19,1591,17.7,2,2,4,2,0,0,2,0,0.23,,,,,,,,,,,,,,,18,7,38.9,1.02,0.4,0.11,0.29,53,46.5,69.0,4,11,26.0,7,1.9,33,14,19,1.07,0.24,0,15,12,5,66,14,4,0
2729,Cristian Volpato,it ITA,FW,Sassuolo,it Serie A,21.0,2003.0,24,11,1064,11.8,2,4,6,2,0,0,4,0,0.51,,,,,,,,,,,,,,,21,7,33.3,1.78,0.59,0.1,0.29,44,31.1,70.0,0,13,23.0,8,1.33,19,14,5,0.42,0.77,0,19,11,0,49,6,11,0
2730,Alexis Vossah,fr FRA,MF,Toulouse,fr Ligue 1,17.0,2008.0,23,12,1092,12.1,1,1,2,1,0,0,5,1,0.16,,,,,,,,,,,,,,,9,2,22.2,0.74,0.16,0.11,0.5,47,35.7,73.0,2,11,20.0,7,1.39,22,15,7,0.58,0.85,0,18,10,0,6,7,7,0
2734,Luka Vušković,hr CRO,DF,Hamburger SV,de Bundesliga,18.0,2007.0,28,27,2442,27.1,6,0,6,5,1,1,6,0,0.18,,,,,,,,,,,,,,,32,10,31.3,1.18,0.37,0.16,0.5,87,79.8,90.0,26,1,13.0,1,1.29,35,41,-6,-0.22,0.94,0,29,32,1,2,40,17,0
2736,Elye Wahi,ci CIV,FW,Nice,fr Ligue 1,22.0,2003.0,14,11,922,10.2,5,1,6,4,1,1,5,0,0.49,,,,,,,,,,,,,,,23,15,65.2,2.25,1.46,0.17,0.27,66,30.1,76.0,2,3,30.0,0,0.93,11,15,-4,-0.39,0.41,0,21,5,20,9,2,4,0
2738,Hauke Wahl,de GER,DF,St Pauli,de Bundesliga,31.0,1994.0,30,29,2592,28.8,2,1,3,2,0,0,1,0,0.1,,,,,,,,,,,,,,,10,4,40.0,0.35,0.14,0.2,0.5,86,84.7,88.0,28,1,27.0,0,0.77,25,47,-22,-0.76,0.97,0,11,13,4,12,31,32,0
2740,Kyle Walker,eng ENG,"DF,MF",Burnley,eng Premier League,35.0,1990.0,36,35,3096,34.4,0,2,2,0,0,0,9,0,0.06,,,,,,,,,,,,,,,4,0,0.0,0.12,0.0,0.0,,86,90.5,88.0,32,1,9.0,1,0.61,31,66,-35,-1.02,-0.46,0,32,22,1,37,43,32,0
2741,Kyle Walker-Peters,eng ENG,DF,West Ham United,eng Premier League,28.0,1997.0,23,15,1383,15.4,1,0,1,1,0,0,2,0,0.07,,,,,,,,,,,,,,,5,3,60.0,0.33,0.2,0.2,0.33,60,40.4,85.0,12,8,14.0,15,1.13,20,25,-5,-0.33,0.29,0,12,25,1,20,9,30,0
2742,Sebastian Walukiewicz,pl POL,DF,Sassuolo,it Serie A,25.0,2000.0,34,33,2852,31.7,0,1,1,0,0,0,7,0,0.03,,,,,,,,,,,,,,,7,0,0.0,0.22,0.0,0.0,,84,83.4,86.0,27,1,22.0,0,1.35,37,40,-3,-0.09,0.06,0,35,13,1,45,23,34,0
2743,Aaron Wan-Bissaka,cd COD,"DF,MF",West Ham United,eng Premier League,27.0,1997.0,25,23,2081,23.1,0,2,2,0,0,0,4,0,0.09,,,,,,,,,,,,,,,0,0,,0.0,0.0,,,83,60.8,87.0,19,2,36.0,5,0.96,27,43,-16,-0.69,-0.49,0,23,12,1,43,41,24,0
2746,Ollie Watkins,eng ENG,FW,Aston Villa,eng Premier League,29.0,1995.0,37,33,2839,31.5,16,3,19,16,0,0,4,0,0.6,,,,,,,,,,,,,,,83,38,45.8,2.63,1.2,0.19,0.42,77,83.0,82.0,13,4,33.0,0,1.76,48,38,10,0.32,0.78,0,35,32,25,7,5,14,0
2748,Timothy Weah,us USA,"MF,DF",Marseille,fr Ligue 1,25.0,2000.0,29,26,2253,25.0,2,2,4,2,0,0,5,0,0.16,,,,,,,,,,,,,,,29,10,34.5,1.16,0.4,0.07,0.2,78,73.6,82.0,15,3,37.0,1,1.69,47,34,13,0.52,-0.04,0,32,18,1,62,15,35,0
2752,Danny Welbeck,eng ENG,FW,Brighton,eng Premier League,34.0,1990.0,37,26,2258,25.1,13,1,14,12,1,3,5,0,0.52,,,,,,,,,,,,,,,56,28,50.0,2.23,1.12,0.21,0.43,61,66.0,79.0,7,11,18.0,0,1.41,33,28,5,0.2,0.12,0,31,10,5,3,8,14,0
2755,Wesley,br BRA,MF,Roma,it Serie A,21.0,2003.0,30,28,2448,27.2,5,0,5,5,0,0,7,2,0.18,,,,,,,,,,,,,,,25,13,52.0,0.92,0.48,0.2,0.38,82,71.6,85.0,17,2,37.0,0,2.0,47,17,30,1.1,1.29,1,36,57,2,95,23,40,0
2756,Adam Wharton,eng ENG,MF,Crystal Palace,eng Premier League,21.0,2004.0,34,29,2552,28.4,1,5,6,1,0,0,6,1,0.21,,,,,,,,,,,,,,,32,6,18.8,1.13,0.21,0.03,0.17,75,74.6,83.0,15,5,30.0,0,1.15,33,43,-10,-0.35,-0.35,1,35,31,0,86,27,36,0
2758,Silvan Widmer,ch SUI,MF,Mainz 05,de Bundesliga,32.0,1993.0,27,22,1810,20.1,2,1,3,2,0,0,5,0,0.15,,,,,,,,,,,,,,,20,4,20.0,0.99,0.2,0.1,0.5,67,59.2,78.0,6,5,19.0,5,1.37,29,26,3,0.15,1.01,0,15,11,4,37,18,27,0
2759,Mats Wieffer,nl NED,DF,Brighton,eng Premier League,25.0,1999.0,26,23,1903,21.1,2,3,5,2,0,0,8,0,0.24,,,,,,,,,,,,,,,18,6,33.3,0.85,0.28,0.11,0.33,73,55.6,79.0,14,3,29.0,0,1.54,31,26,5,0.24,0.18,0,30,22,2,17,24,43,0
2760,Iñaki Williams,gh GHA,"MF,FW",Athletic Club,es La Liga,31.0,1994.0,30,25,2157,24.0,3,6,9,2,1,1,2,0,0.33,,,,,,,,,,,,,,,57,20,35.1,2.38,0.83,0.04,0.1,72,63.1,78.0,10,5,39.0,0,1.2,25,34,-9,-0.38,0.05,0,28,23,10,67,8,9,0
2761,Neco Williams,wls WAL,DF,Nottingham Forest,eng Premier League,24.0,2001.0,37,36,3204,35.6,2,3,5,2,0,0,6,1,0.14,,,,,,,,,,,,,,,46,19,41.3,1.29,0.53,0.04,0.11,87,93.7,88.0,33,1,46.0,0,1.19,45,47,-2,-0.06,0.36,0,29,52,4,143,46,61,0
2762,Nico Williams,es ESP,MF,Athletic Club,es La Liga,23.0,2002.0,25,20,1674,18.6,6,3,9,5,1,2,2,0,0.43,,,,,,,,,,,,,,,46,16,34.8,2.47,0.86,0.11,0.31,67,48.9,74.0,2,5,40.0,0,1.32,24,27,-3,-0.16,0.46,0,26,29,7,76,7,9,0
2764,Joe Willock,eng ENG,MF,Newcastle United,eng Premier League,25.0,1999.0,24,10,983,10.9,0,2,2,0,0,0,3,0,0.18,,,,,,,,,,,,,,,17,6,35.3,1.56,0.55,0.0,0.0,41,28.7,70.0,1,14,20.0,13,1.46,13,18,-5,-0.46,-0.57,0,16,11,2,16,7,15,0
2765,Callum Wilson,eng ENG,FW,West Ham United,eng Premier League,33.0,1992.0,32,11,1251,13.9,7,1,8,7,0,0,1,0,0.58,,,,,,,,,,,,,,,38,16,42.1,2.73,1.15,0.18,0.44,39,36.6,69.0,2,21,23.0,5,1.16,23,24,-1,-0.07,0.67,0,12,14,9,5,3,2,0
2766,Harry Wilson,wls WAL,MF,Fulham,eng Premier League,28.0,1997.0,36,32,2673,29.7,10,7,17,10,0,0,7,0,0.57,,,,,,,,,,,,,,,78,25,32.1,2.63,0.84,0.13,0.4,74,78.2,81.0,8,4,23.0,0,1.44,40,38,2,0.07,0.79,0,13,37,13,115,16,19,0
2767,Patrick Wimmer,at AUT,MF,Wolfsburg,de Bundesliga,24.0,2001.0,25,21,1621,18.0,4,3,7,4,0,0,4,0,0.39,,,,,,,,,,,,,,,24,8,33.3,1.33,0.44,0.17,0.5,65,53.0,73.0,3,4,24.0,0,1.0,27,32,-5,-0.28,0.91,0,28,33,2,25,23,20,0
2770,Florian Wirtz,de GER,MF,Liverpool,eng Premier League,22.0,2003.0,33,27,2378,26.4,5,3,8,5,0,0,1,0,0.3,,,,,,,,,,,,,,,51,18,35.3,1.93,0.68,0.1,0.28,72,69.5,82.0,9,6,27.0,0,1.61,38,32,6,0.23,-0.12,0,22,19,2,32,12,26,0
2772,Axel Witsel,be BEL,MF,Girona,es La Liga,36.0,1989.0,32,30,2526,28.1,1,2,3,1,0,0,2,1,0.11,,,,,,,,,,,,,,,20,5,25.0,0.71,0.18,0.05,0.2,79,73.9,82.0,21,2,28.0,1,1.03,31,41,-10,-0.36,0.25,1,34,37,1,1,30,24,0
2774,Marius Wolf,de GER,MF,Augsburg,de Bundesliga,30.0,1995.0,29,12,1019,11.3,1,1,2,1,0,0,4,0,0.18,,,,,,,,,,,,,,,14,5,35.7,1.24,0.44,0.07,0.2,35,33.3,64.0,1,17,15.0,4,1.17,17,19,-2,-0.18,0.44,0,10,2,11,43,13,10,0
2776,Nick Woltemade,de GER,"FW,MF",Newcastle United,eng Premier League,23.0,2002.0,33,24,1902,21.1,8,3,11,7,1,1,0,0,0.47,,,,,,,,,,,,,,,32,13,40.6,1.51,0.62,0.22,0.54,58,55.6,73.0,3,9,16.0,1,1.24,31,29,2,0.09,0.33,0,20,20,8,3,5,13,1
2777,Jeong Woo-yeong,kr KOR,"MF,FW",Union Berlin,de Bundesliga,25.0,1999.0,28,13,1197,13.3,4,1,5,4,0,0,0,0,0.38,,,,,,,,,,,,,,,22,8,36.4,1.65,0.6,0.18,0.5,43,39.1,69.0,2,15,20.0,2,1.21,16,22,-6,-0.45,-0.06,0,13,20,4,31,8,7,0
2778,Chris Wood,nz NZL,FW,Nottingham Forest,eng Premier League,33.0,1991.0,15,11,901,10.0,3,0,3,3,0,0,0,0,0.3,,,,,,,,,,,,,,,23,9,39.1,2.3,0.9,0.13,0.33,60,26.3,74.0,0,4,22.0,0,1.13,14,14,0,0.0,0.11,0,6,6,4,1,1,1,0
2783,Granit Xhaka,ch SUI,MF,Sunderland,eng Premier League,32.0,1992.0,34,32,2904,32.3,1,6,7,1,0,0,8,0,0.22,,,,,,,,,,,,,,,21,5,23.8,0.65,0.15,0.05,0.2,85,84.9,89.0,30,2,29.0,0,1.5,38,39,-1,-0.03,0.84,0,23,40,0,99,29,33,0
2784,Lamine Yamal,es ESP,"MF,FW",Barcelona,es La Liga,18.0,2007.0,28,26,2262,25.1,16,11,27,13,3,4,1,0,0.95,,,,,,,,,,,,,,,117,37,31.6,4.66,1.47,0.11,0.35,81,66.1,85.0,16,2,29.0,0,2.61,62,23,39,1.55,0.0,0,28,52,14,77,8,20,0
2787,Yehor Yarmoliuk,ua UKR,MF,Brentford,eng Premier League,21.0,2004.0,37,30,2659,29.5,1,2,3,1,0,0,7,0,0.1,,,,,,,,,,,,,,,16,4,25.0,0.54,0.14,0.06,0.25,72,77.7,83.0,15,7,26.0,0,1.41,42,42,0,0.0,-0.35,0,37,12,1,30,28,46,0
2790,Terry Yegbe,gh GHA,DF,Metz,fr Ligue 1,24.0,2001.0,24,22,1963,21.8,0,1,1,0,0,0,3,0,0.05,,,,,,,,,,,,,,,6,2,33.3,0.28,0.09,0.0,0.0,82,64.2,87.0,18,2,30.0,8,0.58,24,51,-27,-1.24,0.16,0,19,8,0,5,22,7,0
2792,Kenan Yıldız,tr TUR,"MF,FW",Juventus,it Serie A,20.0,2005.0,36,33,2825,31.4,10,6,16,9,1,2,2,0,0.48,,,,,,,,,,,,,,,97,40,41.2,3.09,1.27,0.09,0.23,78,82.6,83.0,12,3,25.0,1,1.81,49,26,23,0.73,0.13,0,23,56,7,122,7,14,0
2793,Darlin Yongwa,cm CMR,"DF,MF",Lorient,fr Ligue 1,24.0,2000.0,23,14,1312,14.6,0,1,1,0,0,0,4,1,0.07,,,,,,,,,,,,,,,10,2,20.0,0.69,0.14,0.0,0.0,57,42.9,84.0,12,9,15.0,4,1.04,18,20,-2,-0.14,-0.09,0,14,22,1,38,11,24,0
2794,Leny Yoro,fr FRA,DF,Manchester Utd,eng Premier League,19.0,2005.0,32,18,1740,19.3,0,0,0,0,0,0,1,0,0.0,,,,,,,,,,,,,,,9,3,33.3,0.47,0.16,0.0,0.0,54,50.9,82.0,9,14,20.0,5,1.72,28,33,-5,-0.26,-1.54,0,17,5,2,3,31,20,0
2795,Ali Yousuf,ly LBY,DF,Nantes,fr Ligue 1,24.0,2001.0,13,10,969,10.8,0,0,0,0,0,0,4,0,0.0,,,,,,,,,,,,,,,6,1,16.7,0.56,0.09,0.0,0.0,75,31.7,89.0,9,3,27.0,3,0.69,6,15,-9,-0.84,-0.23,0,11,11,0,1,18,7,0
2797,Illia Zabarnyi,ua UKR,DF,Paris Saint-Germain,fr Ligue 1,22.0,2002.0,28,26,2387,26.5,1,0,1,1,0,0,6,0,0.04,,,,,,,,,,,,,,,4,3,75.0,0.15,0.11,0.25,0.33,85,78.0,89.0,25,2,34.0,4,2.25,57,25,32,1.21,-0.53,0,18,8,0,0,20,20,0
2799,Mattia Zaccagni,it ITA,FW,Lazio,it Serie A,30.0,1995.0,26,26,2104,23.4,3,0,3,3,0,1,6,1,0.13,,,,,,,,,,,,,,,34,14,41.2,1.45,0.6,0.09,0.21,81,61.5,81.0,15,0,,1,1.42,20,21,-1,-0.04,-0.18,0,30,82,6,55,20,21,0
2804,Warren Zaïre-Emery,fr FRA,"DF,MF",Paris Saint-Germain,fr Ligue 1,19.0,2006.0,32,27,2447,27.2,3,4,7,3,0,0,3,0,0.26,,,,,,,,,,,,,,,19,7,36.8,0.7,0.26,0.16,0.43,76,80.0,83.0,18,5,39.0,0,2.19,60,23,37,1.36,0.19,0,35,17,0,15,11,29,0
2805,Denis Zakaria,ch SUI,"DF,MF",Monaco,fr Ligue 1,28.0,1996.0,24,23,2031,22.6,2,1,3,2,0,0,4,1,0.13,,,,,,,,,,,,,,,18,3,16.7,0.8,0.13,0.11,0.67,85,66.4,88.0,19,1,12.0,0,1.67,40,32,8,0.35,0.53,0,26,7,0,11,45,25,1
2807,Nicola Zalewski,pl POL,MF,Atalanta,it Serie A,23.0,2002.0,33,24,1897,21.1,2,4,6,2,0,0,3,0,0.28,,,,,,,,,,,,,,,38,7,18.4,1.8,0.33,0.05,0.29,57,55.5,69.0,5,9,28.0,3,1.64,29,13,16,0.76,0.82,0,21,51,3,124,16,20,0
2808,Andre-Frank Zambo Anguissa,cm CMR,MF,Napoli,it Serie A,29.0,1995.0,18,14,1258,14.0,4,1,5,4,0,0,1,0,0.36,,,,,,,,,,,,,,,23,9,39.1,1.65,0.64,0.17,0.44,70,36.8,81.0,11,4,31.0,4,2.0,18,14,4,0.29,-0.46,0,18,18,0,15,13,14,0
2809,Nicolò Zaniolo,it ITA,"FW,MF",Udinese,it Serie A,26.0,1999.0,32,28,2257,25.1,5,6,11,5,0,0,8,0,0.44,,,,,,,,,,,,,,,72,22,30.6,2.87,0.88,0.07,0.23,71,66.0,77.0,10,4,23.0,0,1.34,29,27,2,0.08,0.47,0,61,61,6,120,4,21,0
2810,Alessandro Zanoli,it ITA,MF,Udinese,it Serie A,24.0,2000.0,19,16,1280,14.2,1,2,3,1,0,0,1,0,0.21,,,,,,,,,,,,,,,3,1,33.3,0.21,0.07,0.33,1.0,67,37.4,75.0,1,3,26.0,1,1.16,16,18,-2,-0.14,-0.1,0,16,5,1,40,7,18,0
2811,Duván Zapata,co COL,FW,Torino,it Serie A,34.0,1991.0,28,11,1103,12.3,3,1,4,3,0,1,0,0,0.33,,,,,,,,,,,,,,,34,15,44.1,2.77,1.22,0.09,0.2,39,32.3,66.0,1,17,22.0,5,1.18,21,22,-1,-0.08,0.62,0,15,24,7,8,1,2,0
2812,Gabriele Zappa,it ITA,"DF,MF",Cagliari,it Serie A,25.0,1999.0,31,18,1597,17.7,0,3,3,0,0,0,2,0,0.17,,,,,,,,,,,,,,,11,2,18.2,0.62,0.11,0.0,0.0,52,46.7,77.0,10,13,16.0,4,1.03,19,27,-8,-0.45,-0.2,0,13,5,0,37,18,17,0
2813,Davide Zappacosta,it ITA,MF,Atalanta,it Serie A,33.0,1992.0,35,30,2569,28.5,3,3,6,3,0,0,3,0,0.21,,,,,,,,,,,,,,,37,9,24.3,1.3,0.32,0.08,0.33,73,75.1,79.0,15,5,37.0,3,1.54,41,24,17,0.6,0.81,0,18,8,7,107,18,14,0
2815,Bryan Zaragoza,es ESP,"FW,MF",Celta Vigo,es La Liga,23.0,2001.0,19,13,1131,12.6,1,1,2,0,1,1,1,0,0.08,,,,,,,,,,,,,,,26,12,46.2,2.07,0.95,0.0,0.0,60,33.1,76.0,4,6,24.0,2,1.47,16,12,4,0.32,0.28,0,7,17,6,67,2,5,0
2818,Aaron Zehnter,de GER,"DF,MF",Wolfsburg,de Bundesliga,20.0,2004.0,20,17,1456,16.2,2,0,2,2,0,0,0,0,0.12,,,,,,,,,,,,,,,11,5,45.5,0.68,0.31,0.18,0.4,73,47.6,85.0,10,3,3.0,8,1.1,23,29,-6,-0.37,0.64,0,2,0,0,36,16,10,0
2819,Jordan Zemura,zw ZIM,"MF,DF",Udinese,it Serie A,25.0,1999.0,17,13,1127,12.5,0,1,1,0,0,0,3,0,0.08,,,,,,,,,,,,,,,5,1,20.0,0.4,0.08,0.0,0.0,66,33.0,81.0,8,4,19.0,8,1.12,14,16,-2,-0.16,-0.12,0,26,11,2,35,6,17,0
2821,Alessio Zerbin,it ITA,MF,Cremonese,it Serie A,26.0,1999.0,32,17,1646,18.3,0,3,3,0,0,0,1,0,0.16,,,,,,,,,,,,,,,21,7,33.3,1.15,0.38,0.0,0.0,51,48.1,73.0,3,15,27.0,2,0.88,11,24,-13,-0.71,-0.1,0,37,20,7,58,3,20,0
2822,Cedric Zesiger,ch SUI,DF,Augsburg,de Bundesliga,27.0,1998.0,27,20,1816,20.2,0,0,0,0,0,0,7,0,0.0,,,,,,,,,,,,,,,12,3,25.0,0.59,0.15,0.0,0.0,67,59.3,85.0,17,7,16.0,4,1.38,26,40,-14,-0.69,-0.55,0,18,16,0,34,17,24,1
2823,Michael Zetterer,de GER,GK,Eintracht Frankfurt,de Bundesliga,30.0,1995.0,22,21,1976,22.0,0,0,0,0,0,0,1,0,0.0,33.0,1.5,93.0,62.0,66.7,8.0,7.0,6.0,6.0,28.6,2.0,2.0,0.0,0.0,0,0,,0.0,0.0,,,90,64.6,90.0,21,1,86.0,12,1.55,34,33,1,0.05,0.46,0,0,6,0,0,1,1,0
2825,Piotr Zieliński,pl POL,MF,Inter,it Serie A,31.0,1994.0,34,22,2045,22.7,6,3,9,5,1,1,3,0,0.35,,,,,,,,,,,,,,,29,10,34.5,1.28,0.44,0.17,0.5,60,59.8,80.0,11,12,23.0,4,2.21,55,26,29,1.28,-0.36,0,18,18,0,23,7,19,1
2830,Budu Zivzivadze,ge GEO,FW,Heidenheim,de Bundesliga,31.0,1994.0,20,14,1142,12.7,6,0,6,6,0,0,2,1,0.47,,,,,,,,,,,,,,,28,14,50.0,2.21,1.1,0.21,0.43,57,37.3,70.0,3,6,28.0,0,0.7,19,30,-11,-0.87,0.07,0,15,13,8,6,1,10,0
2832,Nadir Zortea,it ITA,DF,Bologna,it Serie A,26.0,1999.0,32,16,1819,20.2,0,2,2,0,0,0,2,0,0.1,,,,,,,,,,,,,,,11,1,9.1,0.54,0.05,0.0,0.0,57,53.2,87.0,11,16,27.0,6,1.31,20,27,-7,-0.35,-0.91,0,28,17,1,67,20,17,0
2833,Yanis Zouaoui,dz ALG,"DF,MF",Le Havre,fr Ligue 1,27.0,1998.0,30,28,2338,26.0,1,1,2,0,1,1,7,0,0.04,,,,,,,,,,,,,,,16,5,31.3,0.62,0.19,0.0,0.0,78,76.4,82.0,14,2,25.0,0,0.93,24,37,-13,-0.5,-0.63,0,22,26,1,182,27,30,1
2834,Igor Zubeldia,es ESP,DF,Real Sociedad,es La Liga,28.0,1997.0,25,23,2082,23.1,0,1,1,0,0,0,9,0,0.04,,,,,,,,,,,,,,,6,1,16.7,0.26,0.04,0.0,0.0,83,60.9,88.0,22,2,25.0,3,1.28,34,37,-3,-0.13,-0.2,0,38,5,0,0,23,21,0
2835,Martín Zubimendi,es ESP,MF,Arsenal,eng Premier League,26.0,1999.0,38,34,2992,33.2,5,1,6,5,0,0,4,0,0.18,,,,,,,,,,,,,,,27,9,33.3,0.81,0.27,0.19,0.56,79,87.5,84.0,22,4,32.0,0,2.24,57,25,32,0.96,-1.56,0,33,15,1,13,39,39,0
2836,Martin Ødegaard,no NOR,MF,Arsenal,eng Premier League,26.0,1998.0,24,16,1369,15.2,1,6,7,1,0,0,0,0,0.46,,,,,,,,,,,,,,,22,8,36.4,1.45,0.53,0.05,0.13,57,40.0,72.0,7,8,26.0,1,2.17,29,13,16,1.05,-0.18,0,9,9,2,22,7,9,0
